npm warn cli npm v11.13.0 does not support Node.js v18.19.1. This version of npm supports the following node versions: `^20.17.0 || >=22.9.0`. You can find the latest version at https://nodejs.org/.

--- Iniciando Transação Cross-Chain (LINK): Amoy -> Fuji ---
Usuário enviando: 0.001 LINK

[1/3] Aprovando LINK na Amoy para o Notary...
Aprovação concluída! Tx: 0xd1b931695940a6413c22f359690203e005c9467f435af84231f8f59541315d96
Gas Used: 47177
Gas Price: 30.000000063 Gwei
Transaction Fee: 0.001415310002972151 POL

[2/3] Depositando LINK no Notary da Amoy...
Depósito realizado com sucesso! ID do Depósito gerado: 12
Gas Used: 62957
Gas Price: 30.000000063 Gwei
Transaction Fee: 0.001888710003966291 POL

[3/3] Nó validador executando a ponte na Fuji...
Execução concluída! Tx: 0x8239d43ed1e5f7c7db109476ad56df993a1b14720bb60b22622f97affa13fa8d
Gas Used: 78455
Gas Price: 0.00000016 Gwei
Transaction Fee: 0.0000000000125528 AVAX
Saldo na Fuji ANTES: 5.507 LINK
Saldo na Fuji DEPOIS: 5.508 LINK

--- Resumo de gás (fluxo cross-chain completo) ---
┌─────────┬────────────────────────┬─────────┬───────────────┬────────────────┬────────────────────┬────────────────────────┬─────────────┬──────────────────────────────────────────────────────────────────────┐
│ (index) │          step          │ gasUsed │  gasPriceWei  │  gasPriceGwei  │ transactionFeeWei  │     transactionFee     │ nativeToken │                                txHash                                │
├─────────┼────────────────────────┼─────────┼───────────────┼────────────────┼────────────────────┼────────────────────────┼─────────────┼──────────────────────────────────────────────────────────────────────┤
│    0    │    'approve (Amoy)'    │ '47177' │ '30000000063' │ '30.000000063' │ '1415310002972151' │ '0.001415310002972151' │    'POL'    │ '0xd1b931695940a6413c22f359690203e005c9467f435af84231f8f59541315d96' │
│    1    │    'deposit (Amoy)'    │ '62957' │ '30000000063' │ '30.000000063' │ '1888710003966291' │ '0.001888710003966291' │    'POL'    │ '0x04337e7f17bf5179966c5557c2430eef03fbd8945083a2430bbf2f565ebe5544' │
│    2    │ 'executeBridge (Fuji)' │ '78455' │     '160'     │  '0.00000016'  │     '12552800'     │  '0.0000000000125528'  │   'AVAX'    │ '0x8239d43ed1e5f7c7db109476ad56df993a1b14720bb60b22622f97affa13fa8d' │
└─────────┴────────────────────────┴─────────┴───────────────┴────────────────┴────────────────────┴────────────────────────┴─────────────┴──────────────────────────────────────────────────────────────────────┘

💾 [LOGGER] Dados da transação salvos em: logs/testnet_logs.json
npm warn cli npm v11.13.0 does not support Node.js v18.19.1. This version of npm supports the following node versions: `^20.17.0 || >=22.9.0`. You can find the latest version at https://nodejs.org/.

--- Iniciando Transação Cross-Chain (LINK): Amoy -> Fuji ---
Usuário enviando: 0.001 LINK

[1/3] Aprovando LINK na Amoy para o Notary...
Aprovação concluída! Tx: 0x7861f522334e794851a7d8a65b9938d94f9e4d9fbaabc98d6361c3c289d068e9
Gas Used: 47177
Gas Price: 33.000000069 Gwei
Transaction Fee: 0.001556841003255213 POL

[2/3] Depositando LINK no Notary da Amoy...
Depósito realizado com sucesso! ID do Depósito gerado: 13
Gas Used: 62957
Gas Price: 33.000000069 Gwei
Transaction Fee: 0.002077581004344033 POL

[3/3] Nó validador executando a ponte na Fuji...
Execução concluída! Tx: 0xcb4679acf3b18a74d1f926899eec086ec21bdcb2674d57dc54134cbc9de0b9de
Gas Used: 78455
Gas Price: 0.00000016 Gwei
Transaction Fee: 0.0000000000125528 AVAX
Saldo na Fuji ANTES: 5.507 LINK
Saldo na Fuji DEPOIS: 5.508 LINK

--- Resumo de gás (fluxo cross-chain completo) ---
┌─────────┬────────────────────────┬─────────┬───────────────┬────────────────┬────────────────────┬────────────────────────┬─────────────┬──────────────────────────────────────────────────────────────────────┐
│ (index) │          step          │ gasUsed │  gasPriceWei  │  gasPriceGwei  │ transactionFeeWei  │     transactionFee     │ nativeToken │                                txHash                                │
├─────────┼────────────────────────┼─────────┼───────────────┼────────────────┼────────────────────┼────────────────────────┼─────────────┼──────────────────────────────────────────────────────────────────────┤
│    0    │    'approve (Amoy)'    │ '47177' │ '33000000069' │ '33.000000069' │ '1556841003255213' │ '0.001556841003255213' │    'POL'    │ '0x7861f522334e794851a7d8a65b9938d94f9e4d9fbaabc98d6361c3c289d068e9' │
│    1    │    'deposit (Amoy)'    │ '62957' │ '33000000069' │ '33.000000069' │ '2077581004344033' │ '0.002077581004344033' │    'POL'    │ '0x712c64c9595c25e9045999e59dae8f2aba7db0b31ee2a95b2c601bc60ab1a79d' │
│    2    │ 'executeBridge (Fuji)' │ '78455' │     '160'     │  '0.00000016'  │     '12552800'     │  '0.0000000000125528'  │   'AVAX'    │ '0xcb4679acf3b18a74d1f926899eec086ec21bdcb2674d57dc54134cbc9de0b9de' │
└─────────┴────────────────────────┴─────────┴───────────────┴────────────────┴────────────────────┴────────────────────────┴─────────────┴──────────────────────────────────────────────────────────────────────┘

💾 [LOGGER] Dados da transação salvos em: logs/testnet_logs.json
npm warn cli npm v11.13.0 does not support Node.js v18.19.1. This version of npm supports the following node versions: `^20.17.0 || >=22.9.0`. You can find the latest version at https://nodejs.org/.

--- Iniciando Transação Cross-Chain (LINK): Amoy -> Fuji ---
Usuário enviando: 0.001 LINK

[1/3] Aprovando LINK na Amoy para o Notary...
Aprovação concluída! Tx: 0x384805a8ab8d4840a4d43765316ca5c98c2428baa592b9ff9b44b0f0dffc321d
Gas Used: 47177
Gas Price: 36.796126713 Gwei
Transaction Fee: 0.001735930869939201 POL

[2/3] Depositando LINK no Notary da Amoy...
Depósito realizado com sucesso! ID do Depósito gerado: 14
Gas Used: 62957
Gas Price: 36.796126713 Gwei
Transaction Fee: 0.002316573749470341 POL

[3/3] Nó validador executando a ponte na Fuji...
Execução concluída! Tx: 0xdbc98fc7b51c9cfb212b2bcf6720d50cb8d6d5820b2b3f907a410d1d3974e44b
Gas Used: 78455
Gas Price: 0.00000016 Gwei
Transaction Fee: 0.0000000000125528 AVAX
Saldo na Fuji ANTES: 5.507 LINK
Saldo na Fuji DEPOIS: 5.508 LINK

--- Resumo de gás (fluxo cross-chain completo) ---
┌─────────┬────────────────────────┬─────────┬───────────────┬────────────────┬────────────────────┬────────────────────────┬─────────────┬──────────────────────────────────────────────────────────────────────┐
│ (index) │          step          │ gasUsed │  gasPriceWei  │  gasPriceGwei  │ transactionFeeWei  │     transactionFee     │ nativeToken │                                txHash                                │
├─────────┼────────────────────────┼─────────┼───────────────┼────────────────┼────────────────────┼────────────────────────┼─────────────┼──────────────────────────────────────────────────────────────────────┤
│    0    │    'approve (Amoy)'    │ '47177' │ '36796126713' │ '36.796126713' │ '1735930869939201' │ '0.001735930869939201' │    'POL'    │ '0x384805a8ab8d4840a4d43765316ca5c98c2428baa592b9ff9b44b0f0dffc321d' │
│    1    │    'deposit (Amoy)'    │ '62957' │ '36796126713' │ '36.796126713' │ '2316573749470341' │ '0.002316573749470341' │    'POL'    │ '0xe6ac1af1478713b90b79a0916bd198c631134da5984cf7af5149807f2e6d46eb' │
│    2    │ 'executeBridge (Fuji)' │ '78455' │     '160'     │  '0.00000016'  │     '12552800'     │  '0.0000000000125528'  │   'AVAX'    │ '0xdbc98fc7b51c9cfb212b2bcf6720d50cb8d6d5820b2b3f907a410d1d3974e44b' │
└─────────┴────────────────────────┴─────────┴───────────────┴────────────────┴────────────────────┴────────────────────────┴─────────────┴──────────────────────────────────────────────────────────────────────┘

💾 [LOGGER] Dados da transação salvos em: logs/testnet_logs.json
npm warn cli npm v11.13.0 does not support Node.js v18.19.1. This version of npm supports the following node versions: `^20.17.0 || >=22.9.0`. You can find the latest version at https://nodejs.org/.

--- Iniciando Transação Cross-Chain (LINK): Amoy -> Fuji ---
Usuário enviando: 0.001 LINK

[1/3] Aprovando LINK na Amoy para o Notary...
Aprovação concluída! Tx: 0x99cf4516f2dbac8d37efe720ed66ef8d463a2402f3f5a3e206cefea6d5f651cc
Gas Used: 47177
Gas Price: 33.000000069 Gwei
Transaction Fee: 0.001556841003255213 POL

[2/3] Depositando LINK no Notary da Amoy...
Depósito realizado com sucesso! ID do Depósito gerado: 15
Gas Used: 62957
Gas Price: 33.000000069 Gwei
Transaction Fee: 0.002077581004344033 POL

[3/3] Nó validador executando a ponte na Fuji...
Execução concluída! Tx: 0xaea5e9001a7ab3852959e0e929e7dc53e173c832bde0df03b1538605f6c18baa
Gas Used: 78455
Gas Price: 0.00000016 Gwei
Transaction Fee: 0.0000000000125528 AVAX
Saldo na Fuji ANTES: 5.507 LINK
Saldo na Fuji DEPOIS: 5.508 LINK

--- Resumo de gás (fluxo cross-chain completo) ---
┌─────────┬────────────────────────┬─────────┬───────────────┬────────────────┬────────────────────┬────────────────────────┬─────────────┬──────────────────────────────────────────────────────────────────────┐
│ (index) │          step          │ gasUsed │  gasPriceWei  │  gasPriceGwei  │ transactionFeeWei  │     transactionFee     │ nativeToken │                                txHash                                │
├─────────┼────────────────────────┼─────────┼───────────────┼────────────────┼────────────────────┼────────────────────────┼─────────────┼──────────────────────────────────────────────────────────────────────┤
│    0    │    'approve (Amoy)'    │ '47177' │ '33000000069' │ '33.000000069' │ '1556841003255213' │ '0.001556841003255213' │    'POL'    │ '0x99cf4516f2dbac8d37efe720ed66ef8d463a2402f3f5a3e206cefea6d5f651cc' │
│    1    │    'deposit (Amoy)'    │ '62957' │ '33000000069' │ '33.000000069' │ '2077581004344033' │ '0.002077581004344033' │    'POL'    │ '0xb0d56dc8e76f4ddc7b133cb6e69f27601adfa37dbda699098407de3e6785b786' │
│    2    │ 'executeBridge (Fuji)' │ '78455' │     '160'     │  '0.00000016'  │     '12552800'     │  '0.0000000000125528'  │   'AVAX'    │ '0xaea5e9001a7ab3852959e0e929e7dc53e173c832bde0df03b1538605f6c18baa' │
└─────────┴────────────────────────┴─────────┴───────────────┴────────────────┴────────────────────┴────────────────────────┴─────────────┴──────────────────────────────────────────────────────────────────────┘

💾 [LOGGER] Dados da transação salvos em: logs/testnet_logs.json
npm warn cli npm v11.13.0 does not support Node.js v18.19.1. This version of npm supports the following node versions: `^20.17.0 || >=22.9.0`. You can find the latest version at https://nodejs.org/.

--- Iniciando Transação Cross-Chain (LINK): Amoy -> Fuji ---
Usuário enviando: 0.001 LINK

[1/3] Aprovando LINK na Amoy para o Notary...
Aprovação concluída! Tx: 0x969635beb1b24057b0f78c94468f1df57b07fc1a38ff4911bd9066921da3c796
Gas Used: 47177
Gas Price: 32.000000063 Gwei
Transaction Fee: 0.001509664002972151 POL

[2/3] Depositando LINK no Notary da Amoy...
Depósito realizado com sucesso! ID do Depósito gerado: 16
Gas Used: 62957
Gas Price: 32.000000063 Gwei
Transaction Fee: 0.002014624003966291 POL

[3/3] Nó validador executando a ponte na Fuji...
Execução concluída! Tx: 0xb4465bbfb682ee19ef1d91e850746b185724e3c3dabdfd515fc50802758fd1ca
Gas Used: 78455
Gas Price: 0.00000016 Gwei
Transaction Fee: 0.0000000000125528 AVAX
Saldo na Fuji ANTES: 5.507 LINK
Saldo na Fuji DEPOIS: 5.508 LINK

--- Resumo de gás (fluxo cross-chain completo) ---
┌─────────┬────────────────────────┬─────────┬───────────────┬────────────────┬────────────────────┬────────────────────────┬─────────────┬──────────────────────────────────────────────────────────────────────┐
│ (index) │          step          │ gasUsed │  gasPriceWei  │  gasPriceGwei  │ transactionFeeWei  │     transactionFee     │ nativeToken │                                txHash                                │
├─────────┼────────────────────────┼─────────┼───────────────┼────────────────┼────────────────────┼────────────────────────┼─────────────┼──────────────────────────────────────────────────────────────────────┤
│    0    │    'approve (Amoy)'    │ '47177' │ '32000000063' │ '32.000000063' │ '1509664002972151' │ '0.001509664002972151' │    'POL'    │ '0x969635beb1b24057b0f78c94468f1df57b07fc1a38ff4911bd9066921da3c796' │
│    1    │    'deposit (Amoy)'    │ '62957' │ '32000000063' │ '32.000000063' │ '2014624003966291' │ '0.002014624003966291' │    'POL'    │ '0x20eb556291dbc6d47b068246e2aada78567866089d7474cb23ac12e2e558276c' │
│    2    │ 'executeBridge (Fuji)' │ '78455' │     '160'     │  '0.00000016'  │     '12552800'     │  '0.0000000000125528'  │   'AVAX'    │ '0xb4465bbfb682ee19ef1d91e850746b185724e3c3dabdfd515fc50802758fd1ca' │
└─────────┴────────────────────────┴─────────┴───────────────┴────────────────┴────────────────────┴────────────────────────┴─────────────┴──────────────────────────────────────────────────────────────────────┘

💾 [LOGGER] Dados da transação salvos em: logs/testnet_logs.json
npm warn cli npm v11.13.0 does not support Node.js v18.19.1. This version of npm supports the following node versions: `^20.17.0 || >=22.9.0`. You can find the latest version at https://nodejs.org/.

--- Iniciando Transação Cross-Chain (LINK): Amoy -> Fuji ---
Usuário enviando: 0.001 LINK

[1/3] Aprovando LINK na Amoy para o Notary...
Aprovação concluída! Tx: 0x250e654ce2168472cf71a8a4f41bcbfec2199b9992f1eb22289a14789d2eaba8
Gas Used: 47177
Gas Price: 32.000000063 Gwei
Transaction Fee: 0.001509664002972151 POL

[2/3] Depositando LINK no Notary da Amoy...
Error: execution reverted: "ERC20: insufficient allowance" (action="estimateGas", data="0x08c379a00000000000000000000000000000000000000000000000000000000000000020000000000000000000000000000000000000000000000000000000000000001d45524332303a20696e73756666696369656e7420616c6c6f77616e6365000000", reason="ERC20: insufficient allowance", transaction={ "data": "0x0193e5f9000000000000000000000000cab0ef91bee323d1a617c0a027ee753afd6997e400000000000000000000000000000000000000000000000000038d7ea4c6800000000000000000000000000000000000000000000000000000000000000000800000000000000000000000009519d6907a1d682555ccad7d4d4405ff27b874e4000000000000000000000000000000000000000000000000000000000000000446756a6900000000000000000000000000000000000000000000000000000000", "from": "0x9519D6907a1d682555Ccad7d4D4405fF27B874e4", "to": "0xE5E932587bc1bE6BD7b0c0fA65c64038C7a08BC8" }, invocation=null, revert={ "args": [ "ERC20: insufficient allowance" ], "name": "Error", "signature": "Error(string)" }, code=CALL_EXCEPTION, version=6.14.3)
    at makeError (/home/josecarlos/codigos/Notary-Mechanism/node_modules/ethers/src.ts/utils/errors.ts:698:21)
    at getBuiltinCallException (/home/josecarlos/codigos/Notary-Mechanism/node_modules/ethers/src.ts/abi/abi-coder.ts:118:21)
    at Function.getBuiltinCallException (/home/josecarlos/codigos/Notary-Mechanism/node_modules/ethers/src.ts/abi/abi-coder.ts:235:16)
    at JsonRpcProvider.getRpcError (/home/josecarlos/codigos/Notary-Mechanism/node_modules/ethers/src.ts/providers/provider-jsonrpc.ts:1016:32)
    at /home/josecarlos/codigos/Notary-Mechanism/node_modules/ethers/src.ts/providers/provider-jsonrpc.ts:571:45
    at processTicksAndRejections (node:internal/process/task_queues:95:5) {
  code: 'CALL_EXCEPTION',
  action: 'estimateGas',
  data: '0x08c379a00000000000000000000000000000000000000000000000000000000000000020000000000000000000000000000000000000000000000000000000000000001d45524332303a20696e73756666696369656e7420616c6c6f77616e6365000000',
  reason: 'ERC20: insufficient allowance',
  transaction: {
    to: '0xE5E932587bc1bE6BD7b0c0fA65c64038C7a08BC8',
    data: '0x0193e5f9000000000000000000000000cab0ef91bee323d1a617c0a027ee753afd6997e400000000000000000000000000000000000000000000000000038d7ea4c6800000000000000000000000000000000000000000000000000000000000000000800000000000000000000000009519d6907a1d682555ccad7d4d4405ff27b874e4000000000000000000000000000000000000000000000000000000000000000446756a6900000000000000000000000000000000000000000000000000000000',
    from: '0x9519D6907a1d682555Ccad7d4D4405fF27B874e4'
  },
  invocation: null,
  revert: {
    signature: 'Error(string)',
    name: 'Error',
    args: [ 'ERC20: insufficient allowance' ]
  },
  shortMessage: 'execution reverted: "ERC20: insufficient allowance"',
  info: {
    error: {
      code: 3,
      message: 'execution reverted: ERC20: insufficient allowance',
      data: '0x08c379a00000000000000000000000000000000000000000000000000000000000000020000000000000000000000000000000000000000000000000000000000000001d45524332303a20696e73756666696369656e7420616c6c6f77616e6365000000'
    },
    payload: {
      method: 'eth_estimateGas',
      params: [Array],
      id: 18,
      jsonrpc: '2.0'
    }
  }
}
npm warn cli npm v11.13.0 does not support Node.js v18.19.1. This version of npm supports the following node versions: `^20.17.0 || >=22.9.0`. You can find the latest version at https://nodejs.org/.

--- Iniciando Transação Cross-Chain (LINK): Amoy -> Fuji ---
Usuário enviando: 0.001 LINK

[1/3] Aprovando LINK na Amoy para o Notary...
Aprovação concluída! Tx: 0xc006b15eb21b14d54b346f129a7f57e9049606698b840a1bc3b05f4f50421f93
Gas Used: 27277
Gas Price: 32.000000063 Gwei
Transaction Fee: 0.000872864001718451 POL
Aguardando 5 segundos para propagação do allowance na rede...

[2/3] Depositando LINK no Notary da Amoy...
Depósito realizado com sucesso! ID do Depósito gerado: 17
Gas Used: 62957
Gas Price: 32.000000063 Gwei
Transaction Fee: 0.002014624003966291 POL

[3/3] Nó validador executando a ponte na Fuji...
Execução concluída! Tx: 0x0fa670e426b2e79286f432d27a458f0111c3b784a51e01e793a27774bd67c260
Gas Used: 78455
Gas Price: 0.00000016 Gwei
Transaction Fee: 0.0000000000125528 AVAX
Saldo na Fuji ANTES: 5.506 LINK
Saldo na Fuji DEPOIS: 5.507 LINK

--- Resumo de gás (fluxo cross-chain completo) ---
┌─────────┬────────────────────────┬─────────┬───────────────┬────────────────┬────────────────────┬────────────────────────┬─────────────┬──────────────────────────────────────────────────────────────────────┐
│ (index) │          step          │ gasUsed │  gasPriceWei  │  gasPriceGwei  │ transactionFeeWei  │     transactionFee     │ nativeToken │                                txHash                                │
├─────────┼────────────────────────┼─────────┼───────────────┼────────────────┼────────────────────┼────────────────────────┼─────────────┼──────────────────────────────────────────────────────────────────────┤
│    0    │    'approve (Amoy)'    │ '27277' │ '32000000063' │ '32.000000063' │ '872864001718451'  │ '0.000872864001718451' │    'POL'    │ '0xc006b15eb21b14d54b346f129a7f57e9049606698b840a1bc3b05f4f50421f93' │
│    1    │    'deposit (Amoy)'    │ '62957' │ '32000000063' │ '32.000000063' │ '2014624003966291' │ '0.002014624003966291' │    'POL'    │ '0xf9adf827191a1e7472df370b83fc2832e2f65945e3c94113c2d8573a1fabf6af' │
│    2    │ 'executeBridge (Fuji)' │ '78455' │     '160'     │  '0.00000016'  │     '12552800'     │  '0.0000000000125528'  │   'AVAX'    │ '0x0fa670e426b2e79286f432d27a458f0111c3b784a51e01e793a27774bd67c260' │
└─────────┴────────────────────────┴─────────┴───────────────┴────────────────┴────────────────────┴────────────────────────┴─────────────┴──────────────────────────────────────────────────────────────────────┘

💾 [LOGGER] Dados da transação salvos em: logs/testnet_logs.json
npm warn cli npm v11.13.0 does not support Node.js v18.19.1. This version of npm supports the following node versions: `^20.17.0 || >=22.9.0`. You can find the latest version at https://nodejs.org/.

--- Iniciando Transação Cross-Chain (LINK): Amoy -> Fuji ---
Usuário enviando: 0.001 LINK

[1/3] Aprovando LINK na Amoy para o Notary...
Aprovação concluída! Tx: 0x48050503bfded1367903c0ab454e7eeba8900943d80f7d939b2e9549e4592757
Gas Used: 47177
Gas Price: 30.000000063 Gwei
Transaction Fee: 0.001415310002972151 POL
Aguardando 5 segundos para propagação do allowance na rede...

[2/3] Depositando LINK no Notary da Amoy...
Depósito realizado com sucesso! ID do Depósito gerado: 18
Gas Used: 62957
Gas Price: 30.000000063 Gwei
Transaction Fee: 0.001888710003966291 POL

[3/3] Nó validador executando a ponte na Fuji...
Execução concluída! Tx: 0x0efeb95f64d8eb13a6aa3b9fdef4dc2ce805c4a8cd6ca9e75bf4e30f04edd3d7
Gas Used: 78455
Gas Price: 0.00000016 Gwei
Transaction Fee: 0.0000000000125528 AVAX
Saldo na Fuji ANTES: 5.506 LINK
Saldo na Fuji DEPOIS: 5.507 LINK

--- Resumo de gás (fluxo cross-chain completo) ---
┌─────────┬────────────────────────┬─────────┬───────────────┬────────────────┬────────────────────┬────────────────────────┬─────────────┬──────────────────────────────────────────────────────────────────────┐
│ (index) │          step          │ gasUsed │  gasPriceWei  │  gasPriceGwei  │ transactionFeeWei  │     transactionFee     │ nativeToken │                                txHash                                │
├─────────┼────────────────────────┼─────────┼───────────────┼────────────────┼────────────────────┼────────────────────────┼─────────────┼──────────────────────────────────────────────────────────────────────┤
│    0    │    'approve (Amoy)'    │ '47177' │ '30000000063' │ '30.000000063' │ '1415310002972151' │ '0.001415310002972151' │    'POL'    │ '0x48050503bfded1367903c0ab454e7eeba8900943d80f7d939b2e9549e4592757' │
│    1    │    'deposit (Amoy)'    │ '62957' │ '30000000063' │ '30.000000063' │ '1888710003966291' │ '0.001888710003966291' │    'POL'    │ '0x657f183eab7befbad3d72c24d539da0637639fe1287549ad03b1c92bcddb956b' │
│    2    │ 'executeBridge (Fuji)' │ '78455' │     '160'     │  '0.00000016'  │     '12552800'     │  '0.0000000000125528'  │   'AVAX'    │ '0x0efeb95f64d8eb13a6aa3b9fdef4dc2ce805c4a8cd6ca9e75bf4e30f04edd3d7' │
└─────────┴────────────────────────┴─────────┴───────────────┴────────────────┴────────────────────┴────────────────────────┴─────────────┴──────────────────────────────────────────────────────────────────────┘

💾 [LOGGER] Dados da transação salvos em: logs/testnet_logs.json
npm warn cli npm v11.13.0 does not support Node.js v18.19.1. This version of npm supports the following node versions: `^20.17.0 || >=22.9.0`. You can find the latest version at https://nodejs.org/.

--- Iniciando Transação Cross-Chain (LINK): Amoy -> Fuji ---
Usuário enviando: 0.001 LINK

[1/3] Aprovando LINK na Amoy para o Notary...
Aprovação concluída! Tx: 0x0dd98af4d467de9e7883504f4c3be7b9c6e7197ada80b0d2568a8a7eba9071b2
Gas Used: 47177
Gas Price: 30.900000065 Gwei
Transaction Fee: 0.001457769303066505 POL
Aguardando 5 segundos para propagação do allowance na rede...

[2/3] Depositando LINK no Notary da Amoy...
Depósito realizado com sucesso! ID do Depósito gerado: 19
Gas Used: 62957
Gas Price: 30.900000065 Gwei
Transaction Fee: 0.001945371304092205 POL

[3/3] Nó validador executando a ponte na Fuji...
Execução concluída! Tx: 0x2d7fffee442dd30c1997bc5988d66044b0099c6f1a8accedfafa48b91d583f31
Gas Used: 78455
Gas Price: 0.00000016 Gwei
Transaction Fee: 0.0000000000125528 AVAX
Saldo na Fuji ANTES: 5.506 LINK
Saldo na Fuji DEPOIS: 5.507 LINK

--- Resumo de gás (fluxo cross-chain completo) ---
┌─────────┬────────────────────────┬─────────┬───────────────┬────────────────┬────────────────────┬────────────────────────┬─────────────┬──────────────────────────────────────────────────────────────────────┐
│ (index) │          step          │ gasUsed │  gasPriceWei  │  gasPriceGwei  │ transactionFeeWei  │     transactionFee     │ nativeToken │                                txHash                                │
├─────────┼────────────────────────┼─────────┼───────────────┼────────────────┼────────────────────┼────────────────────────┼─────────────┼──────────────────────────────────────────────────────────────────────┤
│    0    │    'approve (Amoy)'    │ '47177' │ '30900000065' │ '30.900000065' │ '1457769303066505' │ '0.001457769303066505' │    'POL'    │ '0x0dd98af4d467de9e7883504f4c3be7b9c6e7197ada80b0d2568a8a7eba9071b2' │
│    1    │    'deposit (Amoy)'    │ '62957' │ '30900000065' │ '30.900000065' │ '1945371304092205' │ '0.001945371304092205' │    'POL'    │ '0x8ba6a0111a047c3972c80a806a63ebd5b1d7b481b4c6d1ebe88cacb1fc734703' │
│    2    │ 'executeBridge (Fuji)' │ '78455' │     '160'     │  '0.00000016'  │     '12552800'     │  '0.0000000000125528'  │   'AVAX'    │ '0x2d7fffee442dd30c1997bc5988d66044b0099c6f1a8accedfafa48b91d583f31' │
└─────────┴────────────────────────┴─────────┴───────────────┴────────────────┴────────────────────┴────────────────────────┴─────────────┴──────────────────────────────────────────────────────────────────────┘

💾 [LOGGER] Dados da transação salvos em: logs/testnet_logs.json
npm warn cli npm v11.13.0 does not support Node.js v18.19.1. This version of npm supports the following node versions: `^20.17.0 || >=22.9.0`. You can find the latest version at https://nodejs.org/.

--- Iniciando Transação Cross-Chain (LINK): Amoy -> Fuji ---
Usuário enviando: 0.001 LINK

[1/3] Aprovando LINK na Amoy para o Notary...
Aprovação concluída! Tx: 0xfe4b3b0070a34afda5e174ee78b1c2882a9d901af394e3c5a5bd1de9030a5910
Gas Used: 47177
Gas Price: 30.000000063 Gwei
Transaction Fee: 0.001415310002972151 POL
Aguardando 5 segundos para propagação do allowance na rede...

[2/3] Depositando LINK no Notary da Amoy...
Depósito realizado com sucesso! ID do Depósito gerado: 20
Gas Used: 62957
Gas Price: 30.000000063 Gwei
Transaction Fee: 0.001888710003966291 POL

[3/3] Nó validador executando a ponte na Fuji...
Execução concluída! Tx: 0x9d433d47c81636019b8f6459626a96585e015ff92d69b3338e3239782305b1ef
Gas Used: 78455
Gas Price: 0.00000016 Gwei
Transaction Fee: 0.0000000000125528 AVAX
Saldo na Fuji ANTES: 5.506 LINK
Saldo na Fuji DEPOIS: 5.507 LINK

--- Resumo de gás (fluxo cross-chain completo) ---
┌─────────┬────────────────────────┬─────────┬───────────────┬────────────────┬────────────────────┬────────────────────────┬─────────────┬──────────────────────────────────────────────────────────────────────┐
│ (index) │          step          │ gasUsed │  gasPriceWei  │  gasPriceGwei  │ transactionFeeWei  │     transactionFee     │ nativeToken │                                txHash                                │
├─────────┼────────────────────────┼─────────┼───────────────┼────────────────┼────────────────────┼────────────────────────┼─────────────┼──────────────────────────────────────────────────────────────────────┤
│    0    │    'approve (Amoy)'    │ '47177' │ '30000000063' │ '30.000000063' │ '1415310002972151' │ '0.001415310002972151' │    'POL'    │ '0xfe4b3b0070a34afda5e174ee78b1c2882a9d901af394e3c5a5bd1de9030a5910' │
│    1    │    'deposit (Amoy)'    │ '62957' │ '30000000063' │ '30.000000063' │ '1888710003966291' │ '0.001888710003966291' │    'POL'    │ '0x32694944d6a2abb18d6bab84f1b03f1ab6ad1f710386ba4662f1c4cef96499d9' │
│    2    │ 'executeBridge (Fuji)' │ '78455' │     '160'     │  '0.00000016'  │     '12552800'     │  '0.0000000000125528'  │   'AVAX'    │ '0x9d433d47c81636019b8f6459626a96585e015ff92d69b3338e3239782305b1ef' │
└─────────┴────────────────────────┴─────────┴───────────────┴────────────────┴────────────────────┴────────────────────────┴─────────────┴──────────────────────────────────────────────────────────────────────┘

💾 [LOGGER] Dados da transação salvos em: logs/testnet_logs.json
npm warn cli npm v11.13.0 does not support Node.js v18.19.1. This version of npm supports the following node versions: `^20.17.0 || >=22.9.0`. You can find the latest version at https://nodejs.org/.

--- Iniciando Transação Cross-Chain (LINK): Amoy -> Fuji ---
Usuário enviando: 0.001 LINK

[1/3] Aprovando LINK na Amoy para o Notary...
Aprovação concluída! Tx: 0x2c7018258f86867bcb1a6508fcadd04c7716d44940236c4230000528714668e5
Gas Used: 47177
Gas Price: 30.000000063 Gwei
Transaction Fee: 0.001415310002972151 POL
Aguardando 5 segundos para propagação do allowance na rede...

[2/3] Depositando LINK no Notary da Amoy...
Depósito realizado com sucesso! ID do Depósito gerado: 21
Gas Used: 62957
Gas Price: 30.000000063 Gwei
Transaction Fee: 0.001888710003966291 POL

[3/3] Nó validador executando a ponte na Fuji...
Execução concluída! Tx: 0xb0521b6a2132839743120adead61335c8681f206774ca34b12bbc834ce103ef8
Gas Used: 78455
Gas Price: 0.00000016 Gwei
Transaction Fee: 0.0000000000125528 AVAX
Saldo na Fuji ANTES: 5.506 LINK
Saldo na Fuji DEPOIS: 5.507 LINK

--- Resumo de gás (fluxo cross-chain completo) ---
┌─────────┬────────────────────────┬─────────┬───────────────┬────────────────┬────────────────────┬────────────────────────┬─────────────┬──────────────────────────────────────────────────────────────────────┐
│ (index) │          step          │ gasUsed │  gasPriceWei  │  gasPriceGwei  │ transactionFeeWei  │     transactionFee     │ nativeToken │                                txHash                                │
├─────────┼────────────────────────┼─────────┼───────────────┼────────────────┼────────────────────┼────────────────────────┼─────────────┼──────────────────────────────────────────────────────────────────────┤
│    0    │    'approve (Amoy)'    │ '47177' │ '30000000063' │ '30.000000063' │ '1415310002972151' │ '0.001415310002972151' │    'POL'    │ '0x2c7018258f86867bcb1a6508fcadd04c7716d44940236c4230000528714668e5' │
│    1    │    'deposit (Amoy)'    │ '62957' │ '30000000063' │ '30.000000063' │ '1888710003966291' │ '0.001888710003966291' │    'POL'    │ '0x00ff1e9cf1d642b425df958309d68817a28e84007467f0d699f30328570d0263' │
│    2    │ 'executeBridge (Fuji)' │ '78455' │     '160'     │  '0.00000016'  │     '12552800'     │  '0.0000000000125528'  │   'AVAX'    │ '0xb0521b6a2132839743120adead61335c8681f206774ca34b12bbc834ce103ef8' │
└─────────┴────────────────────────┴─────────┴───────────────┴────────────────┴────────────────────┴────────────────────────┴─────────────┴──────────────────────────────────────────────────────────────────────┘

💾 [LOGGER] Dados da transação salvos em: logs/testnet_logs.json
npm warn cli npm v11.13.0 does not support Node.js v18.19.1. This version of npm supports the following node versions: `^20.17.0 || >=22.9.0`. You can find the latest version at https://nodejs.org/.

--- Iniciando Transação Cross-Chain (LINK): Amoy -> Fuji ---
Usuário enviando: 0.001 LINK

[1/3] Aprovando LINK na Amoy para o Notary...
Aprovação concluída! Tx: 0x39bae247dbd39d9f23683cf051b7319b07497e10f97269e4f5fb56b22c85b3b6
Gas Used: 47177
Gas Price: 30.000000063 Gwei
Transaction Fee: 0.001415310002972151 POL
Aguardando 5 segundos para propagação do allowance na rede...

[2/3] Depositando LINK no Notary da Amoy...
Depósito realizado com sucesso! ID do Depósito gerado: 22
Gas Used: 62957
Gas Price: 30.000000063 Gwei
Transaction Fee: 0.001888710003966291 POL

[3/3] Nó validador executando a ponte na Fuji...
Execução concluída! Tx: 0x199f2e0255e75578de68890bd831716f22ecef4009db957f09b9ce8344645bde
Gas Used: 78455
Gas Price: 0.00000016 Gwei
Transaction Fee: 0.0000000000125528 AVAX
Saldo na Fuji ANTES: 5.506 LINK
Saldo na Fuji DEPOIS: 5.507 LINK

--- Resumo de gás (fluxo cross-chain completo) ---
┌─────────┬────────────────────────┬─────────┬───────────────┬────────────────┬────────────────────┬────────────────────────┬─────────────┬──────────────────────────────────────────────────────────────────────┐
│ (index) │          step          │ gasUsed │  gasPriceWei  │  gasPriceGwei  │ transactionFeeWei  │     transactionFee     │ nativeToken │                                txHash                                │
├─────────┼────────────────────────┼─────────┼───────────────┼────────────────┼────────────────────┼────────────────────────┼─────────────┼──────────────────────────────────────────────────────────────────────┤
│    0    │    'approve (Amoy)'    │ '47177' │ '30000000063' │ '30.000000063' │ '1415310002972151' │ '0.001415310002972151' │    'POL'    │ '0x39bae247dbd39d9f23683cf051b7319b07497e10f97269e4f5fb56b22c85b3b6' │
│    1    │    'deposit (Amoy)'    │ '62957' │ '30000000063' │ '30.000000063' │ '1888710003966291' │ '0.001888710003966291' │    'POL'    │ '0xfa7b55c7492b8ee671081198cfe35509a3c95485b665a1c0c62bdd722810a70f' │
│    2    │ 'executeBridge (Fuji)' │ '78455' │     '160'     │  '0.00000016'  │     '12552800'     │  '0.0000000000125528'  │   'AVAX'    │ '0x199f2e0255e75578de68890bd831716f22ecef4009db957f09b9ce8344645bde' │
└─────────┴────────────────────────┴─────────┴───────────────┴────────────────┴────────────────────┴────────────────────────┴─────────────┴──────────────────────────────────────────────────────────────────────┘

💾 [LOGGER] Dados da transação salvos em: logs/testnet_logs.json
npm warn cli npm v11.13.0 does not support Node.js v18.19.1. This version of npm supports the following node versions: `^20.17.0 || >=22.9.0`. You can find the latest version at https://nodejs.org/.

--- Iniciando Transação Cross-Chain (LINK): Amoy -> Fuji ---
Usuário enviando: 0.001 LINK

[1/3] Aprovando LINK na Amoy para o Notary...
Aprovação concluída! Tx: 0x9e78c92856dd971595d0b3f3d1d3d28965a6171c49e710ec9ddaf2282b6233b7
Gas Used: 47177
Gas Price: 60.000000126 Gwei
Transaction Fee: 0.002830620005944302 POL
Aguardando 5 segundos para propagação do allowance na rede...

[2/3] Depositando LINK no Notary da Amoy...
Depósito realizado com sucesso! ID do Depósito gerado: 23
Gas Used: 62957
Gas Price: 60.000000126 Gwei
Transaction Fee: 0.003777420007932582 POL

[3/3] Nó validador executando a ponte na Fuji...
Execução concluída! Tx: 0x5f8fa1bdb69155f35cdfd4aa8454fa6bf8c2d9cf0fa50d2daaa48b0f9c736f0e
Gas Used: 78455
Gas Price: 0.00000016 Gwei
Transaction Fee: 0.0000000000125528 AVAX
Saldo na Fuji ANTES: 5.506 LINK
Saldo na Fuji DEPOIS: 5.507 LINK

--- Resumo de gás (fluxo cross-chain completo) ---
┌─────────┬────────────────────────┬─────────┬───────────────┬────────────────┬────────────────────┬────────────────────────┬─────────────┬──────────────────────────────────────────────────────────────────────┐
│ (index) │          step          │ gasUsed │  gasPriceWei  │  gasPriceGwei  │ transactionFeeWei  │     transactionFee     │ nativeToken │                                txHash                                │
├─────────┼────────────────────────┼─────────┼───────────────┼────────────────┼────────────────────┼────────────────────────┼─────────────┼──────────────────────────────────────────────────────────────────────┤
│    0    │    'approve (Amoy)'    │ '47177' │ '60000000126' │ '60.000000126' │ '2830620005944302' │ '0.002830620005944302' │    'POL'    │ '0x9e78c92856dd971595d0b3f3d1d3d28965a6171c49e710ec9ddaf2282b6233b7' │
│    1    │    'deposit (Amoy)'    │ '62957' │ '60000000126' │ '60.000000126' │ '3777420007932582' │ '0.003777420007932582' │    'POL'    │ '0x8cf209c04f5976720c0f630f9cad9dab7c92762807e3c8b37c7f4e6622ecba3d' │
│    2    │ 'executeBridge (Fuji)' │ '78455' │     '160'     │  '0.00000016'  │     '12552800'     │  '0.0000000000125528'  │   'AVAX'    │ '0x5f8fa1bdb69155f35cdfd4aa8454fa6bf8c2d9cf0fa50d2daaa48b0f9c736f0e' │
└─────────┴────────────────────────┴─────────┴───────────────┴────────────────┴────────────────────┴────────────────────────┴─────────────┴──────────────────────────────────────────────────────────────────────┘

💾 [LOGGER] Dados da transação salvos em: logs/testnet_logs.json
npm warn cli npm v11.13.0 does not support Node.js v18.19.1. This version of npm supports the following node versions: `^20.17.0 || >=22.9.0`. You can find the latest version at https://nodejs.org/.

--- Iniciando Transação Cross-Chain (LINK): Amoy -> Fuji ---
Usuário enviando: 0.001 LINK

[1/3] Aprovando LINK na Amoy para o Notary...
Aprovação concluída! Tx: 0x7d6c6119c2165310bba972653d0f339ca259c6b76a67a6d130947d566babcf9d
Gas Used: 47177
Gas Price: 40.960006947 Gwei
Transaction Fee: 0.001932370247738619 POL
Aguardando 5 segundos para propagação do allowance na rede...

[2/3] Depositando LINK no Notary da Amoy...
Depósito realizado com sucesso! ID do Depósito gerado: 24
Gas Used: 62957
Gas Price: 40.960006947 Gwei
Transaction Fee: 0.002578719157362279 POL

[3/3] Nó validador executando a ponte na Fuji...
Execução concluída! Tx: 0x2bb7a629e89b675828194d9fa480bf1b537852abee018bef635353ebdff5a086
Gas Used: 78455
Gas Price: 0.00000016 Gwei
Transaction Fee: 0.0000000000125528 AVAX
Saldo na Fuji ANTES: 5.506 LINK
Saldo na Fuji DEPOIS: 5.507 LINK

--- Resumo de gás (fluxo cross-chain completo) ---
┌─────────┬────────────────────────┬─────────┬───────────────┬────────────────┬────────────────────┬────────────────────────┬─────────────┬──────────────────────────────────────────────────────────────────────┐
│ (index) │          step          │ gasUsed │  gasPriceWei  │  gasPriceGwei  │ transactionFeeWei  │     transactionFee     │ nativeToken │                                txHash                                │
├─────────┼────────────────────────┼─────────┼───────────────┼────────────────┼────────────────────┼────────────────────────┼─────────────┼──────────────────────────────────────────────────────────────────────┤
│    0    │    'approve (Amoy)'    │ '47177' │ '40960006947' │ '40.960006947' │ '1932370247738619' │ '0.001932370247738619' │    'POL'    │ '0x7d6c6119c2165310bba972653d0f339ca259c6b76a67a6d130947d566babcf9d' │
│    1    │    'deposit (Amoy)'    │ '62957' │ '40960006947' │ '40.960006947' │ '2578719157362279' │ '0.002578719157362279' │    'POL'    │ '0x2014a95f31444383ebeeadf0a937450c4f31ac16c16321faa1e57639f532e073' │
│    2    │ 'executeBridge (Fuji)' │ '78455' │     '160'     │  '0.00000016'  │     '12552800'     │  '0.0000000000125528'  │   'AVAX'    │ '0x2bb7a629e89b675828194d9fa480bf1b537852abee018bef635353ebdff5a086' │
└─────────┴────────────────────────┴─────────┴───────────────┴────────────────┴────────────────────┴────────────────────────┴─────────────┴──────────────────────────────────────────────────────────────────────┘

💾 [LOGGER] Dados da transação salvos em: logs/testnet_logs.json
npm warn cli npm v11.13.0 does not support Node.js v18.19.1. This version of npm supports the following node versions: `^20.17.0 || >=22.9.0`. You can find the latest version at https://nodejs.org/.

--- Iniciando Transação Cross-Chain (LINK): Amoy -> Fuji ---
Usuário enviando: 0.001 LINK

[1/3] Aprovando LINK na Amoy para o Notary...
Aprovação concluída! Tx: 0x4a9a7e3142c39396109736c58ebec68f4a8a2a8e3e9c316fa6724b782095be62
Gas Used: 47177
Gas Price: 43.650000063 Gwei
Transaction Fee: 0.002059276052972151 POL
Aguardando 5 segundos para propagação do allowance na rede...

[2/3] Depositando LINK no Notary da Amoy...
Depósito realizado com sucesso! ID do Depósito gerado: 25
Gas Used: 62957
Gas Price: 43.650000063 Gwei
Transaction Fee: 0.002748073053966291 POL

[3/3] Nó validador executando a ponte na Fuji...
Execução concluída! Tx: 0x9b9ae74e3eab5c4049b82cf54fc6cd9be8c07f5237ce87950c7fc3d1b1b4b306
Gas Used: 78455
Gas Price: 0.00000016 Gwei
Transaction Fee: 0.0000000000125528 AVAX
Saldo na Fuji ANTES: 5.506 LINK
Saldo na Fuji DEPOIS: 5.507 LINK

--- Resumo de gás (fluxo cross-chain completo) ---
┌─────────┬────────────────────────┬─────────┬───────────────┬────────────────┬────────────────────┬────────────────────────┬─────────────┬──────────────────────────────────────────────────────────────────────┐
│ (index) │          step          │ gasUsed │  gasPriceWei  │  gasPriceGwei  │ transactionFeeWei  │     transactionFee     │ nativeToken │                                txHash                                │
├─────────┼────────────────────────┼─────────┼───────────────┼────────────────┼────────────────────┼────────────────────────┼─────────────┼──────────────────────────────────────────────────────────────────────┤
│    0    │    'approve (Amoy)'    │ '47177' │ '43650000063' │ '43.650000063' │ '2059276052972151' │ '0.002059276052972151' │    'POL'    │ '0x4a9a7e3142c39396109736c58ebec68f4a8a2a8e3e9c316fa6724b782095be62' │
│    1    │    'deposit (Amoy)'    │ '62957' │ '43650000063' │ '43.650000063' │ '2748073053966291' │ '0.002748073053966291' │    'POL'    │ '0xb018d02da366d0636f878252f117dd5c3b84f9ac60ddfcb10d5d79fd1d202a76' │
│    2    │ 'executeBridge (Fuji)' │ '78455' │     '160'     │  '0.00000016'  │     '12552800'     │  '0.0000000000125528'  │   'AVAX'    │ '0x9b9ae74e3eab5c4049b82cf54fc6cd9be8c07f5237ce87950c7fc3d1b1b4b306' │
└─────────┴────────────────────────┴─────────┴───────────────┴────────────────┴────────────────────┴────────────────────────┴─────────────┴──────────────────────────────────────────────────────────────────────┘

💾 [LOGGER] Dados da transação salvos em: logs/testnet_logs.json
npm warn cli npm v11.13.0 does not support Node.js v18.19.1. This version of npm supports the following node versions: `^20.17.0 || >=22.9.0`. You can find the latest version at https://nodejs.org/.

--- Iniciando Transação Cross-Chain (LINK): Amoy -> Fuji ---
Usuário enviando: 0.001 LINK

[1/3] Aprovando LINK na Amoy para o Notary...
Aprovação concluída! Tx: 0x19ae1de7624c818859a80df271203f394d8d90534c4d198e93280cf6fb418ea0
Gas Used: 47177
Gas Price: 30.000000063 Gwei
Transaction Fee: 0.001415310002972151 POL
Aguardando 5 segundos para propagação do allowance na rede...

[2/3] Depositando LINK no Notary da Amoy...
Depósito realizado com sucesso! ID do Depósito gerado: 26
Gas Used: 62957
Gas Price: 30.000000063 Gwei
Transaction Fee: 0.001888710003966291 POL

[3/3] Nó validador executando a ponte na Fuji...
Execução concluída! Tx: 0x8f90bc2cec7f0628fa88b9a8b729b7aa67f891e7a847ec16e49fe54498adfe5d
Gas Used: 78455
Gas Price: 0.00000016 Gwei
Transaction Fee: 0.0000000000125528 AVAX
Saldo na Fuji ANTES: 5.506 LINK
Saldo na Fuji DEPOIS: 5.507 LINK

--- Resumo de gás (fluxo cross-chain completo) ---
┌─────────┬────────────────────────┬─────────┬───────────────┬────────────────┬────────────────────┬────────────────────────┬─────────────┬──────────────────────────────────────────────────────────────────────┐
│ (index) │          step          │ gasUsed │  gasPriceWei  │  gasPriceGwei  │ transactionFeeWei  │     transactionFee     │ nativeToken │                                txHash                                │
├─────────┼────────────────────────┼─────────┼───────────────┼────────────────┼────────────────────┼────────────────────────┼─────────────┼──────────────────────────────────────────────────────────────────────┤
│    0    │    'approve (Amoy)'    │ '47177' │ '30000000063' │ '30.000000063' │ '1415310002972151' │ '0.001415310002972151' │    'POL'    │ '0x19ae1de7624c818859a80df271203f394d8d90534c4d198e93280cf6fb418ea0' │
│    1    │    'deposit (Amoy)'    │ '62957' │ '30000000063' │ '30.000000063' │ '1888710003966291' │ '0.001888710003966291' │    'POL'    │ '0x495bf58edd84a3b84a338106e9058d5b29cef953099260c02e2a987649dcf8e8' │
│    2    │ 'executeBridge (Fuji)' │ '78455' │     '160'     │  '0.00000016'  │     '12552800'     │  '0.0000000000125528'  │   'AVAX'    │ '0x8f90bc2cec7f0628fa88b9a8b729b7aa67f891e7a847ec16e49fe54498adfe5d' │
└─────────┴────────────────────────┴─────────┴───────────────┴────────────────┴────────────────────┴────────────────────────┴─────────────┴──────────────────────────────────────────────────────────────────────┘

💾 [LOGGER] Dados da transação salvos em: logs/testnet_logs.json
npm warn cli npm v11.13.0 does not support Node.js v18.19.1. This version of npm supports the following node versions: `^20.17.0 || >=22.9.0`. You can find the latest version at https://nodejs.org/.

--- Iniciando Transação Cross-Chain (LINK): Amoy -> Fuji ---
Usuário enviando: 0.001 LINK

[1/3] Aprovando LINK na Amoy para o Notary...
Aprovação concluída! Tx: 0xa36c269293d35a0861e1ae0c004ce3e47f6eee431c6181820d9fdd9228930458
Gas Used: 47177
Gas Price: 85.500000152 Gwei
Transaction Fee: 0.004033633507170904 POL
Aguardando 5 segundos para propagação do allowance na rede...

[2/3] Depositando LINK no Notary da Amoy...
Depósito realizado com sucesso! ID do Depósito gerado: 27
Gas Used: 62957
Gas Price: 94.050000192 Gwei
Transaction Fee: 0.005921105862087744 POL

[3/3] Nó validador executando a ponte na Fuji...
Execução concluída! Tx: 0xbf1d87460ce3c57c74fe709b828b16a9ba16f9c21a8ed96e4356068a8d108e20
Gas Used: 78455
Gas Price: 0.00000016 Gwei
Transaction Fee: 0.0000000000125528 AVAX
Saldo na Fuji ANTES: 5.506 LINK
Saldo na Fuji DEPOIS: 5.507 LINK

--- Resumo de gás (fluxo cross-chain completo) ---
┌─────────┬────────────────────────┬─────────┬───────────────┬────────────────┬────────────────────┬────────────────────────┬─────────────┬──────────────────────────────────────────────────────────────────────┐
│ (index) │          step          │ gasUsed │  gasPriceWei  │  gasPriceGwei  │ transactionFeeWei  │     transactionFee     │ nativeToken │                                txHash                                │
├─────────┼────────────────────────┼─────────┼───────────────┼────────────────┼────────────────────┼────────────────────────┼─────────────┼──────────────────────────────────────────────────────────────────────┤
│    0    │    'approve (Amoy)'    │ '47177' │ '85500000152' │ '85.500000152' │ '4033633507170904' │ '0.004033633507170904' │    'POL'    │ '0xa36c269293d35a0861e1ae0c004ce3e47f6eee431c6181820d9fdd9228930458' │
│    1    │    'deposit (Amoy)'    │ '62957' │ '94050000192' │ '94.050000192' │ '5921105862087744' │ '0.005921105862087744' │    'POL'    │ '0xf582ac37625f48aa2cb13124ec59c13699a2564b211ac3541b89080239563f6f' │
│    2    │ 'executeBridge (Fuji)' │ '78455' │     '160'     │  '0.00000016'  │     '12552800'     │  '0.0000000000125528'  │   'AVAX'    │ '0xbf1d87460ce3c57c74fe709b828b16a9ba16f9c21a8ed96e4356068a8d108e20' │
└─────────┴────────────────────────┴─────────┴───────────────┴────────────────┴────────────────────┴────────────────────────┴─────────────┴──────────────────────────────────────────────────────────────────────┘

💾 [LOGGER] Dados da transação salvos em: logs/testnet_logs.json
npm warn cli npm v11.13.0 does not support Node.js v18.19.1. This version of npm supports the following node versions: `^20.17.0 || >=22.9.0`. You can find the latest version at https://nodejs.org/.

--- Iniciando Transação Cross-Chain (LINK): Amoy -> Fuji ---
Usuário enviando: 0.001 LINK

[1/3] Aprovando LINK na Amoy para o Notary...
Aprovação concluída! Tx: 0xd7e29c5dd3ed7479a4a2437c0fa1e0062cd18a35ff8200994f68b5b0c935fbfc
Gas Used: 47177
Gas Price: 110.077239358 Gwei
Transaction Fee: 0.005193113921192366 POL
Aguardando 5 segundos para propagação do allowance na rede...

[2/3] Depositando LINK no Notary da Amoy...
Depósito realizado com sucesso! ID do Depósito gerado: 28
Gas Used: 62957
Gas Price: 99.570158304 Gwei
Transaction Fee: 0.006268638456344928 POL

[3/3] Nó validador executando a ponte na Fuji...
Execução concluída! Tx: 0x97871ac233c024d638cc46a1187bdb4f95138355de540f06abe38e23db37a0ff
Gas Used: 78455
Gas Price: 0.00000016 Gwei
Transaction Fee: 0.0000000000125528 AVAX
Saldo na Fuji ANTES: 5.506 LINK
Saldo na Fuji DEPOIS: 5.507 LINK

--- Resumo de gás (fluxo cross-chain completo) ---
┌─────────┬────────────────────────┬─────────┬────────────────┬─────────────────┬────────────────────┬────────────────────────┬─────────────┬──────────────────────────────────────────────────────────────────────┐
│ (index) │          step          │ gasUsed │  gasPriceWei   │  gasPriceGwei   │ transactionFeeWei  │     transactionFee     │ nativeToken │                                txHash                                │
├─────────┼────────────────────────┼─────────┼────────────────┼─────────────────┼────────────────────┼────────────────────────┼─────────────┼──────────────────────────────────────────────────────────────────────┤
│    0    │    'approve (Amoy)'    │ '47177' │ '110077239358' │ '110.077239358' │ '5193113921192366' │ '0.005193113921192366' │    'POL'    │ '0xd7e29c5dd3ed7479a4a2437c0fa1e0062cd18a35ff8200994f68b5b0c935fbfc' │
│    1    │    'deposit (Amoy)'    │ '62957' │ '99570158304'  │ '99.570158304'  │ '6268638456344928' │ '0.006268638456344928' │    'POL'    │ '0xd14cbbaac1570ec728bd024b35670fbdbb026ff2f4bc0f9dc2650753cc1c6d3e' │
│    2    │ 'executeBridge (Fuji)' │ '78455' │     '160'      │  '0.00000016'   │     '12552800'     │  '0.0000000000125528'  │   'AVAX'    │ '0x97871ac233c024d638cc46a1187bdb4f95138355de540f06abe38e23db37a0ff' │
└─────────┴────────────────────────┴─────────┴────────────────┴─────────────────┴────────────────────┴────────────────────────┴─────────────┴──────────────────────────────────────────────────────────────────────┘

💾 [LOGGER] Dados da transação salvos em: logs/testnet_logs.json
npm warn cli npm v11.13.0 does not support Node.js v18.19.1. This version of npm supports the following node versions: `^20.17.0 || >=22.9.0`. You can find the latest version at https://nodejs.org/.

--- Iniciando Transação Cross-Chain (LINK): Amoy -> Fuji ---
Usuário enviando: 0.001 LINK

[1/3] Aprovando LINK na Amoy para o Notary...
Aprovação concluída! Tx: 0x2ce27a79f78ab8607887af21a89d7373ba7bc6157400c5f4e47d18fc6f0beda7
Gas Used: 47177
Gas Price: 50.000000094 Gwei
Transaction Fee: 0.002358850004434638 POL
Aguardando 5 segundos para propagação do allowance na rede...

[2/3] Depositando LINK no Notary da Amoy...
Depósito realizado com sucesso! ID do Depósito gerado: 29
Gas Used: 62957
Gas Price: 50.000000094 Gwei
Transaction Fee: 0.003147850005917958 POL

[3/3] Nó validador executando a ponte na Fuji...
Execução concluída! Tx: 0x3901b5ab67c49089473d1fafa8a8eff7126fdf873b984444ad57baebc510b844
Gas Used: 78455
Gas Price: 0.00000016 Gwei
Transaction Fee: 0.0000000000125528 AVAX
Saldo na Fuji ANTES: 5.506 LINK
Saldo na Fuji DEPOIS: 5.507 LINK

--- Resumo de gás (fluxo cross-chain completo) ---
┌─────────┬────────────────────────┬─────────┬───────────────┬────────────────┬────────────────────┬────────────────────────┬─────────────┬──────────────────────────────────────────────────────────────────────┐
│ (index) │          step          │ gasUsed │  gasPriceWei  │  gasPriceGwei  │ transactionFeeWei  │     transactionFee     │ nativeToken │                                txHash                                │
├─────────┼────────────────────────┼─────────┼───────────────┼────────────────┼────────────────────┼────────────────────────┼─────────────┼──────────────────────────────────────────────────────────────────────┤
│    0    │    'approve (Amoy)'    │ '47177' │ '50000000094' │ '50.000000094' │ '2358850004434638' │ '0.002358850004434638' │    'POL'    │ '0x2ce27a79f78ab8607887af21a89d7373ba7bc6157400c5f4e47d18fc6f0beda7' │
│    1    │    'deposit (Amoy)'    │ '62957' │ '50000000094' │ '50.000000094' │ '3147850005917958' │ '0.003147850005917958' │    'POL'    │ '0x951aebf8e7881906516a53ccf3bf342e93976f5f7c25bf6441a9da02708bea01' │
│    2    │ 'executeBridge (Fuji)' │ '78455' │     '160'     │  '0.00000016'  │     '12552800'     │  '0.0000000000125528'  │   'AVAX'    │ '0x3901b5ab67c49089473d1fafa8a8eff7126fdf873b984444ad57baebc510b844' │
└─────────┴────────────────────────┴─────────┴───────────────┴────────────────┴────────────────────┴────────────────────────┴─────────────┴──────────────────────────────────────────────────────────────────────┘

💾 [LOGGER] Dados da transação salvos em: logs/testnet_logs.json
npm warn cli npm v11.13.0 does not support Node.js v18.19.1. This version of npm supports the following node versions: `^20.17.0 || >=22.9.0`. You can find the latest version at https://nodejs.org/.

--- Iniciando Transação Cross-Chain (LINK): Amoy -> Fuji ---
Usuário enviando: 0.001 LINK

[1/3] Aprovando LINK na Amoy para o Notary...
Aprovação concluída! Tx: 0x11a911f92e67941684ce0cd546423b41cb382c754b988316d426e7b8be9bf031
Gas Used: 47177
Gas Price: 30.000000063 Gwei
Transaction Fee: 0.001415310002972151 POL
Aguardando 5 segundos para propagação do allowance na rede...

[2/3] Depositando LINK no Notary da Amoy...
Depósito realizado com sucesso! ID do Depósito gerado: 30
Gas Used: 62957
Gas Price: 30.000000063 Gwei
Transaction Fee: 0.001888710003966291 POL

[3/3] Nó validador executando a ponte na Fuji...
Execução concluída! Tx: 0x8e21b4b5e8ff3976f24d45b3a212d11cdbb4464e93e3b52507ae6aecda59b698
Gas Used: 78455
Gas Price: 0.00000016 Gwei
Transaction Fee: 0.0000000000125528 AVAX
Saldo na Fuji ANTES: 5.506 LINK
Saldo na Fuji DEPOIS: 5.507 LINK

--- Resumo de gás (fluxo cross-chain completo) ---
┌─────────┬────────────────────────┬─────────┬───────────────┬────────────────┬────────────────────┬────────────────────────┬─────────────┬──────────────────────────────────────────────────────────────────────┐
│ (index) │          step          │ gasUsed │  gasPriceWei  │  gasPriceGwei  │ transactionFeeWei  │     transactionFee     │ nativeToken │                                txHash                                │
├─────────┼────────────────────────┼─────────┼───────────────┼────────────────┼────────────────────┼────────────────────────┼─────────────┼──────────────────────────────────────────────────────────────────────┤
│    0    │    'approve (Amoy)'    │ '47177' │ '30000000063' │ '30.000000063' │ '1415310002972151' │ '0.001415310002972151' │    'POL'    │ '0x11a911f92e67941684ce0cd546423b41cb382c754b988316d426e7b8be9bf031' │
│    1    │    'deposit (Amoy)'    │ '62957' │ '30000000063' │ '30.000000063' │ '1888710003966291' │ '0.001888710003966291' │    'POL'    │ '0x075aa0e19f571bbbbffa8329ed104077c03712846760a9b8e64f4fc839cd93d0' │
│    2    │ 'executeBridge (Fuji)' │ '78455' │     '160'     │  '0.00000016'  │     '12552800'     │  '0.0000000000125528'  │   'AVAX'    │ '0x8e21b4b5e8ff3976f24d45b3a212d11cdbb4464e93e3b52507ae6aecda59b698' │
└─────────┴────────────────────────┴─────────┴───────────────┴────────────────┴────────────────────┴────────────────────────┴─────────────┴──────────────────────────────────────────────────────────────────────┘

💾 [LOGGER] Dados da transação salvos em: logs/testnet_logs.json
npm warn cli npm v11.13.0 does not support Node.js v18.19.1. This version of npm supports the following node versions: `^20.17.0 || >=22.9.0`. You can find the latest version at https://nodejs.org/.

--- Iniciando Transação Cross-Chain (LINK): Amoy -> Fuji ---
Usuário enviando: 0.001 LINK

[1/3] Aprovando LINK na Amoy para o Notary...
Aprovação concluída! Tx: 0xe4cfe00fb5329325bb5b5cc0f123834e80bd75f46859400c5485fd83469def12
Gas Used: 47177
Gas Price: 30.000000063 Gwei
Transaction Fee: 0.001415310002972151 POL
Aguardando 5 segundos para propagação do allowance na rede...

[2/3] Depositando LINK no Notary da Amoy...
Depósito realizado com sucesso! ID do Depósito gerado: 31
Gas Used: 62957
Gas Price: 30.000000063 Gwei
Transaction Fee: 0.001888710003966291 POL

[3/3] Nó validador executando a ponte na Fuji...
Execução concluída! Tx: 0x81a2ee9c8823f89bd9d480247531a83871f48c5aec658bc671a0b32edc6dc45e
Gas Used: 78455
Gas Price: 0.00000016 Gwei
Transaction Fee: 0.0000000000125528 AVAX
Saldo na Fuji ANTES: 5.506 LINK
Saldo na Fuji DEPOIS: 5.507 LINK

--- Resumo de gás (fluxo cross-chain completo) ---
┌─────────┬────────────────────────┬─────────┬───────────────┬────────────────┬────────────────────┬────────────────────────┬─────────────┬──────────────────────────────────────────────────────────────────────┐
│ (index) │          step          │ gasUsed │  gasPriceWei  │  gasPriceGwei  │ transactionFeeWei  │     transactionFee     │ nativeToken │                                txHash                                │
├─────────┼────────────────────────┼─────────┼───────────────┼────────────────┼────────────────────┼────────────────────────┼─────────────┼──────────────────────────────────────────────────────────────────────┤
│    0    │    'approve (Amoy)'    │ '47177' │ '30000000063' │ '30.000000063' │ '1415310002972151' │ '0.001415310002972151' │    'POL'    │ '0xe4cfe00fb5329325bb5b5cc0f123834e80bd75f46859400c5485fd83469def12' │
│    1    │    'deposit (Amoy)'    │ '62957' │ '30000000063' │ '30.000000063' │ '1888710003966291' │ '0.001888710003966291' │    'POL'    │ '0x9f6d110e721b082ab9963d1bb72e828690795b6e06e84aab14de7bf911b12899' │
│    2    │ 'executeBridge (Fuji)' │ '78455' │     '160'     │  '0.00000016'  │     '12552800'     │  '0.0000000000125528'  │   'AVAX'    │ '0x81a2ee9c8823f89bd9d480247531a83871f48c5aec658bc671a0b32edc6dc45e' │
└─────────┴────────────────────────┴─────────┴───────────────┴────────────────┴────────────────────┴────────────────────────┴─────────────┴──────────────────────────────────────────────────────────────────────┘

💾 [LOGGER] Dados da transação salvos em: logs/testnet_logs.json
npm warn cli npm v11.13.0 does not support Node.js v18.19.1. This version of npm supports the following node versions: `^20.17.0 || >=22.9.0`. You can find the latest version at https://nodejs.org/.

--- Iniciando Transação Cross-Chain (LINK): Amoy -> Fuji ---
Usuário enviando: 0.001 LINK

[1/3] Aprovando LINK na Amoy para o Notary...
Aprovação concluída! Tx: 0x005ffee029064429d25dfe09859988dfc6f7ead4c332793779108de22344d9cf
Gas Used: 47177
Gas Price: 50.000000063 Gwei
Transaction Fee: 0.002358850002972151 POL
Aguardando 5 segundos para propagação do allowance na rede...

[2/3] Depositando LINK no Notary da Amoy...
Depósito realizado com sucesso! ID do Depósito gerado: 32
Gas Used: 62957
Gas Price: 50.000000063 Gwei
Transaction Fee: 0.003147850003966291 POL

[3/3] Nó validador executando a ponte na Fuji...
Execução concluída! Tx: 0xb604d76708efd688125884c68e374d9b499f2a9038f64c69b967235049df5d2a
Gas Used: 78455
Gas Price: 0.00000016 Gwei
Transaction Fee: 0.0000000000125528 AVAX
Saldo na Fuji ANTES: 5.506 LINK
Saldo na Fuji DEPOIS: 5.507 LINK

--- Resumo de gás (fluxo cross-chain completo) ---
┌─────────┬────────────────────────┬─────────┬───────────────┬────────────────┬────────────────────┬────────────────────────┬─────────────┬──────────────────────────────────────────────────────────────────────┐
│ (index) │          step          │ gasUsed │  gasPriceWei  │  gasPriceGwei  │ transactionFeeWei  │     transactionFee     │ nativeToken │                                txHash                                │
├─────────┼────────────────────────┼─────────┼───────────────┼────────────────┼────────────────────┼────────────────────────┼─────────────┼──────────────────────────────────────────────────────────────────────┤
│    0    │    'approve (Amoy)'    │ '47177' │ '50000000063' │ '50.000000063' │ '2358850002972151' │ '0.002358850002972151' │    'POL'    │ '0x005ffee029064429d25dfe09859988dfc6f7ead4c332793779108de22344d9cf' │
│    1    │    'deposit (Amoy)'    │ '62957' │ '50000000063' │ '50.000000063' │ '3147850003966291' │ '0.003147850003966291' │    'POL'    │ '0xa884548886c073a8c55347e8da7ebb663e14dc5395e99648ce079af6e7812687' │
│    2    │ 'executeBridge (Fuji)' │ '78455' │     '160'     │  '0.00000016'  │     '12552800'     │  '0.0000000000125528'  │   'AVAX'    │ '0xb604d76708efd688125884c68e374d9b499f2a9038f64c69b967235049df5d2a' │
└─────────┴────────────────────────┴─────────┴───────────────┴────────────────┴────────────────────┴────────────────────────┴─────────────┴──────────────────────────────────────────────────────────────────────┘

💾 [LOGGER] Dados da transação salvos em: logs/testnet_logs.json
npm warn cli npm v11.13.0 does not support Node.js v18.19.1. This version of npm supports the following node versions: `^20.17.0 || >=22.9.0`. You can find the latest version at https://nodejs.org/.

--- Iniciando Transação Cross-Chain (LINK): Amoy -> Fuji ---
Usuário enviando: 0.001 LINK

[1/3] Aprovando LINK na Amoy para o Notary...
Aprovação concluída! Tx: 0x74482a3f3a1705bda9ff57600c19820a1f0f8a1ba446075998ba9924a7a87fdf
Gas Used: 47177
Gas Price: 30.000000063 Gwei
Transaction Fee: 0.001415310002972151 POL
Aguardando 5 segundos para propagação do allowance na rede...

[2/3] Depositando LINK no Notary da Amoy...
Depósito realizado com sucesso! ID do Depósito gerado: 33
Gas Used: 62957
Gas Price: 30.000000063 Gwei
Transaction Fee: 0.001888710003966291 POL

[3/3] Nó validador executando a ponte na Fuji...
Execução concluída! Tx: 0x2fba6a6ac003a3e3ef37be0e5411d64e93406bea89985f5c38977a42f53c0b24
Gas Used: 78455
Gas Price: 0.00000016 Gwei
Transaction Fee: 0.0000000000125528 AVAX
Saldo na Fuji ANTES: 5.506 LINK
Saldo na Fuji DEPOIS: 5.507 LINK

--- Resumo de gás (fluxo cross-chain completo) ---
┌─────────┬────────────────────────┬─────────┬───────────────┬────────────────┬────────────────────┬────────────────────────┬─────────────┬──────────────────────────────────────────────────────────────────────┐
│ (index) │          step          │ gasUsed │  gasPriceWei  │  gasPriceGwei  │ transactionFeeWei  │     transactionFee     │ nativeToken │                                txHash                                │
├─────────┼────────────────────────┼─────────┼───────────────┼────────────────┼────────────────────┼────────────────────────┼─────────────┼──────────────────────────────────────────────────────────────────────┤
│    0    │    'approve (Amoy)'    │ '47177' │ '30000000063' │ '30.000000063' │ '1415310002972151' │ '0.001415310002972151' │    'POL'    │ '0x74482a3f3a1705bda9ff57600c19820a1f0f8a1ba446075998ba9924a7a87fdf' │
│    1    │    'deposit (Amoy)'    │ '62957' │ '30000000063' │ '30.000000063' │ '1888710003966291' │ '0.001888710003966291' │    'POL'    │ '0x10788cdff66f24e7e8c168f53ca016e32b9a3abace7a864829d1786d0006ec72' │
│    2    │ 'executeBridge (Fuji)' │ '78455' │     '160'     │  '0.00000016'  │     '12552800'     │  '0.0000000000125528'  │   'AVAX'    │ '0x2fba6a6ac003a3e3ef37be0e5411d64e93406bea89985f5c38977a42f53c0b24' │
└─────────┴────────────────────────┴─────────┴───────────────┴────────────────┴────────────────────┴────────────────────────┴─────────────┴──────────────────────────────────────────────────────────────────────┘

💾 [LOGGER] Dados da transação salvos em: logs/testnet_logs.json
npm warn cli npm v11.13.0 does not support Node.js v18.19.1. This version of npm supports the following node versions: `^20.17.0 || >=22.9.0`. You can find the latest version at https://nodejs.org/.

--- Iniciando Transação Cross-Chain (LINK): Amoy -> Fuji ---
Usuário enviando: 0.001 LINK

[1/3] Aprovando LINK na Amoy para o Notary...
Aprovação concluída! Tx: 0x705c530cb2984cef53e26450b0407bb7f45efdff9fafacb74adac0ea81828e6c
Gas Used: 47177
Gas Price: 30.000000063 Gwei
Transaction Fee: 0.001415310002972151 POL
Aguardando 5 segundos para propagação do allowance na rede...

[2/3] Depositando LINK no Notary da Amoy...
Depósito realizado com sucesso! ID do Depósito gerado: 34
Gas Used: 62957
Gas Price: 30.000000063 Gwei
Transaction Fee: 0.001888710003966291 POL

[3/3] Nó validador executando a ponte na Fuji...
Execução concluída! Tx: 0x67f38ea23f414025290c8871aac60c4222e1b7c5d7fc72ffd2cd895948b9fc49
Gas Used: 78455
Gas Price: 0.00000016 Gwei
Transaction Fee: 0.0000000000125528 AVAX
Saldo na Fuji ANTES: 5.506 LINK
Saldo na Fuji DEPOIS: 5.507 LINK

--- Resumo de gás (fluxo cross-chain completo) ---
┌─────────┬────────────────────────┬─────────┬───────────────┬────────────────┬────────────────────┬────────────────────────┬─────────────┬──────────────────────────────────────────────────────────────────────┐
│ (index) │          step          │ gasUsed │  gasPriceWei  │  gasPriceGwei  │ transactionFeeWei  │     transactionFee     │ nativeToken │                                txHash                                │
├─────────┼────────────────────────┼─────────┼───────────────┼────────────────┼────────────────────┼────────────────────────┼─────────────┼──────────────────────────────────────────────────────────────────────┤
│    0    │    'approve (Amoy)'    │ '47177' │ '30000000063' │ '30.000000063' │ '1415310002972151' │ '0.001415310002972151' │    'POL'    │ '0x705c530cb2984cef53e26450b0407bb7f45efdff9fafacb74adac0ea81828e6c' │
│    1    │    'deposit (Amoy)'    │ '62957' │ '30000000063' │ '30.000000063' │ '1888710003966291' │ '0.001888710003966291' │    'POL'    │ '0x1a23bb23df01cb706abb40f303113fc3458e3103eb7f96ab2564550f837a4812' │
│    2    │ 'executeBridge (Fuji)' │ '78455' │     '160'     │  '0.00000016'  │     '12552800'     │  '0.0000000000125528'  │   'AVAX'    │ '0x67f38ea23f414025290c8871aac60c4222e1b7c5d7fc72ffd2cd895948b9fc49' │
└─────────┴────────────────────────┴─────────┴───────────────┴────────────────┴────────────────────┴────────────────────────┴─────────────┴──────────────────────────────────────────────────────────────────────┘

💾 [LOGGER] Dados da transação salvos em: logs/testnet_logs.json
npm warn cli npm v11.13.0 does not support Node.js v18.19.1. This version of npm supports the following node versions: `^20.17.0 || >=22.9.0`. You can find the latest version at https://nodejs.org/.

--- Iniciando Transação Cross-Chain (LINK): Amoy -> Fuji ---
Usuário enviando: 0.001 LINK

[1/3] Aprovando LINK na Amoy para o Notary...
Aprovação concluída! Tx: 0x2251e0e35eb61711ee61691551af631aa148f740b84270a6b2d47ee612b20894
Gas Used: 47177
Gas Price: 30.000000063 Gwei
Transaction Fee: 0.001415310002972151 POL
Aguardando 5 segundos para propagação do allowance na rede...

[2/3] Depositando LINK no Notary da Amoy...
Depósito realizado com sucesso! ID do Depósito gerado: 35
Gas Used: 62957
Gas Price: 30.000000063 Gwei
Transaction Fee: 0.001888710003966291 POL

[3/3] Nó validador executando a ponte na Fuji...
Execução concluída! Tx: 0x8f3dd79c2f79e5dea3f360a1e2d7175e879cda9e59fad5b187616a0b06adae51
Gas Used: 78455
Gas Price: 0.00000016 Gwei
Transaction Fee: 0.0000000000125528 AVAX
Saldo na Fuji ANTES: 5.506 LINK
Saldo na Fuji DEPOIS: 5.507 LINK

--- Resumo de gás (fluxo cross-chain completo) ---
┌─────────┬────────────────────────┬─────────┬───────────────┬────────────────┬────────────────────┬────────────────────────┬─────────────┬──────────────────────────────────────────────────────────────────────┐
│ (index) │          step          │ gasUsed │  gasPriceWei  │  gasPriceGwei  │ transactionFeeWei  │     transactionFee     │ nativeToken │                                txHash                                │
├─────────┼────────────────────────┼─────────┼───────────────┼────────────────┼────────────────────┼────────────────────────┼─────────────┼──────────────────────────────────────────────────────────────────────┤
│    0    │    'approve (Amoy)'    │ '47177' │ '30000000063' │ '30.000000063' │ '1415310002972151' │ '0.001415310002972151' │    'POL'    │ '0x2251e0e35eb61711ee61691551af631aa148f740b84270a6b2d47ee612b20894' │
│    1    │    'deposit (Amoy)'    │ '62957' │ '30000000063' │ '30.000000063' │ '1888710003966291' │ '0.001888710003966291' │    'POL'    │ '0x1744bed5e4871bf7419d69df300958e620d0c6fb63af453b29d0814bfe12e939' │
│    2    │ 'executeBridge (Fuji)' │ '78455' │     '160'     │  '0.00000016'  │     '12552800'     │  '0.0000000000125528'  │   'AVAX'    │ '0x8f3dd79c2f79e5dea3f360a1e2d7175e879cda9e59fad5b187616a0b06adae51' │
└─────────┴────────────────────────┴─────────┴───────────────┴────────────────┴────────────────────┴────────────────────────┴─────────────┴──────────────────────────────────────────────────────────────────────┘

💾 [LOGGER] Dados da transação salvos em: logs/testnet_logs.json
npm warn cli npm v11.13.0 does not support Node.js v18.19.1. This version of npm supports the following node versions: `^20.17.0 || >=22.9.0`. You can find the latest version at https://nodejs.org/.

--- Iniciando Transação Cross-Chain (LINK): Amoy -> Fuji ---
Usuário enviando: 0.001 LINK

[1/3] Aprovando LINK na Amoy para o Notary...
Aprovação concluída! Tx: 0x93cee7e6cd32dea395f0db125ac9e285d47fe262bb98d361b03006a6a1edd3b7
Gas Used: 47177
Gas Price: 30.000000063 Gwei
Transaction Fee: 0.001415310002972151 POL
Aguardando 5 segundos para propagação do allowance na rede...

[2/3] Depositando LINK no Notary da Amoy...
Depósito realizado com sucesso! ID do Depósito gerado: 36
Gas Used: 62957
Gas Price: 30.000000063 Gwei
Transaction Fee: 0.001888710003966291 POL

[3/3] Nó validador executando a ponte na Fuji...
Execução concluída! Tx: 0xe311ef2e536aff0f3fa35872aa4d01845a415acd3a0f4f32b4da4b2a09dd5aec
Gas Used: 78455
Gas Price: 0.00000016 Gwei
Transaction Fee: 0.0000000000125528 AVAX
Saldo na Fuji ANTES: 5.506 LINK
Saldo na Fuji DEPOIS: 5.507 LINK

--- Resumo de gás (fluxo cross-chain completo) ---
┌─────────┬────────────────────────┬─────────┬───────────────┬────────────────┬────────────────────┬────────────────────────┬─────────────┬──────────────────────────────────────────────────────────────────────┐
│ (index) │          step          │ gasUsed │  gasPriceWei  │  gasPriceGwei  │ transactionFeeWei  │     transactionFee     │ nativeToken │                                txHash                                │
├─────────┼────────────────────────┼─────────┼───────────────┼────────────────┼────────────────────┼────────────────────────┼─────────────┼──────────────────────────────────────────────────────────────────────┤
│    0    │    'approve (Amoy)'    │ '47177' │ '30000000063' │ '30.000000063' │ '1415310002972151' │ '0.001415310002972151' │    'POL'    │ '0x93cee7e6cd32dea395f0db125ac9e285d47fe262bb98d361b03006a6a1edd3b7' │
│    1    │    'deposit (Amoy)'    │ '62957' │ '30000000063' │ '30.000000063' │ '1888710003966291' │ '0.001888710003966291' │    'POL'    │ '0x43df86bf141fb3155015519f0a37596fbe3176ab8a89e9eadd97d7408c1327fe' │
│    2    │ 'executeBridge (Fuji)' │ '78455' │     '160'     │  '0.00000016'  │     '12552800'     │  '0.0000000000125528'  │   'AVAX'    │ '0xe311ef2e536aff0f3fa35872aa4d01845a415acd3a0f4f32b4da4b2a09dd5aec' │
└─────────┴────────────────────────┴─────────┴───────────────┴────────────────┴────────────────────┴────────────────────────┴─────────────┴──────────────────────────────────────────────────────────────────────┘

💾 [LOGGER] Dados da transação salvos em: logs/testnet_logs.json
npm warn cli npm v11.13.0 does not support Node.js v18.19.1. This version of npm supports the following node versions: `^20.17.0 || >=22.9.0`. You can find the latest version at https://nodejs.org/.

--- Iniciando Transação Cross-Chain (LINK): Amoy -> Fuji ---
Usuário enviando: 0.001 LINK

[1/3] Aprovando LINK na Amoy para o Notary...
Aprovação concluída! Tx: 0x6a678ef28256e3ff8be635666e9f6293b6de95eb986f89be34e4d025244e9441
Gas Used: 47177
Gas Price: 32.435460804 Gwei
Transaction Fee: 0.001530207734350308 POL
Aguardando 5 segundos para propagação do allowance na rede...

[2/3] Depositando LINK no Notary da Amoy...
Depósito realizado com sucesso! ID do Depósito gerado: 37
Gas Used: 62957
Gas Price: 32.435460804 Gwei
Transaction Fee: 0.002042039305837428 POL

[3/3] Nó validador executando a ponte na Fuji...
Execução concluída! Tx: 0x66c57a45ec69b8d9875f8a41494ea33695ef4afa3ef783c34c2f29095345f44e
Gas Used: 78455
Gas Price: 0.00000016 Gwei
Transaction Fee: 0.0000000000125528 AVAX
Saldo na Fuji ANTES: 5.506 LINK
Saldo na Fuji DEPOIS: 5.507 LINK

--- Resumo de gás (fluxo cross-chain completo) ---
┌─────────┬────────────────────────┬─────────┬───────────────┬────────────────┬────────────────────┬────────────────────────┬─────────────┬──────────────────────────────────────────────────────────────────────┐
│ (index) │          step          │ gasUsed │  gasPriceWei  │  gasPriceGwei  │ transactionFeeWei  │     transactionFee     │ nativeToken │                                txHash                                │
├─────────┼────────────────────────┼─────────┼───────────────┼────────────────┼────────────────────┼────────────────────────┼─────────────┼──────────────────────────────────────────────────────────────────────┤
│    0    │    'approve (Amoy)'    │ '47177' │ '32435460804' │ '32.435460804' │ '1530207734350308' │ '0.001530207734350308' │    'POL'    │ '0x6a678ef28256e3ff8be635666e9f6293b6de95eb986f89be34e4d025244e9441' │
│    1    │    'deposit (Amoy)'    │ '62957' │ '32435460804' │ '32.435460804' │ '2042039305837428' │ '0.002042039305837428' │    'POL'    │ '0xde154a7640772d732af75ea4e3d53b202090287c0c47edbd92abd787d6d4a3d9' │
│    2    │ 'executeBridge (Fuji)' │ '78455' │     '160'     │  '0.00000016'  │     '12552800'     │  '0.0000000000125528'  │   'AVAX'    │ '0x66c57a45ec69b8d9875f8a41494ea33695ef4afa3ef783c34c2f29095345f44e' │
└─────────┴────────────────────────┴─────────┴───────────────┴────────────────┴────────────────────┴────────────────────────┴─────────────┴──────────────────────────────────────────────────────────────────────┘

💾 [LOGGER] Dados da transação salvos em: logs/testnet_logs.json
npm warn cli npm v11.13.0 does not support Node.js v18.19.1. This version of npm supports the following node versions: `^20.17.0 || >=22.9.0`. You can find the latest version at https://nodejs.org/.

--- Iniciando Transação Cross-Chain (LINK): Amoy -> Fuji ---
Usuário enviando: 0.001 LINK

[1/3] Aprovando LINK na Amoy para o Notary...
Aprovação concluída! Tx: 0x6a33e611120376474f1c65a58353e9ab42cc09cc8e1a3a90806247ab23fce7d7
Gas Used: 47177
Gas Price: 30.467321835 Gwei
Transaction Fee: 0.001437356842209795 POL
Aguardando 5 segundos para propagação do allowance na rede...

[2/3] Depositando LINK no Notary da Amoy...
Depósito realizado com sucesso! ID do Depósito gerado: 38
Gas Used: 62957
Gas Price: 30.467321835 Gwei
Transaction Fee: 0.001918131180766095 POL

[3/3] Nó validador executando a ponte na Fuji...
Execução concluída! Tx: 0xd6dc9c4b8b6f8a33b11974a2a87d443d7945175f7047721d0e536de5fcb3dd24
Gas Used: 78455
Gas Price: 0.00000016 Gwei
Transaction Fee: 0.0000000000125528 AVAX
Saldo na Fuji ANTES: 5.506 LINK
Saldo na Fuji DEPOIS: 5.507 LINK

--- Resumo de gás (fluxo cross-chain completo) ---
┌─────────┬────────────────────────┬─────────┬───────────────┬────────────────┬────────────────────┬────────────────────────┬─────────────┬──────────────────────────────────────────────────────────────────────┐
│ (index) │          step          │ gasUsed │  gasPriceWei  │  gasPriceGwei  │ transactionFeeWei  │     transactionFee     │ nativeToken │                                txHash                                │
├─────────┼────────────────────────┼─────────┼───────────────┼────────────────┼────────────────────┼────────────────────────┼─────────────┼──────────────────────────────────────────────────────────────────────┤
│    0    │    'approve (Amoy)'    │ '47177' │ '30467321835' │ '30.467321835' │ '1437356842209795' │ '0.001437356842209795' │    'POL'    │ '0x6a33e611120376474f1c65a58353e9ab42cc09cc8e1a3a90806247ab23fce7d7' │
│    1    │    'deposit (Amoy)'    │ '62957' │ '30467321835' │ '30.467321835' │ '1918131180766095' │ '0.001918131180766095' │    'POL'    │ '0x01087a47014a7d478e1ff52f0df33ab7238e35e63b1026ca0b3fbb487a8af229' │
│    2    │ 'executeBridge (Fuji)' │ '78455' │     '160'     │  '0.00000016'  │     '12552800'     │  '0.0000000000125528'  │   'AVAX'    │ '0xd6dc9c4b8b6f8a33b11974a2a87d443d7945175f7047721d0e536de5fcb3dd24' │
└─────────┴────────────────────────┴─────────┴───────────────┴────────────────┴────────────────────┴────────────────────────┴─────────────┴──────────────────────────────────────────────────────────────────────┘

💾 [LOGGER] Dados da transação salvos em: logs/testnet_logs.json
npm warn cli npm v11.13.0 does not support Node.js v18.19.1. This version of npm supports the following node versions: `^20.17.0 || >=22.9.0`. You can find the latest version at https://nodejs.org/.

--- Iniciando Transação Cross-Chain (LINK): Amoy -> Fuji ---
Usuário enviando: 0.001 LINK

[1/3] Aprovando LINK na Amoy para o Notary...
Aprovação concluída! Tx: 0x4d39e098f2e9132d6d4c4c5a5f173958cb9df22a93fcad18606cfc45d4a9e7a0
Gas Used: 47177
Gas Price: 30.000000094 Gwei
Transaction Fee: 0.001415310004434638 POL
Aguardando 5 segundos para propagação do allowance na rede...

[2/3] Depositando LINK no Notary da Amoy...
Depósito realizado com sucesso! ID do Depósito gerado: 39
Gas Used: 62957
Gas Price: 30.000000078 Gwei
Transaction Fee: 0.001888710004910646 POL

[3/3] Nó validador executando a ponte na Fuji...
Execução concluída! Tx: 0xba1066c9c26664ecf9da988e22697759c40e9795514d8d3384d12706a20f4678
Gas Used: 78455
Gas Price: 0.00000016 Gwei
Transaction Fee: 0.0000000000125528 AVAX
Saldo na Fuji ANTES: 5.506 LINK
Saldo na Fuji DEPOIS: 5.507 LINK

--- Resumo de gás (fluxo cross-chain completo) ---
┌─────────┬────────────────────────┬─────────┬───────────────┬────────────────┬────────────────────┬────────────────────────┬─────────────┬──────────────────────────────────────────────────────────────────────┐
│ (index) │          step          │ gasUsed │  gasPriceWei  │  gasPriceGwei  │ transactionFeeWei  │     transactionFee     │ nativeToken │                                txHash                                │
├─────────┼────────────────────────┼─────────┼───────────────┼────────────────┼────────────────────┼────────────────────────┼─────────────┼──────────────────────────────────────────────────────────────────────┤
│    0    │    'approve (Amoy)'    │ '47177' │ '30000000094' │ '30.000000094' │ '1415310004434638' │ '0.001415310004434638' │    'POL'    │ '0x4d39e098f2e9132d6d4c4c5a5f173958cb9df22a93fcad18606cfc45d4a9e7a0' │
│    1    │    'deposit (Amoy)'    │ '62957' │ '30000000078' │ '30.000000078' │ '1888710004910646' │ '0.001888710004910646' │    'POL'    │ '0xdad794aa32985347eded9f4ae6efac6ce8c1b20d49f067489ac2caf4cab4ab68' │
│    2    │ 'executeBridge (Fuji)' │ '78455' │     '160'     │  '0.00000016'  │     '12552800'     │  '0.0000000000125528'  │   'AVAX'    │ '0xba1066c9c26664ecf9da988e22697759c40e9795514d8d3384d12706a20f4678' │
└─────────┴────────────────────────┴─────────┴───────────────┴────────────────┴────────────────────┴────────────────────────┴─────────────┴──────────────────────────────────────────────────────────────────────┘

💾 [LOGGER] Dados da transação salvos em: logs/testnet_logs.json
npm warn cli npm v11.13.0 does not support Node.js v18.19.1. This version of npm supports the following node versions: `^20.17.0 || >=22.9.0`. You can find the latest version at https://nodejs.org/.

--- Iniciando Transação Cross-Chain (LINK): Amoy -> Fuji ---
Usuário enviando: 0.001 LINK

[1/3] Aprovando LINK na Amoy para o Notary...
Aprovação concluída! Tx: 0xe850a08c8315df63d7d393dad16b73ad3f5753200a72bb26952d1be4e93567b9
Gas Used: 47177
Gas Price: 30.000000063 Gwei
Transaction Fee: 0.001415310002972151 POL
Aguardando 5 segundos para propagação do allowance na rede...

[2/3] Depositando LINK no Notary da Amoy...
Depósito realizado com sucesso! ID do Depósito gerado: 40
Gas Used: 62957
Gas Price: 30.000000063 Gwei
Transaction Fee: 0.001888710003966291 POL

[3/3] Nó validador executando a ponte na Fuji...
Execução concluída! Tx: 0x26bce5da41ad3a7cf662255951f82f5f8b7ba9509bfb6e6016122d757342226d
Gas Used: 78455
Gas Price: 0.00000016 Gwei
Transaction Fee: 0.0000000000125528 AVAX
Saldo na Fuji ANTES: 5.506 LINK
Saldo na Fuji DEPOIS: 5.507 LINK

--- Resumo de gás (fluxo cross-chain completo) ---
┌─────────┬────────────────────────┬─────────┬───────────────┬────────────────┬────────────────────┬────────────────────────┬─────────────┬──────────────────────────────────────────────────────────────────────┐
│ (index) │          step          │ gasUsed │  gasPriceWei  │  gasPriceGwei  │ transactionFeeWei  │     transactionFee     │ nativeToken │                                txHash                                │
├─────────┼────────────────────────┼─────────┼──────────────
┌─────────┬────────────────────────┬─────────┬───────────────┬────────────────┬────────────────────┬────────────────────────┬─────────────┬──────────────────────────────────────────────────────────────────────┐
│ (index) │          step          │ gasUsed │  gasPriceWei  │  gasPriceGwei  │ transactionFeeWei  │     transactionFee     │ nativeToken │                                txHash                                │
├─────────┼────────────────────────┼─────────┼───────────────┼────────────────┼────────────────────┼────────────────────────┼─────────────┼──────────────────────────────────────────────────────────────────────┤
│    0    │    'approve (Amoy)'    │ '47177' │ '30000000063' │ '30.000000063' │ '1415310002972151' │ '0.001415310002972151' │    'POL'    │ '0xe850a08c8315df63d7d393dad16b73ad3f5753200a72bb26952d1be4e93567b9' │
│    1    │    'deposit (Amoy)'    │ '62957' │ '30000000063' │ '30.000000063' │ '1888710003966291' │ '0.001888710003966291' │    'POL'    │ '0x74f40f09a81a11e6ae6de0fa39870532b61d3583d8a69ebeb989f9f2d6706184' │
│    2    │ 'executeBridge (Fuji)' │ '78455' │     '160'     │  '0.00000016'  │     '12552800'     │  '0.0000000000125528'  │   'AVAX'    │ '0x26bce5da41ad3a7cf662255951f82f5f8b7ba9509bfb6e6016122d757342226d' │
└─────────┴────────────────────────┴─────────┴───────────────┴────────────────┴────────────────────┴────────────────────────┴─────────────┴──────────────────────────────────────────────────────────────────────┘

💾 [LOGGER] Dados da transação salvos em: logs/testnet_logs.json
npm warn cli npm v11.13.0 does not support Node.js v18.19.1. This version of npm supports the following node versions: `^20.17.0 || >=22.9.0`. You can find the latest version at https://nodejs.org/.

--- Iniciando Transação Cross-Chain (LINK): Amoy -> Fuji ---
Usuário enviando: 0.001 LINK

[1/3] Aprovando LINK na Amoy para o Notary...
Aprovação concluída! Tx: 0xd3eff0b371e4136e6247bd70f03e7bb34636bddf74c70abedaa4c271121ab537
Gas Used: 47177
Gas Price: 63.111000095 Gwei
Transaction Fee: 0.002977387651481815 POL
Aguardando 5 segundos para propagação do allowance na rede...

[2/3] Depositando LINK no Notary da Amoy...
Depósito realizado com sucesso! ID do Depósito gerado: 41
Gas Used: 62957
Gas Price: 63.111000095 Gwei
Transaction Fee: 0.003973279232980915 POL

[3/3] Nó validador executando a ponte na Fuji...
Execução concluída! Tx: 0xc65c061f707d0561c14feb819851d53e5c65f3402de9aea062ffe5149f821079
Gas Used: 78455
Gas Price: 0.00000016 Gwei
Transaction Fee: 0.0000000000125528 AVAX
Saldo na Fuji ANTES: 5.506 LINK
Saldo na Fuji DEPOIS: 5.507 LINK

--- Resumo de gás (fluxo cross-chain completo) ---
┌─────────┬────────────────────────┬─────────┬───────────────┬────────────────┬────────────────────┬────────────────────────┬─────────────┬──────────────────────────────────────────────────────────────────────┐
│ (index) │          step          │ gasUsed │  gasPriceWei  │  gasPriceGwei  │ transactionFeeWei  │     transactionFee     │ nativeToken │                                txHash                                │
├─────────┼────────────────────────┼─────────┼───────────────┼────────────────┼────────────────────┼────────────────────────┼─────────────┼──────────────────────────────────────────────────────────────────────┤
│    0    │    'approve (Amoy)'    │ '47177' │ '63111000095' │ '63.111000095' │ '2977387651481815' │ '0.002977387651481815' │    'POL'    │ '0xd3eff0b371e4136e6247bd70f03e7bb34636bddf74c70abedaa4c271121ab537' │
│    1    │    'deposit (Amoy)'    │ '62957' │ '63111000095' │ '63.111000095' │ '3973279232980915' │ '0.003973279232980915' │    'POL'    │ '0x512ecfaacceb96e2debf7ddf7902c032f599c331fcd9462569472c4699441365' │
│    2    │ 'executeBridge (Fuji)' │ '78455' │     '160'     │  '0.00000016'  │     '12552800'     │  '0.0000000000125528'  │   'AVAX'    │ '0xc65c061f707d0561c14feb819851d53e5c65f3402de9aea062ffe5149f821079' │
└─────────┴────────────────────────┴─────────┴───────────────┴────────────────┴────────────────────┴────────────────────────┴─────────────┴──────────────────────────────────────────────────────────────────────┘

💾 [LOGGER] Dados da transação salvos em: logs/testnet_logs.json
npm warn cli npm v11.13.0 does not support Node.js v18.19.1. This version of npm supports the following node versions: `^20.17.0 || >=22.9.0`. You can find the latest version at https://nodejs.org/.

--- Iniciando Transação Cross-Chain (LINK): Amoy -> Fuji ---
Usuário enviando: 0.001 LINK

[1/3] Aprovando LINK na Amoy para o Notary...
Aprovação concluída! Tx: 0xc614b7a8efd7c5a93ea28c1797e38dd76b4928923fb1787bc40d0ad2596d5bdf
Gas Used: 47177
Gas Price: 86.400000063 Gwei
Transaction Fee: 0.004076092802972151 POL
Aguardando 5 segundos para propagação do allowance na rede...

[2/3] Depositando LINK no Notary da Amoy...
Depósito realizado com sucesso! ID do Depósito gerado: 42
Gas Used: 62957
Gas Price: 86.400000063 Gwei
Transaction Fee: 0.005439484803966291 POL

[3/3] Nó validador executando a ponte na Fuji...
Execução concluída! Tx: 0x17fc17eb2a12be6aec6656bc092caae849b104577d508f029bb31088a741b162
Gas Used: 78455
Gas Price: 0.00000016 Gwei
Transaction Fee: 0.0000000000125528 AVAX
Saldo na Fuji ANTES: 5.506 LINK
Saldo na Fuji DEPOIS: 5.507 LINK

--- Resumo de gás (fluxo cross-chain completo) ---
┌─────────┬────────────────────────┬─────────┬───────────────┬────────────────┬────────────────────┬────────────────────────┬─────────────┬──────────────────────────────────────────────────────────────────────┐
│ (index) │          step          │ gasUsed │  gasPriceWei  │  gasPriceGwei  │ transactionFeeWei  │     transactionFee     │ nativeToken │                                txHash                                │
├─────────┼────────────────────────┼─────────┼───────────────┼────────────────┼────────────────────┼────────────────────────┼─────────────┼──────────────────────────────────────────────────────────────────────┤
│    0    │    'approve (Amoy)'    │ '47177' │ '86400000063' │ '86.400000063' │ '4076092802972151' │ '0.004076092802972151' │    'POL'    │ '0xc614b7a8efd7c5a93ea28c1797e38dd76b4928923fb1787bc40d0ad2596d5bdf' │
│    1    │    'deposit (Amoy)'    │ '62957' │ '86400000063' │ '86.400000063' │ '5439484803966291' │ '0.005439484803966291' │    'POL'    │ '0xf010980108f70aaa95f8a2148f4494e3a3a468722be8c0121d90711a7271b9a8' │
│    2    │ 'executeBridge (Fuji)' │ '78455' │     '160'     │  '0.00000016'  │     '12552800'     │  '0.0000000000125528'  │   'AVAX'    │ '0x17fc17eb2a12be6aec6656bc092caae849b104577d508f029bb31088a741b162' │
└─────────┴────────────────────────┴─────────┴───────────────┴────────────────┴────────────────────┴────────────────────────┴─────────────┴──────────────────────────────────────────────────────────────────────┘

💾 [LOGGER] Dados da transação salvos em: logs/testnet_logs.json
npm warn cli npm v11.13.0 does not support Node.js v18.19.1. This version of npm supports the following node versions: `^20.17.0 || >=22.9.0`. You can find the latest version at https://nodejs.org/.

--- Iniciando Transação Cross-Chain (LINK): Amoy -> Fuji ---
Usuário enviando: 0.001 LINK

[1/3] Aprovando LINK na Amoy para o Notary...
Aprovação concluída! Tx: 0x127956b5f497fcfceb43a31ab6ae52ca5b46e46fbee31f3b268a836d7eb2549f
Gas Used: 47177
Gas Price: 143.100000052 Gwei
Transaction Fee: 0.006751028702453204 POL
Aguardando 5 segundos para propagação do allowance na rede...

[2/3] Depositando LINK no Notary da Amoy...
Depósito realizado com sucesso! ID do Depósito gerado: 43
Gas Used: 62957
Gas Price: 143.100000052 Gwei
Transaction Fee: 0.009009146703273764 POL

[3/3] Nó validador executando a ponte na Fuji...
Execução concluída! Tx: 0x9561b0e4eda70bc0ce98b6f4f1c7105cb8dbec217afd8940d7f31e270d33654a
Gas Used: 78455
Gas Price: 0.00000016 Gwei
Transaction Fee: 0.0000000000125528 AVAX
Saldo na Fuji ANTES: 5.506 LINK
Saldo na Fuji DEPOIS: 5.507 LINK

--- Resumo de gás (fluxo cross-chain completo) ---
┌─────────┬────────────────────────┬─────────┬────────────────┬─────────────────┬────────────────────┬────────────────────────┬─────────────┬──────────────────────────────────────────────────────────────────────┐
│ (index) │          step          │ gasUsed │  gasPriceWei   │  gasPriceGwei   │ transactionFeeWei  │     transactionFee     │ nativeToken │                                txHash                                │
├─────────┼────────────────────────┼─────────┼────────────────┼─────────────────┼────────────────────┼────────────────────────┼─────────────┼──────────────────────────────────────────────────────────────────────┤
│    0    │    'approve (Amoy)'    │ '47177' │ '143100000052' │ '143.100000052' │ '6751028702453204' │ '0.006751028702453204' │    'POL'    │ '0x127956b5f497fcfceb43a31ab6ae52ca5b46e46fbee31f3b268a836d7eb2549f' │
│    1    │    'deposit (Amoy)'    │ '62957' │ '143100000052' │ '143.100000052' │ '9009146703273764' │ '0.009009146703273764' │    'POL'    │ '0xa37fbd5730cae959dc4270286d57e9add93174189fe94505348f8bd5236a2ea0' │
│    2    │ 'executeBridge (Fuji)' │ '78455' │     '160'      │  '0.00000016'   │     '12552800'     │  '0.0000000000125528'  │   'AVAX'    │ '0x9561b0e4eda70bc0ce98b6f4f1c7105cb8dbec217afd8940d7f31e270d33654a' │
└─────────┴────────────────────────┴─────────┴────────────────┴─────────────────┴────────────────────┴────────────────────────┴─────────────┴──────────────────────────────────────────────────────────────────────┘

💾 [LOGGER] Dados da transação salvos em: logs/testnet_logs.json
npm warn cli npm v11.13.0 does not support Node.js v18.19.1. This version of npm supports the following node versions: `^20.17.0 || >=22.9.0`. You can find the latest version at https://nodejs.org/.

--- Iniciando Transação Cross-Chain (LINK): Amoy -> Fuji ---
Usuário enviando: 0.001 LINK

[1/3] Aprovando LINK na Amoy para o Notary...
Aprovação concluída! Tx: 0x333dca4dccf19f490c908f15da1b68f040677c2e606923b02d804ac034297e82
Gas Used: 47177
Gas Price: 30.000000063 Gwei
Transaction Fee: 0.001415310002972151 POL
Aguardando 5 segundos para propagação do allowance na rede...

[2/3] Depositando LINK no Notary da Amoy...
Depósito realizado com sucesso! ID do Depósito gerado: 44
Gas Used: 62957
Gas Price: 30.000000063 Gwei
Transaction Fee: 0.001888710003966291 POL

[3/3] Nó validador executando a ponte na Fuji...
Execução concluída! Tx: 0xa9bb8454849ef4de72d941a3f4ddbf1c363fb711ac960d98af6c325ead639324
Gas Used: 78455
Gas Price: 0.00000016 Gwei
Transaction Fee: 0.0000000000125528 AVAX
Saldo na Fuji ANTES: 5.506 LINK
Saldo na Fuji DEPOIS: 5.507 LINK

--- Resumo de gás (fluxo cross-chain completo) ---
┌─────────┬────────────────────────┬─────────┬───────────────┬────────────────┬────────────────────┬────────────────────────┬─────────────┬──────────────────────────────────────────────────────────────────────┐
│ (index) │          step          │ gasUsed │  gasPriceWei  │  gasPriceGwei  │ transactionFeeWei  │     transactionFee     │ nativeToken │                                txHash                                │
├─────────┼────────────────────────┼─────────┼───────────────┼────────────────┼────────────────────┼────────────────────────┼─────────────┼──────────────────────────────────────────────────────────────────────┤
│    0    │    'approve (Amoy)'    │ '47177' │ '30000000063' │ '30.000000063' │ '1415310002972151' │ '0.001415310002972151' │    'POL'    │ '0x333dca4dccf19f490c908f15da1b68f040677c2e606923b02d804ac034297e82' │
│    1    │    'deposit (Amoy)'    │ '62957' │ '30000000063' │ '30.000000063' │ '1888710003966291' │ '0.001888710003966291' │    'POL'    │ '0x86db85e5bdbd74bb622c589d3d6094d82474cef4e3afe06967c727b32e92d846' │
│    2    │ 'executeBridge (Fuji)' │ '78455' │     '160'     │  '0.00000016'  │     '12552800'     │  '0.0000000000125528'  │   'AVAX'    │ '0xa9bb8454849ef4de72d941a3f4ddbf1c363fb711ac960d98af6c325ead639324' │
└─────────┴────────────────────────┴─────────┴───────────────┴────────────────┴────────────────────┴────────────────────────┴─────────────┴──────────────────────────────────────────────────────────────────────┘

💾 [LOGGER] Dados da transação salvos em: logs/testnet_logs.json
npm warn cli npm v11.13.0 does not support Node.js v18.19.1. This version of npm supports the following node versions: `^20.17.0 || >=22.9.0`. You can find the latest version at https://nodejs.org/.

--- Iniciando Transação Cross-Chain (LINK): Amoy -> Fuji ---
Usuário enviando: 0.001 LINK

[1/3] Aprovando LINK na Amoy para o Notary...
Aprovação concluída! Tx: 0xbe42b7e6bf05d6045164def19f79cd86fe46effac3f6418d2e786ee0f94380f5
Gas Used: 47177
Gas Price: 30.000000063 Gwei
Transaction Fee: 0.001415310002972151 POL
Aguardando 5 segundos para propagação do allowance na rede...

[2/3] Depositando LINK no Notary da Amoy...
Depósito realizado com sucesso! ID do Depósito gerado: 45
Gas Used: 62957
Gas Price: 30.000000063 Gwei
Transaction Fee: 0.001888710003966291 POL

[3/3] Nó validador executando a ponte na Fuji...
Execução concluída! Tx: 0xf12f50283775d29c0af0848f7366bfdc16011599f11b965f6b62160d862338ec
Gas Used: 78455
Gas Price: 0.00000016 Gwei
Transaction Fee: 0.0000000000125528 AVAX
Saldo na Fuji ANTES: 5.506 LINK
Saldo na Fuji DEPOIS: 5.507 LINK

--- Resumo de gás (fluxo cross-chain completo) ---
┌─────────┬────────────────────────┬─────────┬───────────────┬────────────────┬────────────────────┬────────────────────────┬─────────────┬──────────────────────────────────────────────────────────────────────┐
│ (index) │          step          │ gasUsed │  gasPriceWei  │  gasPriceGwei  │ transactionFeeWei  │     transactionFee     │ nativeToken │                                txHash                                │
├─────────┼────────────────────────┼─────────┼───────────────┼────────────────┼────────────────────┼────────────────────────┼─────────────┼──────────────────────────────────────────────────────────────────────┤
│    0    │    'approve (Amoy)'    │ '47177' │ '30000000063' │ '30.000000063' │ '1415310002972151' │ '0.001415310002972151' │    'POL'    │ '0xbe42b7e6bf05d6045164def19f79cd86fe46effac3f6418d2e786ee0f94380f5' │
│    1    │    'deposit (Amoy)'    │ '62957' │ '30000000063' │ '30.000000063' │ '1888710003966291' │ '0.001888710003966291' │    'POL'    │ '0x73791b6b35bb153d176a6efabcb2991732d3d50c3d8394ca6f4295f696308b80' │
│    2    │ 'executeBridge (Fuji)' │ '78455' │     '160'     │  '0.00000016'  │     '12552800'     │  '0.0000000000125528'  │   'AVAX'    │ '0xf12f50283775d29c0af0848f7366bfdc16011599f11b965f6b62160d862338ec' │
└─────────┴────────────────────────┴─────────┴───────────────┴────────────────┴────────────────────┴────────────────────────┴─────────────┴──────────────────────────────────────────────────────────────────────┘

💾 [LOGGER] Dados da transação salvos em: logs/testnet_logs.json
npm warn cli npm v11.13.0 does not support Node.js v18.19.1. This version of npm supports the following node versions: `^20.17.0 || >=22.9.0`. You can find the latest version at https://nodejs.org/.

--- Iniciando Transação Cross-Chain (LINK): Amoy -> Fuji ---
Usuário enviando: 0.001 LINK

[1/3] Aprovando LINK na Amoy para o Notary...
Aprovação concluída! Tx: 0xc3fb26037500535e53f77ad2e40c9664f569b993237eb06d197c7358beae64b0
Gas Used: 47177
Gas Price: 30.000000063 Gwei
Transaction Fee: 0.001415310002972151 POL
Aguardando 5 segundos para propagação do allowance na rede...

[2/3] Depositando LINK no Notary da Amoy...
Depósito realizado com sucesso! ID do Depósito gerado: 46
Gas Used: 62957
Gas Price: 30.000000063 Gwei
Transaction Fee: 0.001888710003966291 POL

[3/3] Nó validador executando a ponte na Fuji...
Execução concluída! Tx: 0x1149bef63c3e144eab32ec1882fe54b36e89e13e8be61fffc712e201a78b5be5
Gas Used: 78455
Gas Price: 0.00000016 Gwei
Transaction Fee: 0.0000000000125528 AVAX
Saldo na Fuji ANTES: 5.506 LINK
Saldo na Fuji DEPOIS: 5.507 LINK

--- Resumo de gás (fluxo cross-chain completo) ---
┌─────────┬────────────────────────┬─────────┬───────────────┬────────────────┬────────────────────┬────────────────────────┬─────────────┬──────────────────────────────────────────────────────────────────────┐
│ (index) │          step          │ gasUsed │  gasPriceWei  │  gasPriceGwei  │ transactionFeeWei  │     transactionFee     │ nativeToken │                                txHash                                │
├─────────┼────────────────────────┼─────────┼───────────────┼────────────────┼────────────────────┼────────────────────────┼─────────────┼──────────────────────────────────────────────────────────────────────┤
│    0    │    'approve (Amoy)'    │ '47177' │ '30000000063' │ '30.000000063' │ '1415310002972151' │ '0.001415310002972151' │    'POL'    │ '0xc3fb26037500535e53f77ad2e40c9664f569b993237eb06d197c7358beae64b0' │
│    1    │    'deposit (Amoy)'    │ '62957' │ '30000000063' │ '30.000000063' │ '1888710003966291' │ '0.001888710003966291' │    'POL'    │ '0x94355c4a1cfbc195fffd6efba5a7d4389430bf83ab031b74ab84b491ba7c8eff' │
│    2    │ 'executeBridge (Fuji)' │ '78455' │     '160'     │  '0.00000016'  │     '12552800'     │  '0.0000000000125528'  │   'AVAX'    │ '0x1149bef63c3e144eab32ec1882fe54b36e89e13e8be61fffc712e201a78b5be5' │
└─────────┴────────────────────────┴─────────┴───────────────┴────────────────┴────────────────────┴────────────────────────┴─────────────┴──────────────────────────────────────────────────────────────────────┘

💾 [LOGGER] Dados da transação salvos em: logs/testnet_logs.json
npm warn cli npm v11.13.0 does not support Node.js v18.19.1. This version of npm supports the following node versions: `^20.17.0 || >=22.9.0`. You can find the latest version at https://nodejs.org/.

--- Iniciando Transação Cross-Chain (LINK): Amoy -> Fuji ---
Usuário enviando: 0.001 LINK

[1/3] Aprovando LINK na Amoy para o Notary...
Aprovação concluída! Tx: 0xfa2421aab2368deddedba1e92dec8404ed3b22f142a2612fdb583eed1eea4ee0
Gas Used: 47177
Gas Price: 30.000000063 Gwei
Transaction Fee: 0.001415310002972151 POL
Aguardando 5 segundos para propagação do allowance na rede...

[2/3] Depositando LINK no Notary da Amoy...
Depósito realizado com sucesso! ID do Depósito gerado: 47
Gas Used: 62957
Gas Price: 30.000000063 Gwei
Transaction Fee: 0.001888710003966291 POL

[3/3] Nó validador executando a ponte na Fuji...
Execução concluída! Tx: 0x3f2bd25d450a1f5bbe21fa34ddb15c32c60c9ed40b83f6b4264131e50de712c9
Gas Used: 78455
Gas Price: 0.00000016 Gwei
Transaction Fee: 0.0000000000125528 AVAX
Saldo na Fuji ANTES: 5.506 LINK
Saldo na Fuji DEPOIS: 5.507 LINK

--- Resumo de gás (fluxo cross-chain completo) ---
┌─────────┬────────────────────────┬─────────┬───────────────┬────────────────┬────────────────────┬────────────────────────┬─────────────┬──────────────────────────────────────────────────────────────────────┐
│ (index) │          step          │ gasUsed │  gasPriceWei  │  gasPriceGwei  │ transactionFeeWei  │     transactionFee     │ nativeToken │                                txHash                                │
├─────────┼────────────────────────┼─────────┼───────────────┼────────────────┼────────────────────┼────────────────────────┼─────────────┼──────────────────────────────────────────────────────────────────────┤
│    0    │    'approve (Amoy)'    │ '47177' │ '30000000063' │ '30.000000063' │ '1415310002972151' │ '0.001415310002972151' │    'POL'    │ '0xfa2421aab2368deddedba1e92dec8404ed3b22f142a2612fdb583eed1eea4ee0' │
│    1    │    'deposit (Amoy)'    │ '62957' │ '30000000063' │ '30.000000063' │ '1888710003966291' │ '0.001888710003966291' │    'POL'    │ '0x21377bf670e152efb76be59b5723f82639c675a690465d604ff0f9bd147a9b72' │
│    2    │ 'executeBridge (Fuji)' │ '78455' │     '160'     │  '0.00000016'  │     '12552800'     │  '0.0000000000125528'  │   'AVAX'    │ '0x3f2bd25d450a1f5bbe21fa34ddb15c32c60c9ed40b83f6b4264131e50de712c9' │
└─────────┴────────────────────────┴─────────┴───────────────┴────────────────┴────────────────────┴────────────────────────┴─────────────┴──────────────────────────────────────────────────────────────────────┘

💾 [LOGGER] Dados da transação salvos em: logs/testnet_logs.json
npm warn cli npm v11.13.0 does not support Node.js v18.19.1. This version of npm supports the following node versions: `^20.17.0 || >=22.9.0`. You can find the latest version at https://nodejs.org/.

--- Iniciando Transação Cross-Chain (LINK): Amoy -> Fuji ---
Usuário enviando: 0.001 LINK

[1/3] Aprovando LINK na Amoy para o Notary...
Aprovação concluída! Tx: 0xd57410b65363c7c7c8e88dfba7129fe41b3dc876772cd93027fb65d77cbf8243
Gas Used: 47177
Gas Price: 62.360156438 Gwei
Transaction Fee: 0.002941965100275526 POL
Aguardando 5 segundos para propagação do allowance na rede...

[2/3] Depositando LINK no Notary da Amoy...
Depósito realizado com sucesso! ID do Depósito gerado: 48
Gas Used: 62957
Gas Price: 62.360156438 Gwei
Transaction Fee: 0.003926008368867166 POL

[3/3] Nó validador executando a ponte na Fuji...
Execução concluída! Tx: 0x40379de03748de1e2ee6ead32f27f8b2043b8faa582e6facebe75e205b78843a
Gas Used: 78455
Gas Price: 0.00000016 Gwei
Transaction Fee: 0.0000000000125528 AVAX
Saldo na Fuji ANTES: 5.506 LINK
Saldo na Fuji DEPOIS: 5.507 LINK

--- Resumo de gás (fluxo cross-chain completo) ---
┌─────────┬────────────────────────┬─────────┬───────────────┬────────────────┬────────────────────┬────────────────────────┬─────────────┬──────────────────────────────────────────────────────────────────────┐
│ (index) │          step          │ gasUsed │  gasPriceWei  │  gasPriceGwei  │ transactionFeeWei  │     transactionFee     │ nativeToken │                                txHash                                │
├─────────┼────────────────────────┼─────────┼───────────────┼────────────────┼────────────────────┼────────────────────────┼─────────────┼──────────────────────────────────────────────────────────────────────┤
│    0    │    'approve (Amoy)'    │ '47177' │ '62360156438' │ '62.360156438' │ '2941965100275526' │ '0.002941965100275526' │    'POL'    │ '0xd57410b65363c7c7c8e88dfba7129fe41b3dc876772cd93027fb65d77cbf8243' │
│    1    │    'deposit (Amoy)'    │ '62957' │ '62360156438' │ '62.360156438' │ '3926008368867166' │ '0.003926008368867166' │    'POL'    │ '0xc025e503e657e3502c4e4ed971c5f4a2b6aeff32467040f594f330c3d961ba78' │
│    2    │ 'executeBridge (Fuji)' │ '78455' │     '160'     │  '0.00000016'  │     '12552800'     │  '0.0000000000125528'  │   'AVAX'    │ '0x40379de03748de1e2ee6ead32f27f8b2043b8faa582e6facebe75e205b78843a' │
└─────────┴────────────────────────┴─────────┴───────────────┴────────────────┴────────────────────┴────────────────────────┴─────────────┴──────────────────────────────────────────────────────────────────────┘

💾 [LOGGER] Dados da transação salvos em: logs/testnet_logs.json
npm warn cli npm v11.13.0 does not support Node.js v18.19.1. This version of npm supports the following node versions: `^20.17.0 || >=22.9.0`. You can find the latest version at https://nodejs.org/.

--- Iniciando Transação Cross-Chain (LINK): Amoy -> Fuji ---
Usuário enviando: 0.001 LINK

[1/3] Aprovando LINK na Amoy para o Notary...
Aprovação concluída! Tx: 0xf4de6a03ea8f8ec765e235d7ce6716b9179e8c19f09c395ec08f8034cd8588e2
Gas Used: 47177
Gas Price: 200.0 Gwei
Transaction Fee: 0.0094354 POL
Aguardando 5 segundos para propagação do allowance na rede...

[2/3] Depositando LINK no Notary da Amoy...
Depósito realizado com sucesso! ID do Depósito gerado: 49
Gas Used: 62957
Gas Price: 200.0 Gwei
Transaction Fee: 0.0125914 POL

[3/3] Nó validador executando a ponte na Fuji...
Execução concluída! Tx: 0x8f7af0e8fe190dcef0cbaaa5349b20a2fc00d512906f1baaaa581afa09621cd9
Gas Used: 78455
Gas Price: 0.00000016 Gwei
Transaction Fee: 0.0000000000125528 AVAX
Saldo na Fuji ANTES: 5.506 LINK
Saldo na Fuji DEPOIS: 5.507 LINK

--- Resumo de gás (fluxo cross-chain completo) ---
┌─────────┬────────────────────────┬─────────┬────────────────┬──────────────┬─────────────────────┬──────────────────────┬─────────────┬──────────────────────────────────────────────────────────────────────┐
│ (index) │          step          │ gasUsed │  gasPriceWei   │ gasPriceGwei │  transactionFeeWei  │    transactionFee    │ nativeToken │                                txHash                                │
├─────────┼────────────────────────┼─────────┼────────────────┼──────────────┼─────────────────────┼──────────────────────┼─────────────┼──────────────────────────────────────────────────────────────────────┤
│    0    │    'approve (Amoy)'    │ '47177' │ '200000000000' │   '200.0'    │ '9435400000000000'  │     '0.0094354'      │    'POL'    │ '0xf4de6a03ea8f8ec765e235d7ce6716b9179e8c19f09c395ec08f8034cd8588e2' │
│    1    │    'deposit (Amoy)'    │ '62957' │ '200000000000' │   '200.0'    │ '12591400000000000' │     '0.0125914'      │    'POL'    │ '0x0dc6e6d124bc0f670f949d5aa57bc024b159526a1fe0808dd7d372a4bde68563' │
│    2    │ 'executeBridge (Fuji)' │ '78455' │     '160'      │ '0.00000016' │     '12552800'      │ '0.0000000000125528' │   'AVAX'    │ '0x8f7af0e8fe190dcef0cbaaa5349b20a2fc00d512906f1baaaa581afa09621cd9' │
└─────────┴────────────────────────┴─────────┴────────────────┴──────────────┴─────────────────────┴──────────────────────┴─────────────┴──────────────────────────────────────────────────────────────────────┘

💾 [LOGGER] Dados da transação salvos em: logs/testnet_logs.json
npm warn cli npm v11.13.0 does not support Node.js v18.19.1. This version of npm supports the following node versions: `^20.17.0 || >=22.9.0`. You can find the latest version at https://nodejs.org/.

--- Iniciando Transação Cross-Chain (LINK): Amoy -> Fuji ---
Usuário enviando: 0.001 LINK

[1/3] Aprovando LINK na Amoy para o Notary...
Aprovação concluída! Tx: 0xcc1007268663ddccacbe85c262563bc8dfe5ee789c1b4a6b0379a4f4f134a034
Gas Used: 47177
Gas Price: 30.000000063 Gwei
Transaction Fee: 0.001415310002972151 POL
Aguardando 5 segundos para propagação do allowance na rede...

[2/3] Depositando LINK no Notary da Amoy...
Depósito realizado com sucesso! ID do Depósito gerado: 50
Gas Used: 62957
Gas Price: 30.000000063 Gwei
Transaction Fee: 0.001888710003966291 POL

[3/3] Nó validador executando a ponte na Fuji...
Execução concluída! Tx: 0xd506037bf612c8723619cb764f74f18979f6e030cba97070578a66c4138a17a2
Gas Used: 78455
Gas Price: 0.00000016 Gwei
Transaction Fee: 0.0000000000125528 AVAX
Saldo na Fuji ANTES: 5.506 LINK
Saldo na Fuji DEPOIS: 5.507 LINK

--- Resumo de gás (fluxo cross-chain completo) ---
┌─────────┬────────────────────────┬─────────┬───────────────┬────────────────┬────────────────────┬────────────────────────┬─────────────┬──────────────────────────────────────────────────────────────────────┐
│ (index) │          step          │ gasUsed │  gasPriceWei  │  gasPriceGwei  │ transactionFeeWei  │     transactionFee     │ nativeToken │                                txHash                                │
├─────────┼────────────────────────┼─────────┼───────────────┼────────────────┼────────────────────┼────────────────────────┼─────────────┼──────────────────────────────────────────────────────────────────────┤
│    0    │    'approve (Amoy)'    │ '47177' │ '30000000063' │ '30.000000063' │ '1415310002972151' │ '0.001415310002972151' │    'POL'    │ '0xcc1007268663ddccacbe85c262563bc8dfe5ee789c1b4a6b0379a4f4f134a034' │
│    1    │    'deposit (Amoy)'    │ '62957' │ '30000000063' │ '30.000000063' │ '1888710003966291' │ '0.001888710003966291' │    'POL'    │ '0x12c304dce760bba517ceb763b3a60ce2153b50bc80545e449ec54cc04435fabf' │
│    2    │ 'executeBridge (Fuji)' │ '78455' │     '160'     │  '0.00000016'  │     '12552800'     │  '0.0000000000125528'  │   'AVAX'    │ '0xd506037bf612c8723619cb764f74f18979f6e030cba97070578a66c4138a17a2' │
└─────────┴────────────────────────┴─────────┴───────────────┴────────────────┴────────────────────┴────────────────────────┴─────────────┴──────────────────────────────────────────────────────────────────────┘

💾 [LOGGER] Dados da transação salvos em: logs/testnet_logs.json
npm warn cli npm v11.13.0 does not support Node.js v18.19.1. This version of npm supports the following node versions: `^20.17.0 || >=22.9.0`. You can find the latest version at https://nodejs.org/.

--- Iniciando Transação Cross-Chain (LINK): Amoy -> Fuji ---
Usuário enviando: 0.001 LINK

[1/3] Aprovando LINK na Amoy para o Notary...
Aprovação concluída! Tx: 0xe91d0ca08e96c1771aeebba61d048e89cca4b56c2896fac78778d6b68601c395
Gas Used: 47177
Gas Price: 60.7438828 Gwei
Transaction Fee: 0.0028657141588556 POL
Aguardando 5 segundos para propagação do allowance na rede...

[2/3] Depositando LINK no Notary da Amoy...
Depósito realizado com sucesso! ID do Depósito gerado: 51
Gas Used: 62957
Gas Price: 60.7438828 Gwei
Transaction Fee: 0.0038242526294396 POL

[3/3] Nó validador executando a ponte na Fuji...
Execução concluída! Tx: 0xf6b94ff1b7e8b2be19633aabbf1d099fe47dd097e78692fc94740f3bfe3105a3
Gas Used: 78455
Gas Price: 0.00000016 Gwei
Transaction Fee: 0.0000000000125528 AVAX
Saldo na Fuji ANTES: 5.506 LINK
Saldo na Fuji DEPOIS: 5.507 LINK

--- Resumo de gás (fluxo cross-chain completo) ---
┌─────────┬────────────────────────┬─────────┬───────────────┬──────────────┬────────────────────┬──────────────────────┬─────────────┬──────────────────────────────────────────────────────────────────────┐
│ (index) │          step          │ gasUsed │  gasPriceWei  │ gasPriceGwei │ transactionFeeWei  │    transactionFee    │ nativeToken │                                txHash                                │
├─────────┼────────────────────────┼─────────┼───────────────┼──────────────┼────────────────────┼──────────────────────┼─────────────┼──────────────────────────────────────────────────────────────────────┤
│    0    │    'approve (Amoy)'    │ '47177' │ '60743882800' │ '60.7438828' │ '2865714158855600' │ '0.0028657141588556' │    'POL'    │ '0xe91d0ca08e96c1771aeebba61d048e89cca4b56c2896fac78778d6b68601c395' │
│    1    │    'deposit (Amoy)'    │ '62957' │ '60743882800' │ '60.7438828' │ '3824252629439600' │ '0.0038242526294396' │    'POL'    │ '0xf2d310eb04407375abb53debde4ba5a656e4ff1c7eb08321bac03189757504c3' │
│    2    │ 'executeBridge (Fuji)' │ '78455' │     '160'     │ '0.00000016' │     '12552800'     │ '0.0000000000125528' │   'AVAX'    │ '0xf6b94ff1b7e8b2be19633aabbf1d099fe47dd097e78692fc94740f3bfe3105a3' │
└─────────┴────────────────────────┴─────────┴───────────────┴──────────────┴────────────────────┴──────────────────────┴─────────────┴──────────────────────────────────────────────────────────────────────┘

💾 [LOGGER] Dados da transação salvos em: logs/testnet_logs.json
npm warn cli npm v11.13.0 does not support Node.js v18.19.1. This version of npm supports the following node versions: `^20.17.0 || >=22.9.0`. You can find the latest version at https://nodejs.org/.

--- Iniciando Transação Cross-Chain (LINK): Amoy -> Fuji ---
Usuário enviando: 0.001 LINK

[1/3] Aprovando LINK na Amoy para o Notary...
Aprovação concluída! Tx: 0x2b26710041db2e1f292140dcd7e18edf1c14e9f3d91408fed2b42ca1b5477503
Gas Used: 47177
Gas Price: 39.74887642 Gwei
Transaction Fee: 0.00187523274286634 POL
Aguardando 5 segundos para propagação do allowance na rede...

[2/3] Depositando LINK no Notary da Amoy...
Depósito realizado com sucesso! ID do Depósito gerado: 52
Gas Used: 62957
Gas Price: 39.74887642 Gwei
Transaction Fee: 0.00250247001277394 POL

[3/3] Nó validador executando a ponte na Fuji...
Execução concluída! Tx: 0xab0d4c037e7da76a18e2675e37d8dad4a1b68bd59215e4e6ff558fd6a9232ee2
Gas Used: 78455
Gas Price: 0.00000016 Gwei
Transaction Fee: 0.0000000000125528 AVAX
Saldo na Fuji ANTES: 5.506 LINK
Saldo na Fuji DEPOIS: 5.507 LINK

--- Resumo de gás (fluxo cross-chain completo) ---
┌─────────┬────────────────────────┬─────────┬───────────────┬───────────────┬────────────────────┬───────────────────────┬─────────────┬──────────────────────────────────────────────────────────────────────┐
│ (index) │          step          │ gasUsed │  gasPriceWei  │ gasPriceGwei  │ transactionFeeWei  │    transactionFee     │ nativeToken │                                txHash                                │
├─────────┼────────────────────────┼─────────┼───────────────┼───────────────┼────────────────────┼───────────────────────┼─────────────┼──────────────────────────────────────────────────────────────────────┤
│    0    │    'approve (Amoy)'    │ '47177' │ '39748876420' │ '39.74887642' │ '1875232742866340' │ '0.00187523274286634' │    'POL'    │ '0x2b26710041db2e1f292140dcd7e18edf1c14e9f3d91408fed2b42ca1b5477503' │
│    1    │    'deposit (Amoy)'    │ '62957' │ '39748876420' │ '39.74887642' │ '2502470012773940' │ '0.00250247001277394' │    'POL'    │ '0xe74e61cea7e4b7d785d9fcb1131b2005515511e9f3a8ef90a5d20ed235605444' │
│    2    │ 'executeBridge (Fuji)' │ '78455' │     '160'     │ '0.00000016'  │     '12552800'     │ '0.0000000000125528'  │   'AVAX'    │ '0xab0d4c037e7da76a18e2675e37d8dad4a1b68bd59215e4e6ff558fd6a9232ee2' │
└─────────┴────────────────────────┴─────────┴───────────────┴───────────────┴────────────────────┴───────────────────────┴─────────────┴──────────────────────────────────────────────────────────────────────┘

💾 [LOGGER] Dados da transação salvos em: logs/testnet_logs.json
npm warn cli npm v11.13.0 does not support Node.js v18.19.1. This version of npm supports the following node versions: `^20.17.0 || >=22.9.0`. You can find the latest version at https://nodejs.org/.

--- Iniciando Transação Cross-Chain (LINK): Amoy -> Fuji ---
Usuário enviando: 0.001 LINK

[1/3] Aprovando LINK na Amoy para o Notary...
Aprovação concluída! Tx: 0xd0fa20524016691f4a664e8d2fd889b7447d1ee22aff53aa2fbefec9656c3e53
Gas Used: 47177
Gas Price: 64.404551564 Gwei
Transaction Fee: 0.003038413529134828 POL
Aguardando 5 segundos para propagação do allowance na rede...

[2/3] Depositando LINK no Notary da Amoy...
Depósito realizado com sucesso! ID do Depósito gerado: 53
Gas Used: 62957
Gas Price: 64.404551564 Gwei
Transaction Fee: 0.004054717352814748 POL

[3/3] Nó validador executando a ponte na Fuji...
Execução concluída! Tx: 0x7b004a2b1f9630f544dd65147b45069534be29dda6a9dbb6c0aa90034c4a2680
Gas Used: 78455
Gas Price: 0.00000016 Gwei
Transaction Fee: 0.0000000000125528 AVAX
Saldo na Fuji ANTES: 5.506 LINK
Saldo na Fuji DEPOIS: 5.507 LINK

--- Resumo de gás (fluxo cross-chain completo) ---
┌─────────┬────────────────────────┬─────────┬───────────────┬────────────────┬────────────────────┬────────────────────────┬─────────────┬──────────────────────────────────────────────────────────────────────┐
│ (index) │          step          │ gasUsed │  gasPriceWei  │  gasPriceGwei  │ transactionFeeWei  │     transactionFee     │ nativeToken │                                txHash                                │
├─────────┼────────────────────────┼─────────┼───────────────┼────────────────┼────────────────────┼────────────────────────┼─────────────┼──────────────────────────────────────────────────────────────────────┤
│    0    │    'approve (Amoy)'    │ '47177' │ '64404551564' │ '64.404551564' │ '3038413529134828' │ '0.003038413529134828' │    'POL'    │ '0xd0fa20524016691f4a664e8d2fd889b7447d1ee22aff53aa2fbefec9656c3e53' │
│    1    │    'deposit (Amoy)'    │ '62957' │ '64404551564' │ '64.404551564' │ '4054717352814748' │ '0.004054717352814748' │    'POL'    │ '0x4c4919bbba24723aabd7d1641ed3e378c6d2363a77c7ff5061e72a15884c1aca' │
│    2    │ 'executeBridge (Fuji)' │ '78455' │     '160'     │  '0.00000016'  │     '12552800'     │  '0.0000000000125528'  │   'AVAX'    │ '0x7b004a2b1f9630f544dd65147b45069534be29dda6a9dbb6c0aa90034c4a2680' │
└─────────┴────────────────────────┴─────────┴───────────────┴────────────────┴────────────────────┴────────────────────────┴─────────────┴──────────────────────────────────────────────────────────────────────┘

💾 [LOGGER] Dados da transação salvos em: logs/testnet_logs.json
npm warn cli npm v11.13.0 does not support Node.js v18.19.1. This version of npm supports the following node versions: `^20.17.0 || >=22.9.0`. You can find the latest version at https://nodejs.org/.

--- Iniciando Transação Cross-Chain (LINK): Amoy -> Fuji ---
Usuário enviando: 0.001 LINK

[1/3] Aprovando LINK na Amoy para o Notary...
Aprovação concluída! Tx: 0x96e5500d40c7f5896345818d524029a3b9711bdba8502227ad2cbf3ed7a93749
Gas Used: 47177
Gas Price: 60.000000126 Gwei
Transaction Fee: 0.002830620005944302 POL
Aguardando 5 segundos para propagação do allowance na rede...

[2/3] Depositando LINK no Notary da Amoy...
Depósito realizado com sucesso! ID do Depósito gerado: 54
Gas Used: 62957
Gas Price: 60.000000126 Gwei
Transaction Fee: 0.003777420007932582 POL

[3/3] Nó validador executando a ponte na Fuji...
Execução concluída! Tx: 0x1b3922a5c7366f2e3dff81d138233eb5f53bfc188a1cbdd8b98ecc1f91824cd5
Gas Used: 78455
Gas Price: 0.00000016 Gwei
Transaction Fee: 0.0000000000125528 AVAX
Saldo na Fuji ANTES: 5.506 LINK
Saldo na Fuji DEPOIS: 5.507 LINK

--- Resumo de gás (fluxo cross-chain completo) ---
┌─────────┬────────────────────────┬─────────┬───────────────┬────────────────┬────────────────────┬────────────────────────┬─────────────┬──────────────────────────────────────────────────────────────────────┐
│ (index) │          step          │ gasUsed │  gasPriceWei  │  gasPriceGwei  │ transactionFeeWei  │     transactionFee     │ nativeToken │                                txHash                                │
├─────────┼────────────────────────┼─────────┼───────────────┼────────────────┼────────────────────┼────────────────────────┼─────────────┼──────────────────────────────────────────────────────────────────────┤
│    0    │    'approve (Amoy)'    │ '47177' │ '60000000126' │ '60.000000126' │ '2830620005944302' │ '0.002830620005944302' │    'POL'    │ '0x96e5500d40c7f5896345818d524029a3b9711bdba8502227ad2cbf3ed7a93749' │
│    1    │    'deposit (Amoy)'    │ '62957' │ '60000000126' │ '60.000000126' │ '3777420007932582' │ '0.003777420007932582' │    'POL'    │ '0x062b19f8ebdae7b2e8509f1eb05ce87067743874a16e2d367ac4329c7a998dd6' │
│    2    │ 'executeBridge (Fuji)' │ '78455' │     '160'     │  '0.00000016'  │     '12552800'     │  '0.0000000000125528'  │   'AVAX'    │ '0x1b3922a5c7366f2e3dff81d138233eb5f53bfc188a1cbdd8b98ecc1f91824cd5' │
└─────────┴────────────────────────┴─────────┴───────────────┴────────────────┴────────────────────┴────────────────────────┴─────────────┴──────────────────────────────────────────────────────────────────────┘

💾 [LOGGER] Dados da transação salvos em: logs/testnet_logs.json
npm warn cli npm v11.13.0 does not support Node.js v18.19.1. This version of npm supports the following node versions: `^20.17.0 || >=22.9.0`. You can find the latest version at https://nodejs.org/.

--- Iniciando Transação Cross-Chain (LINK): Amoy -> Fuji ---
Usuário enviando: 0.001 LINK

[1/3] Aprovando LINK na Amoy para o Notary...
Aprovação concluída! Tx: 0x9b930ca106003e00f5dd531700429cd10bc937014a99b9deb9a47a7aa402a375
Gas Used: 47177
Gas Price: 38.561850112 Gwei
Transaction Fee: 0.001819232402733824 POL
Aguardando 5 segundos para propagação do allowance na rede...

[2/3] Depositando LINK no Notary da Amoy...
Depósito realizado com sucesso! ID do Depósito gerado: 55
Gas Used: 62957
Gas Price: 38.561850112 Gwei
Transaction Fee: 0.002427738397501184 POL

[3/3] Nó validador executando a ponte na Fuji...
Execução concluída! Tx: 0x15f631a71fd2bd1fe870163af211f82b677ff9fbaaa0e8c7c0482f51819c770d
Gas Used: 78455
Gas Price: 0.00000016 Gwei
Transaction Fee: 0.0000000000125528 AVAX
Saldo na Fuji ANTES: 5.506 LINK
Saldo na Fuji DEPOIS: 5.507 LINK

--- Resumo de gás (fluxo cross-chain completo) ---
┌─────────┬────────────────────────┬─────────┬───────────────┬────────────────┬────────────────────┬────────────────────────┬─────────────┬──────────────────────────────────────────────────────────────────────┐
│ (index) │          step          │ gasUsed │  gasPriceWei  │  gasPriceGwei  │ transactionFeeWei  │     transactionFee     │ nativeToken │                                txHash                                │
├─────────┼────────────────────────┼─────────┼───────────────┼────────────────┼────────────────────┼────────────────────────┼─────────────┼──────────────────────────────────────────────────────────────────────┤
│    0    │    'approve (Amoy)'    │ '47177' │ '38561850112' │ '38.561850112' │ '1819232402733824' │ '0.001819232402733824' │    'POL'    │ '0x9b930ca106003e00f5dd531700429cd10bc937014a99b9deb9a47a7aa402a375' │
│    1    │    'deposit (Amoy)'    │ '62957' │ '38561850112' │ '38.561850112' │ '2427738397501184' │ '0.002427738397501184' │    'POL'    │ '0xe4fd6a18d836c2934b4c358eff36aef9b0d16fee8a2725efa79e5668a16ed60d' │
│    2    │ 'executeBridge (Fuji)' │ '78455' │     '160'     │  '0.00000016'  │     '12552800'     │  '0.0000000000125528'  │   'AVAX'    │ '0x15f631a71fd2bd1fe870163af211f82b677ff9fbaaa0e8c7c0482f51819c770d' │
└─────────┴────────────────────────┴─────────┴───────────────┴────────────────┴────────────────────┴────────────────────────┴─────────────┴──────────────────────────────────────────────────────────────────────┘

💾 [LOGGER] Dados da transação salvos em: logs/testnet_logs.json
npm warn cli npm v11.13.0 does not support Node.js v18.19.1. This version of npm supports the following node versions: `^20.17.0 || >=22.9.0`. You can find the latest version at https://nodejs.org/.
//atrasado
--- Iniciando Transação Cross-Chain (LINK): Amoy -> Fuji ---
Usuário enviando: 0.001 LINK

[1/3] Aprovando LINK na Amoy para o Notary...
Aprovação concluída! Tx: 0xb5f0892c952ae08a6091d278e170cf9083a3d1b883444633d5db614b851fee1c
Gas Used: 47177
Gas Price: 56.250000015 Gwei
Transaction Fee: 0.002653706250707655 POL
Aguardando 5 segundos para propagação do allowance na rede...

[2/3] Depositando LINK no Notary da Amoy...
Depósito realizado com sucesso! ID do Depósito gerado: 56
Gas Used: 62957
Gas Price: 56.250000015 Gwei
Transaction Fee: 0.003541331250944355 POL

[3/3] Nó validador executando a ponte na Fuji...
Execução concluída! Tx: 0x4610b05a752385c79f892c6668de55af7212bf9776d655bc911e2aa8e304627f
Gas Used: 78455
Gas Price: 0.00000016 Gwei
Transaction Fee: 0.0000000000125528 AVAX
Saldo na Fuji ANTES: 5.506 LINK
Saldo na Fuji DEPOIS: 5.507 LINK

--- Resumo de gás (fluxo cross-chain completo) ---
┌─────────┬────────────────────────┬─────────┬───────────────┬────────────────┬────────────────────┬────────────────────────┬─────────────┬──────────────────────────────────────────────────────────────────────┐
│ (index) │          step          │ gasUsed │  gasPriceWei  │  gasPriceGwei  │ transactionFeeWei  │     transactionFee     │ nativeToken │                                txHash                                │
├─────────┼────────────────────────┼─────────┼───────────────┼────────────────┼────────────────────┼────────────────────────┼─────────────┼──────────────────────────────────────────────────────────────────────┤
│    0    │    'approve (Amoy)'    │ '47177' │ '56250000015' │ '56.250000015' │ '2653706250707655' │ '0.002653706250707655' │    'POL'    │ '0xb5f0892c952ae08a6091d278e170cf9083a3d1b883444633d5db614b851fee1c' │
│    1    │    'deposit (Amoy)'    │ '62957' │ '56250000015' │ '56.250000015' │ '3541331250944355' │ '0.003541331250944355' │    'POL'    │ '0x168bc4b13982ceee13eeb7ee25c95263dea2dddbf73c67cb60894f6df485af0c' │
│    2    │ 'executeBridge (Fuji)' │ '78455' │     '160'     │  '0.00000016'  │     '12552800'     │  '0.0000000000125528'  │   'AVAX'    │ '0x4610b05a752385c79f892c6668de55af7212bf9776d655bc911e2aa8e304627f' │
└─────────┴────────────────────────┴─────────┴───────────────┴────────────────┴────────────────────┴────────────────────────┴─────────────┴──────────────────────────────────────────────────────────────────────┘

💾 [LOGGER] Dados da transação salvos em: logs/testnet_logs.json
npm warn cli npm v11.13.0 does not support Node.js v18.19.1. This version of npm supports the following node versions: `^20.17.0 || >=22.9.0`. You can find the latest version at https://nodejs.org/.

--- Iniciando Transação Cross-Chain (LINK): Amoy -> Fuji ---
Usuário enviando: 0.001 LINK

[1/3] Aprovando LINK na Amoy para o Notary...
Aprovação concluída! Tx: 0x7c10daa79a20b6a00fd4fa6287f0a1a1914ce1a35bf5c13cf9bc59bc2c1a9a3c
Gas Used: 47177
Gas Price: 56.250000015 Gwei
Transaction Fee: 0.002653706250707655 POL
Aguardando 5 segundos para propagação do allowance na rede...

[2/3] Depositando LINK no Notary da Amoy...
Depósito realizado com sucesso! ID do Depósito gerado: 57
Gas Used: 62957
Gas Price: 56.250000015 Gwei
Transaction Fee: 0.003541331250944355 POL

[3/3] Nó validador executando a ponte na Fuji...
Error: execution reverted (unknown custom error) (action="estimateGas", data="0x0f2e5b6c", reason=null, transaction={ "data": "0xdd0398f200000000000000000000000000000000000000000000000000000000000138820000000000000000000000000000000000000000000000000000000000000039000000000000000000000000d21341536c5cf5eb1bcb58f6723ce26e8d8e90e40000000000000000000000009519d6907a1d682555ccad7d4d4405ff27b874e400000000000000000000000000000000000000000000000000038d7ea4c68000", "from": "0x9519D6907a1d682555Ccad7d4D4405fF27B874e4", "to": "0x683820b156c7e1Cdbe00EC12fc31a7efc966a281" }, invocation=null, revert=null, code=CALL_EXCEPTION, version=6.14.3)
    at makeError (/home/josecarlos/codigos/Notary-Mechanism/node_modules/ethers/src.ts/utils/errors.ts:698:21)
    at getBuiltinCallException (/home/josecarlos/codigos/Notary-Mechanism/node_modules/ethers/src.ts/abi/abi-coder.ts:118:21)
    at Function.getBuiltinCallException (/home/josecarlos/codigos/Notary-Mechanism/node_modules/ethers/src.ts/abi/abi-coder.ts:235:16)
    at JsonRpcProvider.getRpcError (/home/josecarlos/codigos/Notary-Mechanism/node_modules/ethers/src.ts/providers/provider-jsonrpc.ts:1016:32)
    at /home/josecarlos/codigos/Notary-Mechanism/node_modules/ethers/src.ts/providers/provider-jsonrpc.ts:571:45
    at processTicksAndRejections (node:internal/process/task_queues:95:5) {
  code: 'CALL_EXCEPTION',
  action: 'estimateGas',
  data: '0x0f2e5b6c',
  reason: null,
  transaction: {
    to: '0x683820b156c7e1Cdbe00EC12fc31a7efc966a281',
    data: '0xdd0398f200000000000000000000000000000000000000000000000000000000000138820000000000000000000000000000000000000000000000000000000000000039000000000000000000000000d21341536c5cf5eb1bcb58f6723ce26e8d8e90e40000000000000000000000009519d6907a1d682555ccad7d4d4405ff27b874e400000000000000000000000000000000000000000000000000038d7ea4c68000',
    from: '0x9519D6907a1d682555Ccad7d4D4405fF27B874e4'
  },
  invocation: null,
  revert: null,
  shortMessage: 'execution reverted (unknown custom error)',
  info: {
    error: { code: 3, message: 'execution reverted', data: '0x0f2e5b6c' },
    payload: {
      method: 'eth_estimateGas',
      params: [Array],
      id: 7,
      jsonrpc: '2.0'
    }
  }
}
npm warn cli npm v11.13.0 does not support Node.js v18.19.1. This version of npm supports the following node versions: `^20.17.0 || >=22.9.0`. You can find the latest version at https://nodejs.org/.

--- Iniciando Transação Cross-Chain (LINK): Amoy -> Fuji ---
Usuário enviando: 0.001 LINK

[1/3] Aprovando LINK na Amoy para o Notary...
Aprovação concluída! Tx: 0x539a4a9a8256ad2cde67adc34624d277ee986345a2f4189765ed0f66ec3dd3d8
Gas Used: 47177
Gas Price: 56.250000015 Gwei
Transaction Fee: 0.002653706250707655 POL
Aguardando 5 segundos para propagação do allowance na rede...

[2/3] Depositando LINK no Notary da Amoy...
Depósito realizado com sucesso! ID do Depósito gerado: 58
Gas Used: 62957
Gas Price: 56.250000015 Gwei
Transaction Fee: 0.003541331250944355 POL

[3/3] Nó validador executando a ponte na Fuji...
Execução concluída! Tx: 0x3901cd22c1999a5d998598851512589a383978393b78abd4333d7a9ca56143b5
Gas Used: 78455
Gas Price: 0.00000016 Gwei
Transaction Fee: 0.0000000000125528 AVAX
Saldo na Fuji ANTES: 5.505 LINK
Saldo na Fuji DEPOIS: 5.506 LINK

--- Resumo de gás (fluxo cross-chain completo) ---
┌─────────┬────────────────────────┬─────────┬───────────────┬────────────────┬────────────────────┬────────────────────────┬─────────────┬──────────────────────────────────────────────────────────────────────┐
│ (index) │          step          │ gasUsed │  gasPriceWei  │  gasPriceGwei  │ transactionFeeWei  │     transactionFee     │ nativeToken │                                txHash                                │
├─────────┼────────────────────────┼─────────┼───────────────┼────────────────┼────────────────────┼────────────────────────┼─────────────┼──────────────────────────────────────────────────────────────────────┤
│    0    │    'approve (Amoy)'    │ '47177' │ '56250000015' │ '56.250000015' │ '2653706250707655' │ '0.002653706250707655' │    'POL'    │ '0x539a4a9a8256ad2cde67adc34624d277ee986345a2f4189765ed0f66ec3dd3d8' │
│    1    │    'deposit (Amoy)'    │ '62957' │ '56250000015' │ '56.250000015' │ '3541331250944355' │ '0.003541331250944355' │    'POL'    │ '0x8883a2a325a74216804fd46b28736feee05501d9536f09c3fa01bd62a940ae86' │
│    2    │ 'executeBridge (Fuji)' │ '78455' │     '160'     │  '0.00000016'  │     '12552800'     │  '0.0000000000125528'  │   'AVAX'    │ '0x3901cd22c1999a5d998598851512589a383978393b78abd4333d7a9ca56143b5' │
└─────────┴────────────────────────┴─────────┴───────────────┴────────────────┴────────────────────┴────────────────────────┴─────────────┴──────────────────────────────────────────────────────────────────────┘

💾 [LOGGER] Dados da transação salvos em: logs/testnet_logs.json
npm warn cli npm v11.13.0 does not support Node.js v18.19.1. This version of npm supports the following node versions: `^20.17.0 || >=22.9.0`. You can find the latest version at https://nodejs.org/.

--- Iniciando Transação Cross-Chain (LINK): Amoy -> Fuji ---
Usuário enviando: 0.001 LINK

[1/3] Aprovando LINK na Amoy para o Notary...
Aprovação concluída! Tx: 0x51aaf3c764b57819a1ce2ba7a50611dfbf0e6211c52d641f4cdb1ec6e0cc1571
Gas Used: 47177
Gas Price: 56.250000078 Gwei
Transaction Fee: 0.002653706253679806 POL
Aguardando 5 segundos para propagação do allowance na rede...

[2/3] Depositando LINK no Notary da Amoy...
Depósito realizado com sucesso! ID do Depósito gerado: 59
Gas Used: 62957
Gas Price: 56.250000078 Gwei
Transaction Fee: 0.003541331254910646 POL

[3/3] Nó validador executando a ponte na Fuji...
Execução concluída! Tx: 0xadf259be8d10063c363c47ae1cf0859b65779f05b68d09cf50a10c66023e7f89
Gas Used: 78455
Gas Price: 0.00000016 Gwei
Transaction Fee: 0.0000000000125528 AVAX
Saldo na Fuji ANTES: 5.505 LINK
Saldo na Fuji DEPOIS: 5.506 LINK

--- Resumo de gás (fluxo cross-chain completo) ---
┌─────────┬────────────────────────┬─────────┬───────────────┬────────────────┬────────────────────┬────────────────────────┬─────────────┬──────────────────────────────────────────────────────────────────────┐
│ (index) │          step          │ gasUsed │  gasPriceWei  │  gasPriceGwei  │ transactionFeeWei  │     transactionFee     │ nativeToken │                                txHash                                │
├─────────┼────────────────────────┼─────────┼───────────────┼────────────────┼────────────────────┼────────────────────────┼─────────────┼──────────────────────────────────────────────────────────────────────┤
│    0    │    'approve (Amoy)'    │ '47177' │ '56250000078' │ '56.250000078' │ '2653706253679806' │ '0.002653706253679806' │    'POL'    │ '0x51aaf3c764b57819a1ce2ba7a50611dfbf0e6211c52d641f4cdb1ec6e0cc1571' │
│    1    │    'deposit (Amoy)'    │ '62957' │ '56250000078' │ '56.250000078' │ '3541331254910646' │ '0.003541331254910646' │    'POL'    │ '0x38234d05cb3926ce9d9a8d35153d7052aa9a0e3da802317ebddcc7c67cf3b51f' │
│    2    │ 'executeBridge (Fuji)' │ '78455' │     '160'     │  '0.00000016'  │     '12552800'     │  '0.0000000000125528'  │   'AVAX'    │ '0xadf259be8d10063c363c47ae1cf0859b65779f05b68d09cf50a10c66023e7f89' │
└─────────┴────────────────────────┴─────────┴───────────────┴────────────────┴────────────────────┴────────────────────────┴─────────────┴──────────────────────────────────────────────────────────────────────┘

💾 [LOGGER] Dados da transação salvos em: logs/testnet_logs.json
npm warn cli npm v11.13.0 does not support Node.js v18.19.1. This version of npm supports the following node versions: `^20.17.0 || >=22.9.0`. You can find the latest version at https://nodejs.org/.

--- Iniciando Transação Cross-Chain (LINK): Amoy -> Fuji ---
Usuário enviando: 0.001 LINK

[1/3] Aprovando LINK na Amoy para o Notary...
Aprovação concluída! Tx: 0xb43240e84295f37b29a390a4c2a21c99d97853a8181d8f7d70b4a008421f9d9c
Gas Used: 47177
Gas Price: 56.250000078 Gwei
Transaction Fee: 0.002653706253679806 POL
Aguardando 5 segundos para propagação do allowance na rede...

[2/3] Depositando LINK no Notary da Amoy...
Depósito realizado com sucesso! ID do Depósito gerado: 60
Gas Used: 62957
Gas Price: 56.250000078 Gwei
Transaction Fee: 0.003541331254910646 POL

[3/3] Nó validador executando a ponte na Fuji...
Error: execution reverted (unknown custom error) (action="estimateGas", data="0x0f2e5b6c", reason=null, transaction={ "data": "0xdd0398f20000000000000000000000000000000000000000000000000000000000013882000000000000000000000000000000000000000000000000000000000000003c000000000000000000000000d21341536c5cf5eb1bcb58f6723ce26e8d8e90e40000000000000000000000009519d6907a1d682555ccad7d4d4405ff27b874e400000000000000000000000000000000000000000000000000038d7ea4c68000", "from": "0x9519D6907a1d682555Ccad7d4D4405fF27B874e4", "to": "0x683820b156c7e1Cdbe00EC12fc31a7efc966a281" }, invocation=null, revert=null, code=CALL_EXCEPTION, version=6.14.3)
    at makeError (/home/josecarlos/codigos/Notary-Mechanism/node_modules/ethers/src.ts/utils/errors.ts:698:21)
    at getBuiltinCallException (/home/josecarlos/codigos/Notary-Mechanism/node_modules/ethers/src.ts/abi/abi-coder.ts:118:21)
    at Function.getBuiltinCallException (/home/josecarlos/codigos/Notary-Mechanism/node_modules/ethers/src.ts/abi/abi-coder.ts:235:16)
    at JsonRpcProvider.getRpcError (/home/josecarlos/codigos/Notary-Mechanism/node_modules/ethers/src.ts/providers/provider-jsonrpc.ts:1016:32)
    at /home/josecarlos/codigos/Notary-Mechanism/node_modules/ethers/src.ts/providers/provider-jsonrpc.ts:571:45
    at processTicksAndRejections (node:internal/process/task_queues:95:5) {
  code: 'CALL_EXCEPTION',
  action: 'estimateGas',
  data: '0x0f2e5b6c',
  reason: null,
  transaction: {
    to: '0x683820b156c7e1Cdbe00EC12fc31a7efc966a281',
    data: '0xdd0398f20000000000000000000000000000000000000000000000000000000000013882000000000000000000000000000000000000000000000000000000000000003c000000000000000000000000d21341536c5cf5eb1bcb58f6723ce26e8d8e90e40000000000000000000000009519d6907a1d682555ccad7d4d4405ff27b874e400000000000000000000000000000000000000000000000000038d7ea4c68000',
    from: '0x9519D6907a1d682555Ccad7d4D4405fF27B874e4'
  },
  invocation: null,
  revert: null,
  shortMessage: 'execution reverted (unknown custom error)',
  info: {
    error: { code: 3, message: 'execution reverted', data: '0x0f2e5b6c' },
    payload: {
      method: 'eth_estimateGas',
      params: [Array],
      id: 7,
      jsonrpc: '2.0'
    }
  }
}
npm warn cli npm v11.13.0 does not support Node.js v18.19.1. This version of npm supports the following node versions: `^20.17.0 || >=22.9.0`. You can find the latest version at https://nodejs.org/.

--- Iniciando Transação Cross-Chain (LINK): Amoy -> Fuji ---
Usuário enviando: 0.001 LINK

[1/3] Aprovando LINK na Amoy para o Notary...
Aprovação concluída! Tx: 0x2ebbcab5ba8fae5c22634b1eed106a1e7d6352bdf90abd8a143e6f9314755ec6
Gas Used: 47177
Gas Price: 56.250000078 Gwei
Transaction Fee: 0.002653706253679806 POL
Aguardando 5 segundos para propagação do allowance na rede...

[2/3] Depositando LINK no Notary da Amoy...
Depósito realizado com sucesso! ID do Depósito gerado: 61
Gas Used: 62957
Gas Price: 56.250000078 Gwei
Transaction Fee: 0.003541331254910646 POL

[3/3] Nó validador executando a ponte na Fuji...
Execução concluída! Tx: 0x198402f7f780d026eab696498c20edb8bb94f1cce222fbc34baf0de8d4d1a819
Gas Used: 78455
Gas Price: 0.00000016 Gwei
Transaction Fee: 0.0000000000125528 AVAX
Saldo na Fuji ANTES: 5.504 LINK
Saldo na Fuji DEPOIS: 5.505 LINK

--- Resumo de gás (fluxo cross-chain completo) ---
┌─────────┬────────────────────────┬─────────┬───────────────┬────────────────┬────────────────────┬────────────────────────┬─────────────┬──────────────────────────────────────────────────────────────────────┐
│ (index) │          step          │ gasUsed │  gasPriceWei  │  gasPriceGwei  │ transactionFeeWei  │     transactionFee     │ nativeToken │                                txHash                                │
├─────────┼────────────────────────┼─────────┼───────────────┼────────────────┼────────────────────┼────────────────────────┼─────────────┼──────────────────────────────────────────────────────────────────────┤
│    0    │    'approve (Amoy)'    │ '47177' │ '56250000078' │ '56.250000078' │ '2653706253679806' │ '0.002653706253679806' │    'POL'    │ '0x2ebbcab5ba8fae5c22634b1eed106a1e7d6352bdf90abd8a143e6f9314755ec6' │
│    1    │    'deposit (Amoy)'    │ '62957' │ '56250000078' │ '56.250000078' │ '3541331254910646' │ '0.003541331254910646' │    'POL'    │ '0x3496682a4e66cc17012985155d2e457631608f09ad9e380291fb63bf11c8002a' │
│    2    │ 'executeBridge (Fuji)' │ '78455' │     '160'     │  '0.00000016'  │     '12552800'     │  '0.0000000000125528'  │   'AVAX'    │ '0x198402f7f780d026eab696498c20edb8bb94f1cce222fbc34baf0de8d4d1a819' │
└─────────┴────────────────────────┴─────────┴───────────────┴────────────────┴────────────────────┴────────────────────────┴─────────────┴──────────────────────────────────────────────────────────────────────┘

💾 [LOGGER] Dados da transação salvos em: logs/testnet_logs.json
npm warn cli npm v11.13.0 does not support Node.js v18.19.1. This version of npm supports the following node versions: `^20.17.0 || >=22.9.0`. You can find the latest version at https://nodejs.org/.

--- Iniciando Transação Cross-Chain (LINK): Amoy -> Fuji ---
Usuário enviando: 0.001 LINK

[1/3] Aprovando LINK na Amoy para o Notary...
Aprovação concluída! Tx: 0x99f0c7ba5f2aef9addab37ee193cb5631b1042d43ced8c63aa0f63f9a03ccea3
Gas Used: 47177
Gas Price: 56.250000078 Gwei
Transaction Fee: 0.002653706253679806 POL
Aguardando 5 segundos para propagação do allowance na rede...

[2/3] Depositando LINK no Notary da Amoy...
Depósito realizado com sucesso! ID do Depósito gerado: 62
Gas Used: 62957
Gas Price: 56.250000078 Gwei
Transaction Fee: 0.003541331254910646 POL

[3/3] Nó validador executando a ponte na Fuji...
Error: execution reverted (unknown custom error) (action="estimateGas", data="0x0f2e5b6c", reason=null, transaction={ "data": "0xdd0398f20000000000000000000000000000000000000000000000000000000000013882000000000000000000000000000000000000000000000000000000000000003e000000000000000000000000d21341536c5cf5eb1bcb58f6723ce26e8d8e90e40000000000000000000000009519d6907a1d682555ccad7d4d4405ff27b874e400000000000000000000000000000000000000000000000000038d7ea4c68000", "from": "0x9519D6907a1d682555Ccad7d4D4405fF27B874e4", "to": "0x683820b156c7e1Cdbe00EC12fc31a7efc966a281" }, invocation=null, revert=null, code=CALL_EXCEPTION, version=6.14.3)
    at makeError (/home/josecarlos/codigos/Notary-Mechanism/node_modules/ethers/src.ts/utils/errors.ts:698:21)
    at getBuiltinCallException (/home/josecarlos/codigos/Notary-Mechanism/node_modules/ethers/src.ts/abi/abi-coder.ts:118:21)
    at Function.getBuiltinCallException (/home/josecarlos/codigos/Notary-Mechanism/node_modules/ethers/src.ts/abi/abi-coder.ts:235:16)
    at JsonRpcProvider.getRpcError (/home/josecarlos/codigos/Notary-Mechanism/node_modules/ethers/src.ts/providers/provider-jsonrpc.ts:1016:32)
    at /home/josecarlos/codigos/Notary-Mechanism/node_modules/ethers/src.ts/providers/provider-jsonrpc.ts:571:45
    at processTicksAndRejections (node:internal/process/task_queues:95:5) {
  code: 'CALL_EXCEPTION',
  action: 'estimateGas',
  data: '0x0f2e5b6c',
  reason: null,
  transaction: {
    to: '0x683820b156c7e1Cdbe00EC12fc31a7efc966a281',
    data: '0xdd0398f20000000000000000000000000000000000000000000000000000000000013882000000000000000000000000000000000000000000000000000000000000003e000000000000000000000000d21341536c5cf5eb1bcb58f6723ce26e8d8e90e40000000000000000000000009519d6907a1d682555ccad7d4d4405ff27b874e400000000000000000000000000000000000000000000000000038d7ea4c68000',
    from: '0x9519D6907a1d682555Ccad7d4D4405fF27B874e4'
  },
  invocation: null,
  revert: null,
  shortMessage: 'execution reverted (unknown custom error)',
  info: {
    error: { code: 3, message: 'execution reverted', data: '0x0f2e5b6c' },
    payload: {
      method: 'eth_estimateGas',
      params: [Array],
      id: 7,
      jsonrpc: '2.0'
    }
  }
}
npm warn cli npm v11.13.0 does not support Node.js v18.19.1. This version of npm supports the following node versions: `^20.17.0 || >=22.9.0`. You can find the latest version at https://nodejs.org/.

--- Iniciando Transação Cross-Chain (LINK): Amoy -> Fuji ---
Usuário enviando: 0.001 LINK

[1/3] Aprovando LINK na Amoy para o Notary...
Aprovação concluída! Tx: 0x55d4a56598204b295e4fd679ec3147b1ebc0a2d8a6053cd28a109a9b355dbacb
Gas Used: 47177
Gas Price: 56.250000078 Gwei
Transaction Fee: 0.002653706253679806 POL
Aguardando 5 segundos para propagação do allowance na rede...

[2/3] Depositando LINK no Notary da Amoy...
Depósito realizado com sucesso! ID do Depósito gerado: 63
Gas Used: 62957
Gas Price: 56.250000078 Gwei
Transaction Fee: 0.003541331254910646 POL

[3/3] Nó validador executando a ponte na Fuji...
Execução concluída! Tx: 0xc35e4b5d02a0c235e4f9cd42c96baedf55629d7f0da2aabc77f51ebe0d1456da
Gas Used: 78455
Gas Price: 0.00000016 Gwei
Transaction Fee: 0.0000000000125528 AVAX
Saldo na Fuji ANTES: 5.503 LINK
Saldo na Fuji DEPOIS: 5.504 LINK

--- Resumo de gás (fluxo cross-chain completo) ---
┌─────────┬────────────────────────┬─────────┬───────────────┬────────────────┬────────────────────┬────────────────────────┬─────────────┬──────────────────────────────────────────────────────────────────────┐
│ (index) │          step          │ gasUsed │  gasPriceWei  │  gasPriceGwei  │ transactionFeeWei  │     transactionFee     │ nativeToken │                                txHash                                │
├─────────┼────────────────────────┼─────────┼───────────────┼────────────────┼────────────────────┼────────────────────────┼─────────────┼──────────────────────────────────────────────────────────────────────┤
│    0    │    'approve (Amoy)'    │ '47177' │ '56250000078' │ '56.250000078' │ '2653706253679806' │ '0.002653706253679806' │    'POL'    │ '0x55d4a56598204b295e4fd679ec3147b1ebc0a2d8a6053cd28a109a9b355dbacb' │
│    1    │    'deposit (Amoy)'    │ '62957' │ '56250000078' │ '56.250000078' │ '3541331254910646' │ '0.003541331254910646' │    'POL'    │ '0x5562af76205f0366c1991b865da5904f5e1b937ddac2ebcf5b07738924adfec2' │
│    2    │ 'executeBridge (Fuji)' │ '78455' │     '160'     │  '0.00000016'  │     '12552800'     │  '0.0000000000125528'  │   'AVAX'    │ '0xc35e4b5d02a0c235e4f9cd42c96baedf55629d7f0da2aabc77f51ebe0d1456da' │
└─────────┴────────────────────────┴─────────┴───────────────┴────────────────┴────────────────────┴────────────────────────┴─────────────┴──────────────────────────────────────────────────────────────────────┘

💾 [LOGGER] Dados da transação salvos em: logs/testnet_logs.json
npm warn cli npm v11.13.0 does not support Node.js v18.19.1. This version of npm supports the following node versions: `^20.17.0 || >=22.9.0`. You can find the latest version at https://nodejs.org/.

--- Iniciando Transação Cross-Chain (LINK): Amoy -> Fuji ---
Usuário enviando: 0.001 LINK

[1/3] Aprovando LINK na Amoy para o Notary...
Aprovação concluída! Tx: 0x585ae3fccfdc230bef5d8a59e272780179f2f2437f8bbabfa8b1848513599149
Gas Used: 47177
Gas Price: 56.250000078 Gwei
Transaction Fee: 0.002653706253679806 POL
Aguardando 5 segundos para propagação do allowance na rede...

[2/3] Depositando LINK no Notary da Amoy...
Depósito realizado com sucesso! ID do Depósito gerado: 64
Gas Used: 62957
Gas Price: 56.250000078 Gwei
Transaction Fee: 0.003541331254910646 POL

[3/3] Nó validador executando a ponte na Fuji...
Error: execution reverted (unknown custom error) (action="estimateGas", data="0x0f2e5b6c", reason=null, transaction={ "data": "0xdd0398f200000000000000000000000000000000000000000000000000000000000138820000000000000000000000000000000000000000000000000000000000000040000000000000000000000000d21341536c5cf5eb1bcb58f6723ce26e8d8e90e40000000000000000000000009519d6907a1d682555ccad7d4d4405ff27b874e400000000000000000000000000000000000000000000000000038d7ea4c68000", "from": "0x9519D6907a1d682555Ccad7d4D4405fF27B874e4", "to": "0x683820b156c7e1Cdbe00EC12fc31a7efc966a281" }, invocation=null, revert=null, code=CALL_EXCEPTION, version=6.14.3)
    at makeError (/home/josecarlos/codigos/Notary-Mechanism/node_modules/ethers/src.ts/utils/errors.ts:698:21)
    at getBuiltinCallException (/home/josecarlos/codigos/Notary-Mechanism/node_modules/ethers/src.ts/abi/abi-coder.ts:118:21)
    at Function.getBuiltinCallException (/home/josecarlos/codigos/Notary-Mechanism/node_modules/ethers/src.ts/abi/abi-coder.ts:235:16)
    at JsonRpcProvider.getRpcError (/home/josecarlos/codigos/Notary-Mechanism/node_modules/ethers/src.ts/providers/provider-jsonrpc.ts:1016:32)
    at /home/josecarlos/codigos/Notary-Mechanism/node_modules/ethers/src.ts/providers/provider-jsonrpc.ts:571:45
    at processTicksAndRejections (node:internal/process/task_queues:95:5) {
  code: 'CALL_EXCEPTION',
  action: 'estimateGas',
  data: '0x0f2e5b6c',
  reason: null,
  transaction: {
    to: '0x683820b156c7e1Cdbe00EC12fc31a7efc966a281',
    data: '0xdd0398f200000000000000000000000000000000000000000000000000000000000138820000000000000000000000000000000000000000000000000000000000000040000000000000000000000000d21341536c5cf5eb1bcb58f6723ce26e8d8e90e40000000000000000000000009519d6907a1d682555ccad7d4d4405ff27b874e400000000000000000000000000000000000000000000000000038d7ea4c68000',
    from: '0x9519D6907a1d682555Ccad7d4D4405fF27B874e4'
  },
  invocation: null,
  revert: null,
  shortMessage: 'execution reverted (unknown custom error)',
  info: {
    error: { code: 3, message: 'execution reverted', data: '0x0f2e5b6c' },
    payload: {
      method: 'eth_estimateGas',
      params: [Array],
      id: 7,
      jsonrpc: '2.0'
    }
  }
}
//atrasado
npm warn cli npm v11.13.0 does not support Node.js v18.19.1. This version of npm supports the following node versions: `^20.17.0 || >=22.9.0`. You can find the latest version at https://nodejs.org/.

--- Iniciando Transação Cross-Chain (LINK): Amoy -> Fuji ---
Usuário enviando: 0.001 LINK

[1/3] Aprovando LINK na Amoy para o Notary...
Aprovação concluída! Tx: 0x6d02117a2d9931c17adfb3080bac5e3b9d16405712e4dab4e08aaa7f521a693a
Gas Used: 47177
Gas Price: 32.000000063 Gwei
Transaction Fee: 0.001509664002972151 POL
Aguardando 5 segundos para propagação do allowance na rede...

[2/3] Depositando LINK no Notary da Amoy...
Depósito realizado com sucesso! ID do Depósito gerado: 65
Gas Used: 62957
Gas Price: 32.000000063 Gwei
Transaction Fee: 0.002014624003966291 POL

[3/3] Nó validador executando a ponte na Fuji...
Execução concluída! Tx: 0xdf71efa649ab35514e6a5a7119a2550bddc3000f839be428ecbf57558d661a81
Gas Used: 78455
Gas Price: 0.00000016 Gwei
Transaction Fee: 0.0000000000125528 AVAX
Saldo na Fuji ANTES: 5.502 LINK
Saldo na Fuji DEPOIS: 5.503 LINK

--- Resumo de gás (fluxo cross-chain completo) ---
┌─────────┬────────────────────────┬─────────┬───────────────┬────────────────┬────────────────────┬────────────────────────┬─────────────┬──────────────────────────────────────────────────────────────────────┐
│ (index) │          step          │ gasUsed │  gasPriceWei  │  gasPriceGwei  │ transactionFeeWei  │     transactionFee     │ nativeToken │                                txHash                                │
├─────────┼────────────────────────┼─────────┼───────────────┼────────────────┼────────────────────┼────────────────────────┼─────────────┼──────────────────────────────────────────────────────────────────────┤
│    0    │    'approve (Amoy)'    │ '47177' │ '32000000063' │ '32.000000063' │ '1509664002972151' │ '0.001509664002972151' │    'POL'    │ '0x6d02117a2d9931c17adfb3080bac5e3b9d16405712e4dab4e08aaa7f521a693a' │
│    1    │    'deposit (Amoy)'    │ '62957' │ '32000000063' │ '32.000000063' │ '2014624003966291' │ '0.002014624003966291' │    'POL'    │ '0xfee38258a0ec20a0cb6a3a02406f9edcc6a49a626047f28703b604e6fc5c9570' │
│    2    │ 'executeBridge (Fuji)' │ '78455' │     '160'     │  '0.00000016'  │     '12552800'     │  '0.0000000000125528'  │   'AVAX'    │ '0xdf71efa649ab35514e6a5a7119a2550bddc3000f839be428ecbf57558d661a81' │
└─────────┴────────────────────────┴─────────┴───────────────┴────────────────┴────────────────────┴────────────────────────┴─────────────┴──────────────────────────────────────────────────────────────────────┘

💾 [LOGGER] Dados da transação salvos em: logs/testnet_logs.json
npm warn cli npm v11.13.0 does not support Node.js v18.19.1. This version of npm supports the following node versions: `^20.17.0 || >=22.9.0`. You can find the latest version at https://nodejs.org/.

--- Iniciando Transação Cross-Chain (LINK): Amoy -> Fuji ---
Usuário enviando: 0.001 LINK

[1/3] Aprovando LINK na Amoy para o Notary...
Aprovação concluída! Tx: 0x86f56e4633dfe1ececfc0a424cc16eede69b463b8543f9d138f335f19a81c945
Gas Used: 47177
Gas Price: 86.554406559 Gwei
Transaction Fee: 0.004083377238233943 POL
Aguardando 5 segundos para propagação do allowance na rede...

[2/3] Depositando LINK no Notary da Amoy...
Depósito realizado com sucesso! ID do Depósito gerado: 66
Gas Used: 62957
Gas Price: 86.554406559 Gwei
Transaction Fee: 0.005449205773734963 POL

[3/3] Nó validador executando a ponte na Fuji...
Execução concluída! Tx: 0x3b4cffb21a4673990b6e9e7eadab3fc3bb562167cb7f36de383276ba3073a833
Gas Used: 78455
Gas Price: 0.00000016 Gwei
Transaction Fee: 0.0000000000125528 AVAX
Saldo na Fuji ANTES: 5.502 LINK
Saldo na Fuji DEPOIS: 5.503 LINK

--- Resumo de gás (fluxo cross-chain completo) ---
┌─────────┬────────────────────────┬─────────┬───────────────┬────────────────┬────────────────────┬────────────────────────┬─────────────┬──────────────────────────────────────────────────────────────────────┐
│ (index) │          step          │ gasUsed │  gasPriceWei  │  gasPriceGwei  │ transactionFeeWei  │     transactionFee     │ nativeToken │                                txHash                                │
├─────────┼────────────────────────┼─────────┼───────────────┼────────────────┼────────────────────┼────────────────────────┼─────────────┼──────────────────────────────────────────────────────────────────────┤
│    0    │    'approve (Amoy)'    │ '47177' │ '86554406559' │ '86.554406559' │ '4083377238233943' │ '0.004083377238233943' │    'POL'    │ '0x86f56e4633dfe1ececfc0a424cc16eede69b463b8543f9d138f335f19a81c945' │
│    1    │    'deposit (Amoy)'    │ '62957' │ '86554406559' │ '86.554406559' │ '5449205773734963' │ '0.005449205773734963' │    'POL'    │ '0xabf2c10da1435ab07f4ba24457fc13ef903ccfefaeaf5ffa8b30008e7cac6bfd' │
│    2    │ 'executeBridge (Fuji)' │ '78455' │     '160'     │  '0.00000016'  │     '12552800'     │  '0.0000000000125528'  │   'AVAX'    │ '0x3b4cffb21a4673990b6e9e7eadab3fc3bb562167cb7f36de383276ba3073a833' │
└─────────┴────────────────────────┴─────────┴───────────────┴────────────────┴────────────────────┴────────────────────────┴─────────────┴──────────────────────────────────────────────────────────────────────┘

💾 [LOGGER] Dados da transação salvos em: logs/testnet_logs.json
npm warn cli npm v11.13.0 does not support Node.js v18.19.1. This version of npm supports the following node versions: `^20.17.0 || >=22.9.0`. You can find the latest version at https://nodejs.org/.

--- Iniciando Transação Cross-Chain (LINK): Amoy -> Fuji ---
Usuário enviando: 0.001 LINK

[1/3] Aprovando LINK na Amoy para o Notary...
Aprovação concluída! Tx: 0x20aca2e90b98c7350712a6331302f7e377aac895546fa8ccda22d50f3f342e28
Gas Used: 47177
Gas Price: 36.000000063 Gwei
Transaction Fee: 0.001698372002972151 POL
Aguardando 5 segundos para propagação do allowance na rede...

[2/3] Depositando LINK no Notary da Amoy...
Depósito realizado com sucesso! ID do Depósito gerado: 67
Gas Used: 62957
Gas Price: 36.000000063 Gwei
Transaction Fee: 0.002266452003966291 POL

[3/3] Nó validador executando a ponte na Fuji...
Execução concluída! Tx: 0xe63315997209472cae445c206081b64e9a6237879b25d43b0566cd237625e89d
Gas Used: 78455
Gas Price: 0.00000016 Gwei
Transaction Fee: 0.0000000000125528 AVAX
Saldo na Fuji ANTES: 5.502 LINK
Saldo na Fuji DEPOIS: 5.503 LINK

--- Resumo de gás (fluxo cross-chain completo) ---
┌─────────┬────────────────────────┬─────────┬───────────────┬────────────────┬────────────────────┬────────────────────────┬─────────────┬──────────────────────────────────────────────────────────────────────┐
│ (index) │          step          │ gasUsed │  gasPriceWei  │  gasPriceGwei  │ transactionFeeWei  │     transactionFee     │ nativeToken │                                txHash                                │
├─────────┼────────────────────────┼─────────┼───────────────┼────────────────┼────────────────────┼────────────────────────┼─────────────┼──────────────────────────────────────────────────────────────────────┤
│    0    │    'approve (Amoy)'    │ '47177' │ '36000000063' │ '36.000000063' │ '1698372002972151' │ '0.001698372002972151' │    'POL'    │ '0x20aca2e90b98c7350712a6331302f7e377aac895546fa8ccda22d50f3f342e28' │
│    1    │    'deposit (Amoy)'    │ '62957' │ '36000000063' │ '36.000000063' │ '2266452003966291' │ '0.002266452003966291' │    'POL'    │ '0xa64597a8b1be72a0dd80587594f21378d25556f706d1445460c15ddd6aeca3bd' │
│    2    │ 'executeBridge (Fuji)' │ '78455' │     '160'     │  '0.00000016'  │     '12552800'     │  '0.0000000000125528'  │   'AVAX'    │ '0xe63315997209472cae445c206081b64e9a6237879b25d43b0566cd237625e89d' │
└─────────┴────────────────────────┴─────────┴───────────────┴────────────────┴────────────────────┴────────────────────────┴─────────────┴──────────────────────────────────────────────────────────────────────┘

💾 [LOGGER] Dados da transação salvos em: logs/testnet_logs.json
npm warn cli npm v11.13.0 does not support Node.js v18.19.1. This version of npm supports the following node versions: `^20.17.0 || >=22.9.0`. You can find the latest version at https://nodejs.org/.

--- Iniciando Transação Cross-Chain (LINK): Amoy -> Fuji ---
Usuário enviando: 0.001 LINK

[1/3] Aprovando LINK na Amoy para o Notary...
Aprovação concluída! Tx: 0xb232f1d4a35cbf19f00cd511eac914f84f74b959e67cca9068b1bbb42af65203
Gas Used: 47177
Gas Price: 51.415318833 Gwei
Transaction Fee: 0.002425620496584441 POL
Aguardando 5 segundos para propagação do allowance na rede...

[2/3] Depositando LINK no Notary da Amoy...
Depósito realizado com sucesso! ID do Depósito gerado: 68
Gas Used: 62957
Gas Price: 51.415318833 Gwei
Transaction Fee: 0.003236954227769181 POL

[3/3] Nó validador executando a ponte na Fuji...
Execução concluída! Tx: 0xa39645e830a0cb46560ab3045aad4c37fde11ecdefe700935734356389214726
Gas Used: 78455
Gas Price: 0.00000016 Gwei
Transaction Fee: 0.0000000000125528 AVAX
Saldo na Fuji ANTES: 5.502 LINK
Saldo na Fuji DEPOIS: 5.503 LINK

--- Resumo de gás (fluxo cross-chain completo) ---
┌─────────┬────────────────────────┬─────────┬───────────────┬────────────────┬────────────────────┬────────────────────────┬─────────────┬──────────────────────────────────────────────────────────────────────┐
│ (index) │          step          │ gasUsed │  gasPriceWei  │  gasPriceGwei  │ transactionFeeWei  │     transactionFee     │ nativeToken │                                txHash                                │
├─────────┼────────────────────────┼─────────┼───────────────┼────────────────┼────────────────────┼────────────────────────┼─────────────┼──────────────────────────────────────────────────────────────────────┤
│    0    │    'approve (Amoy)'    │ '47177' │ '51415318833' │ '51.415318833' │ '2425620496584441' │ '0.002425620496584441' │    'POL'    │ '0xb232f1d4a35cbf19f00cd511eac914f84f74b959e67cca9068b1bbb42af65203' │
│    1    │    'deposit (Amoy)'    │ '62957' │ '51415318833' │ '51.415318833' │ '3236954227769181' │ '0.003236954227769181' │    'POL'    │ '0x749b78e5ae078f5f5a2984b59ab19f1017b60bb7e5a03c14d6300e4704ee9b4d' │
│    2    │ 'executeBridge (Fuji)' │ '78455' │     '160'     │  '0.00000016'  │     '12552800'     │  '0.0000000000125528'  │   'AVAX'    │ '0xa39645e830a0cb46560ab3045aad4c37fde11ecdefe700935734356389214726' │
└─────────┴────────────────────────┴─────────┴───────────────┴────────────────┴────────────────────┴────────────────────────┴─────────────┴──────────────────────────────────────────────────────────────────────┘

💾 [LOGGER] Dados da transação salvos em: logs/testnet_logs.json
npm warn cli npm v11.13.0 does not support Node.js v18.19.1. This version of npm supports the following node versions: `^20.17.0 || >=22.9.0`. You can find the latest version at https://nodejs.org/.

--- Iniciando Transação Cross-Chain (LINK): Amoy -> Fuji ---
Usuário enviando: 0.001 LINK

[1/3] Aprovando LINK na Amoy para o Notary...
Aprovação concluída! Tx: 0xb772691dd24f33bc4e2fea93a0b35b48a66b6cce43a4df2a31df8fdae1313627
Gas Used: 47177
Gas Price: 99.855000271 Gwei
Transaction Fee: 0.004710859347784967 POL
Aguardando 5 segundos para propagação do allowance na rede...

[2/3] Depositando LINK no Notary da Amoy...
Depósito realizado com sucesso! ID do Depósito gerado: 69
Gas Used: 62957
Gas Price: 99.855000271 Gwei
Transaction Fee: 0.006286571252061347 POL

[3/3] Nó validador executando a ponte na Fuji...
Execução concluída! Tx: 0x4ea7792cb28b366b6d04c8c0432dc2446dd2974ca1f7090efd151b69a390122e
Gas Used: 78455
Gas Price: 0.00000016 Gwei
Transaction Fee: 0.0000000000125528 AVAX
Saldo na Fuji ANTES: 5.502 LINK
Saldo na Fuji DEPOIS: 5.503 LINK

--- Resumo de gás (fluxo cross-chain completo) ---
┌─────────┬────────────────────────┬─────────┬───────────────┬────────────────┬────────────────────┬────────────────────────┬─────────────┬──────────────────────────────────────────────────────────────────────┐
│ (index) │          step          │ gasUsed │  gasPriceWei  │  gasPriceGwei  │ transactionFeeWei  │     transactionFee     │ nativeToken │                                txHash                                │
├─────────┼────────────────────────┼─────────┼───────────────┼────────────────┼────────────────────┼────────────────────────┼─────────────┼──────────────────────────────────────────────────────────────────────┤
│    0    │    'approve (Amoy)'    │ '47177' │ '99855000271' │ '99.855000271' │ '4710859347784967' │ '0.004710859347784967' │    'POL'    │ '0xb772691dd24f33bc4e2fea93a0b35b48a66b6cce43a4df2a31df8fdae1313627' │
│    1    │    'deposit (Amoy)'    │ '62957' │ '99855000271' │ '99.855000271' │ '6286571252061347' │ '0.006286571252061347' │    'POL'    │ '0x853fd2d17565f4c8021815c88e14551541e81534881a5440c84e179e1c43de07' │
│    2    │ 'executeBridge (Fuji)' │ '78455' │     '160'     │  '0.00000016'  │     '12552800'     │  '0.0000000000125528'  │   'AVAX'    │ '0x4ea7792cb28b366b6d04c8c0432dc2446dd2974ca1f7090efd151b69a390122e' │
└─────────┴────────────────────────┴─────────┴───────────────┴────────────────┴────────────────────┴────────────────────────┴─────────────┴──────────────────────────────────────────────────────────────────────┘

💾 [LOGGER] Dados da transação salvos em: logs/testnet_logs.json
npm warn cli npm v11.13.0 does not support Node.js v18.19.1. This version of npm supports the following node versions: `^20.17.0 || >=22.9.0`. You can find the latest version at https://nodejs.org/.

--- Iniciando Transação Cross-Chain (LINK): Amoy -> Fuji ---
Usuário enviando: 0.001 LINK

[1/3] Aprovando LINK na Amoy para o Notary...
Aprovação concluída! Tx: 0x4850b1ddd716db25834aa946b0c184eb26afd59afeed49a1798f1a7255df859d
Gas Used: 47177
Gas Price: 108.000000084 Gwei
Transaction Fee: 0.005095116003962868 POL
Aguardando 5 segundos para propagação do allowance na rede...

[2/3] Depositando LINK no Notary da Amoy...
Depósito realizado com sucesso! ID do Depósito gerado: 70
Gas Used: 62957
Gas Price: 108.000000084 Gwei
Transaction Fee: 0.006799356005288388 POL

[3/3] Nó validador executando a ponte na Fuji...
Execução concluída! Tx: 0x53880da6778c63f399d5c9c2302c61bca6141148b0187271a17342f2803a5454
Gas Used: 78455
Gas Price: 0.00000016 Gwei
Transaction Fee: 0.0000000000125528 AVAX
Saldo na Fuji ANTES: 5.502 LINK
Saldo na Fuji DEPOIS: 5.503 LINK

--- Resumo de gás (fluxo cross-chain completo) ---
┌─────────┬────────────────────────┬─────────┬────────────────┬─────────────────┬────────────────────┬────────────────────────┬─────────────┬──────────────────────────────────────────────────────────────────────┐
│ (index) │          step          │ gasUsed │  gasPriceWei   │  gasPriceGwei   │ transactionFeeWei  │     transactionFee     │ nativeToken │                                txHash                                │
├─────────┼────────────────────────┼─────────┼────────────────┼─────────────────┼────────────────────┼────────────────────────┼─────────────┼──────────────────────────────────────────────────────────────────────┤
│    0    │    'approve (Amoy)'    │ '47177' │ '108000000084' │ '108.000000084' │ '5095116003962868' │ '0.005095116003962868' │    'POL'    │ '0x4850b1ddd716db25834aa946b0c184eb26afd59afeed49a1798f1a7255df859d' │
│    1    │    'deposit (Amoy)'    │ '62957' │ '108000000084' │ '108.000000084' │ '6799356005288388' │ '0.006799356005288388' │    'POL'    │ '0x9e777bf91dbbcf37cceebfb09fd2aacba051606ae6cea8067a8211c435a25816' │
│    2    │ 'executeBridge (Fuji)' │ '78455' │     '160'      │  '0.00000016'   │     '12552800'     │  '0.0000000000125528'  │   'AVAX'    │ '0x53880da6778c63f399d5c9c2302c61bca6141148b0187271a17342f2803a5454' │
└─────────┴────────────────────────┴─────────┴────────────────┴─────────────────┴────────────────────┴────────────────────────┴─────────────┴──────────────────────────────────────────────────────────────────────┘

💾 [LOGGER] Dados da transação salvos em: logs/testnet_logs.json
npm warn cli npm v11.13.0 does not support Node.js v18.19.1. This version of npm supports the following node versions: `^20.17.0 || >=22.9.0`. You can find the latest version at https://nodejs.org/.

--- Iniciando Transação Cross-Chain (LINK): Amoy -> Fuji ---
Usuário enviando: 0.001 LINK

[1/3] Aprovando LINK na Amoy para o Notary...
Aprovação concluída! Tx: 0x83b2fde86b332dbd486c895357213010f68f2bf18596702d35083d17fbaa80de
Gas Used: 47177
Gas Price: 77.400000126 Gwei
Transaction Fee: 0.003651499805944302 POL
Aguardando 5 segundos para propagação do allowance na rede...

[2/3] Depositando LINK no Notary da Amoy...
Depósito realizado com sucesso! ID do Depósito gerado: 71
Gas Used: 62957
Gas Price: 77.400000126 Gwei
Transaction Fee: 0.004872871807932582 POL

[3/3] Nó validador executando a ponte na Fuji...
Execução concluída! Tx: 0x6371ba2bb5826bf646578322f21493b0a362a729d1c2ed70158010c02a1cfc2f
Gas Used: 78455
Gas Price: 0.00000016 Gwei
Transaction Fee: 0.0000000000125528 AVAX
Saldo na Fuji ANTES: 5.502 LINK
Saldo na Fuji DEPOIS: 5.503 LINK

--- Resumo de gás (fluxo cross-chain completo) ---
┌─────────┬────────────────────────┬─────────┬───────────────┬────────────────┬────────────────────┬────────────────────────┬─────────────┬──────────────────────────────────────────────────────────────────────┐
│ (index) │          step          │ gasUsed │  gasPriceWei  │  gasPriceGwei  │ transactionFeeWei  │     transactionFee     │ nativeToken │                                txHash                                │
├─────────┼────────────────────────┼─────────┼───────────────┼────────────────┼────────────────────┼────────────────────────┼─────────────┼──────────────────────────────────────────────────────────────────────┤
│    0    │    'approve (Amoy)'    │ '47177' │ '77400000126' │ '77.400000126' │ '3651499805944302' │ '0.003651499805944302' │    'POL'    │ '0x83b2fde86b332dbd486c895357213010f68f2bf18596702d35083d17fbaa80de' │
│    1    │    'deposit (Amoy)'    │ '62957' │ '77400000126' │ '77.400000126' │ '4872871807932582' │ '0.004872871807932582' │    'POL'    │ '0x419e9c08fa48294b396ea35d5a5d18c9db6441af47b7e117f137f5ca0a11a715' │
│    2    │ 'executeBridge (Fuji)' │ '78455' │     '160'     │  '0.00000016'  │     '12552800'     │  '0.0000000000125528'  │   'AVAX'    │ '0x6371ba2bb5826bf646578322f21493b0a362a729d1c2ed70158010c02a1cfc2f' │
└─────────┴────────────────────────┴─────────┴───────────────┴────────────────┴────────────────────┴────────────────────────┴─────────────┴──────────────────────────────────────────────────────────────────────┘

💾 [LOGGER] Dados da transação salvos em: logs/testnet_logs.json
npm warn cli npm v11.13.0 does not support Node.js v18.19.1. This version of npm supports the following node versions: `^20.17.0 || >=22.9.0`. You can find the latest version at https://nodejs.org/.

--- Iniciando Transação Cross-Chain (LINK): Amoy -> Fuji ---
Usuário enviando: 0.001 LINK

[1/3] Aprovando LINK na Amoy para o Notary...
Aprovação concluída! Tx: 0x628166067b7e5aca5a03dd6b0be868734d9061319348250c9dc97922d22f164a
Gas Used: 47177
Gas Price: 63.000000132 Gwei
Transaction Fee: 0.002972151006227364 POL
Aguardando 5 segundos para propagação do allowance na rede...

[2/3] Depositando LINK no Notary da Amoy...
Depósito realizado com sucesso! ID do Depósito gerado: 72
Gas Used: 62957
Gas Price: 63.000000132 Gwei
Transaction Fee: 0.003966291008310324 POL

[3/3] Nó validador executando a ponte na Fuji...
Execução concluída! Tx: 0xc10dd3325ede5eca2d006aa5259a2faa36346594fdd79b320b67a62067fa3c88
Gas Used: 78455
Gas Price: 0.00000016 Gwei
Transaction Fee: 0.0000000000125528 AVAX
Saldo na Fuji ANTES: 5.502 LINK
Saldo na Fuji DEPOIS: 5.503 LINK

--- Resumo de gás (fluxo cross-chain completo) ---
┌─────────┬────────────────────────┬─────────┬───────────────┬────────────────┬────────────────────┬────────────────────────┬─────────────┬──────────────────────────────────────────────────────────────────────┐
│ (index) │          step          │ gasUsed │  gasPriceWei  │  gasPriceGwei  │ transactionFeeWei  │     transactionFee     │ nativeToken │                                txHash                                │
├─────────┼────────────────────────┼─────────┼───────────────┼────────────────┼────────────────────┼────────────────────────┼─────────────┼──────────────────────────────────────────────────────────────────────┤
│    0    │    'approve (Amoy)'    │ '47177' │ '63000000132' │ '63.000000132' │ '2972151006227364' │ '0.002972151006227364' │    'POL'    │ '0x628166067b7e5aca5a03dd6b0be868734d9061319348250c9dc97922d22f164a' │
│    1    │    'deposit (Amoy)'    │ '62957' │ '63000000132' │ '63.000000132' │ '3966291008310324' │ '0.003966291008310324' │    'POL'    │ '0x5db9e1121d2850642c63db735993cfcf58f7a8f6b5f54817d4e3405c25150a49' │
│    2    │ 'executeBridge (Fuji)' │ '78455' │     '160'     │  '0.00000016'  │     '12552800'     │  '0.0000000000125528'  │   'AVAX'    │ '0xc10dd3325ede5eca2d006aa5259a2faa36346594fdd79b320b67a62067fa3c88' │
└─────────┴────────────────────────┴─────────┴───────────────┴────────────────┴────────────────────┴────────────────────────┴─────────────┴──────────────────────────────────────────────────────────────────────┘

💾 [LOGGER] Dados da transação salvos em: logs/testnet_logs.json
npm warn cli npm v11.13.0 does not support Node.js v18.19.1. This version of npm supports the following node versions: `^20.17.0 || >=22.9.0`. You can find the latest version at https://nodejs.org/.

--- Iniciando Transação Cross-Chain (LINK): Amoy -> Fuji ---
Usuário enviando: 0.001 LINK

[1/3] Aprovando LINK na Amoy para o Notary...
Aprovação concluída! Tx: 0x1261d6e4821dda07c0ecd6912069a9fbe94a69c585c87ab1c0f5c134b763d827
Gas Used: 47177
Gas Price: 30.000000063 Gwei
Transaction Fee: 0.001415310002972151 POL
Aguardando 5 segundos para propagação do allowance na rede...

[2/3] Depositando LINK no Notary da Amoy...
Depósito realizado com sucesso! ID do Depósito gerado: 73
Gas Used: 62957
Gas Price: 30.000000063 Gwei
Transaction Fee: 0.001888710003966291 POL

[3/3] Nó validador executando a ponte na Fuji...
Execução concluída! Tx: 0xf36b8fe5a76e49395b44f197ad1afa19da7552e44debce2bd0e70a8ddeaa51bc
Gas Used: 78455
Gas Price: 0.00000016 Gwei
Transaction Fee: 0.0000000000125528 AVAX
Saldo na Fuji ANTES: 5.502 LINK
Saldo na Fuji DEPOIS: 5.503 LINK

--- Resumo de gás (fluxo cross-chain completo) ---
┌─────────┬────────────────────────┬─────────┬───────────────┬────────────────┬────────────────────┬────────────────────────┬─────────────┬──────────────────────────────────────────────────────────────────────┐
│ (index) │          step          │ gasUsed │  gasPriceWei  │  gasPriceGwei  │ transactionFeeWei  │     transactionFee     │ nativeToken │                                txHash                                │
├─────────┼────────────────────────┼─────────┼───────────────┼────────────────┼────────────────────┼────────────────────────┼─────────────┼──────────────────────────────────────────────────────────────────────┤
│    0    │    'approve (Amoy)'    │ '47177' │ '30000000063' │ '30.000000063' │ '1415310002972151' │ '0.001415310002972151' │    'POL'    │ '0x1261d6e4821dda07c0ecd6912069a9fbe94a69c585c87ab1c0f5c134b763d827' │
│    1    │    'deposit (Amoy)'    │ '62957' │ '30000000063' │ '30.000000063' │ '1888710003966291' │ '0.001888710003966291' │    'POL'    │ '0xbeefa5b41909d3ca53fefc405edb31540ce15dde14a590cdca62b784bfc71c0a' │
│    2    │ 'executeBridge (Fuji)' │ '78455' │     '160'     │  '0.00000016'  │     '12552800'     │  '0.0000000000125528'  │   'AVAX'    │ '0xf36b8fe5a76e49395b44f197ad1afa19da7552e44debce2bd0e70a8ddeaa51bc' │
└─────────┴────────────────────────┴─────────┴───────────────┴────────────────┴────────────────────┴────────────────────────┴─────────────┴──────────────────────────────────────────────────────────────────────┘

💾 [LOGGER] Dados da transação salvos em: logs/testnet_logs.json
npm warn cli npm v11.13.0 does not support Node.js v18.19.1. This version of npm supports the following node versions: `^20.17.0 || >=22.9.0`. You can find the latest version at https://nodejs.org/.

--- Iniciando Transação Cross-Chain (LINK): Amoy -> Fuji ---
Usuário enviando: 0.001 LINK

[1/3] Aprovando LINK na Amoy para o Notary...
Aprovação concluída! Tx: 0xc6b1408df2c3b5ae43745b9fc9c5fb07256ddda402c1df72f219fca7b7081b4f
Gas Used: 47177
Gas Price: 32.000000063 Gwei
Transaction Fee: 0.001509664002972151 POL
Aguardando 5 segundos para propagação do allowance na rede...

[2/3] Depositando LINK no Notary da Amoy...
Depósito realizado com sucesso! ID do Depósito gerado: 74
Gas Used: 62957
Gas Price: 32.000000063 Gwei
Transaction Fee: 0.002014624003966291 POL

[3/3] Nó validador executando a ponte na Fuji...
Execução concluída! Tx: 0x7802ef96a930e56f6715dd566b3610379bdfef7abf22291390cbb50594315765
Gas Used: 78455
Gas Price: 0.00000016 Gwei
Transaction Fee: 0.0000000000125528 AVAX
Saldo na Fuji ANTES: 5.502 LINK
Saldo na Fuji DEPOIS: 5.503 LINK

--- Resumo de gás (fluxo cross-chain completo) ---
┌─────────┬────────────────────────┬─────────┬───────────────┬────────────────┬────────────────────┬────────────────────────┬─────────────┬──────────────────────────────────────────────────────────────────────┐
│ (index) │          step          │ gasUsed │  gasPriceWei  │  gasPriceGwei  │ transactionFeeWei  │     transactionFee     │ nativeToken │                                txHash                                │
├─────────┼────────────────────────┼─────────┼───────────────┼────────────────┼────────────────────┼────────────────────────┼─────────────┼──────────────────────────────────────────────────────────────────────┤
│    0    │    'approve (Amoy)'    │ '47177' │ '32000000063' │ '32.000000063' │ '1509664002972151' │ '0.001509664002972151' │    'POL'    │ '0xc6b1408df2c3b5ae43745b9fc9c5fb07256ddda402c1df72f219fca7b7081b4f' │
│    1    │    'deposit (Amoy)'    │ '62957' │ '32000000063' │ '32.000000063' │ '2014624003966291' │ '0.002014624003966291' │    'POL'    │ '0xb8a7490aef656c9df07e1bfb5ad86842da3b94bba36d20fc2d370011176086ec' │
│    2    │ 'executeBridge (Fuji)' │ '78455' │     '160'     │  '0.00000016'  │     '12552800'     │  '0.0000000000125528'  │   'AVAX'    │ '0x7802ef96a930e56f6715dd566b3610379bdfef7abf22291390cbb50594315765' │
└─────────┴────────────────────────┴─────────┴───────────────┴────────────────┴────────────────────┴────────────────────────┴─────────────┴──────────────────────────────────────────────────────────────────────┘

💾 [LOGGER] Dados da transação salvos em: logs/testnet_logs.json
npm warn cli npm v11.13.0 does not support Node.js v18.19.1. This version of npm supports the following node versions: `^20.17.0 || >=22.9.0`. You can find the latest version at https://nodejs.org/.

--- Iniciando Transação Cross-Chain (LINK): Amoy -> Fuji ---
Usuário enviando: 0.001 LINK

[1/3] Aprovando LINK na Amoy para o Notary...
Aprovação concluída! Tx: 0x2b1e3ea4f1f55055ced67f76c100728e3f2b4c095a30a15b2f91cafa799d2f60
Gas Used: 47177
Gas Price: 30.000000063 Gwei
Transaction Fee: 0.001415310002972151 POL
Aguardando 5 segundos para propagação do allowance na rede...

[2/3] Depositando LINK no Notary da Amoy...
Depósito realizado com sucesso! ID do Depósito gerado: 75
Gas Used: 62957
Gas Price: 30.000000063 Gwei
Transaction Fee: 0.001888710003966291 POL

[3/3] Nó validador executando a ponte na Fuji...
Execução concluída! Tx: 0xcff342d62b543938da18258776d1bc1d5867c8b1bf435775dbc21b9654f4837c
Gas Used: 78455
Gas Price: 0.00000016 Gwei
Transaction Fee: 0.0000000000125528 AVAX
Saldo na Fuji ANTES: 5.502 LINK
Saldo na Fuji DEPOIS: 5.503 LINK

--- Resumo de gás (fluxo cross-chain completo) ---
┌─────────┬────────────────────────┬─────────┬───────────────┬────────────────┬────────────────────┬────────────────────────┬─────────────┬──────────────────────────────────────────────────────────────────────┐
│ (index) │          step          │ gasUsed │  gasPriceWei  │  gasPriceGwei  │ transactionFeeWei  │     transactionFee     │ nativeToken │                                txHash                                │
├─────────┼────────────────────────┼─────────┼───────────────┼────────────────┼────────────────────┼────────────────────────┼─────────────┼──────────────────────────────────────────────────────────────────────┤
│    0    │    'approve (Amoy)'    │ '47177' │ '30000000063' │ '30.000000063' │ '1415310002972151' │ '0.001415310002972151' │    'POL'    │ '0x2b1e3ea4f1f55055ced67f76c100728e3f2b4c095a30a15b2f91cafa799d2f60' │
│    1    │    'deposit (Amoy)'    │ '62957' │ '30000000063' │ '30.000000063' │ '1888710003966291' │ '0.001888710003966291' │    'POL'    │ '0x2753da40058dcfb2cfd1e9b9a453f8fc314d50ba4fd1c164fd720827e4442b66' │
│    2    │ 'executeBridge (Fuji)' │ '78455' │     '160'     │  '0.00000016'  │     '12552800'     │  '0.0000000000125528'  │   'AVAX'    │ '0xcff342d62b543938da18258776d1bc1d5867c8b1bf435775dbc21b9654f4837c' │
└─────────┴────────────────────────┴─────────┴───────────────┴────────────────┴────────────────────┴────────────────────────┴─────────────┴──────────────────────────────────────────────────────────────────────┘

💾 [LOGGER] Dados da transação salvos em: logs/testnet_logs.json
npm warn cli npm v11.13.0 does not support Node.js v18.19.1. This version of npm supports the following node versions: `^20.17.0 || >=22.9.0`. You can find the latest version at https://nodejs.org/.

--- Iniciando Transação Cross-Chain (LINK): Amoy -> Fuji ---
Usuário enviando: 0.001 LINK

[1/3] Aprovando LINK na Amoy para o Notary...
Aprovação concluída! Tx: 0xafd330ce1d493d69d48f112c15fbc4de46e66fddfa5edbad2238973a58675113
Gas Used: 47177
Gas Price: 30.000000063 Gwei
Transaction Fee: 0.001415310002972151 POL
Aguardando 5 segundos para propagação do allowance na rede...

[2/3] Depositando LINK no Notary da Amoy...
Depósito realizado com sucesso! ID do Depósito gerado: 76
Gas Used: 62957
Gas Price: 30.000000063 Gwei
Transaction Fee: 0.001888710003966291 POL

[3/3] Nó validador executando a ponte na Fuji...
Execução concluída! Tx: 0x607c7d779d84b44e413d8ef4e8de91a35b5b60580188c928834618387dab276a
Gas Used: 78455
Gas Price: 0.00000016 Gwei
Transaction Fee: 0.0000000000125528 AVAX
Saldo na Fuji ANTES: 5.502 LINK
Saldo na Fuji DEPOIS: 5.503 LINK

--- Resumo de gás (fluxo cross-chain completo) ---
┌─────────┬────────────────────────┬─────────┬───────────────┬────────────────┬────────────────────┬────────────────────────┬─────────────┬──────────────────────────────────────────────────────────────────────┐
│ (index) │          step          │ gasUsed │  gasPriceWei  │  gasPriceGwei  │ transactionFeeWei  │     transactionFee     │ nativeToken │                                txHash                                │
├─────────┼────────────────────────┼─────────┼───────────────┼────────────────┼────────────────────┼────────────────────────┼─────────────┼──────────────────────────────────────────────────────────────────────┤
│    0    │    'approve (Amoy)'    │ '47177' │ '30000000063' │ '30.000000063' │ '1415310002972151' │ '0.001415310002972151' │    'POL'    │ '0xafd330ce1d493d69d48f112c15fbc4de46e66fddfa5edbad2238973a58675113' │
│    1    │    'deposit (Amoy)'    │ '62957' │ '30000000063' │ '30.000000063' │ '1888710003966291' │ '0.001888710003966291' │    'POL'    │ '0x91036adb22014d53212be6a64ca550e16f9c20a8849439e0175fea9745d06653' │
│    2    │ 'executeBridge (Fuji)' │ '78455' │     '160'     │  '0.00000016'  │     '12552800'     │  '0.0000000000125528'  │   'AVAX'    │ '0x607c7d779d84b44e413d8ef4e8de91a35b5b60580188c928834618387dab276a' │
└─────────┴────────────────────────┴─────────┴───────────────┴────────────────┴────────────────────┴────────────────────────┴─────────────┴──────────────────────────────────────────────────────────────────────┘

💾 [LOGGER] Dados da transação salvos em: logs/testnet_logs.json
npm warn cli npm v11.13.0 does not support Node.js v18.19.1. This version of npm supports the following node versions: `^20.17.0 || >=22.9.0`. You can find the latest version at https://nodejs.org/.

--- Iniciando Transação Cross-Chain (LINK): Amoy -> Fuji ---
Usuário enviando: 0.001 LINK

[1/3] Aprovando LINK na Amoy para o Notary...
Aprovação concluída! Tx: 0xcc25b88e8ca5cd76e5554f363af6e2fe8386dbb0699580278f3adc712a58c356
Gas Used: 47177
Gas Price: 30.000000063 Gwei
Transaction Fee: 0.001415310002972151 POL
Aguardando 5 segundos para propagação do allowance na rede...

[2/3] Depositando LINK no Notary da Amoy...
Depósito realizado com sucesso! ID do Depósito gerado: 77
Gas Used: 62957
Gas Price: 30.000000063 Gwei
Transaction Fee: 0.001888710003966291 POL

[3/3] Nó validador executando a ponte na Fuji...
Execução concluída! Tx: 0x0e777120a886c12dddcb0a33ad5d29557724827795943ebb25efe479aa7352b0
Gas Used: 78455
Gas Price: 0.00000016 Gwei
Transaction Fee: 0.0000000000125528 AVAX
Saldo na Fuji ANTES: 5.502 LINK
Saldo na Fuji DEPOIS: 5.503 LINK

--- Resumo de gás (fluxo cross-chain completo) ---
┌─────────┬────────────────────────┬─────────┬───────────────┬────────────────┬────────────────────┬────────────────────────┬─────────────┬──────────────────────────────────────────────────────────────────────┐
│ (index) │          step          │ gasUsed │  gasPriceWei  │  gasPriceGwei  │ transactionFeeWei  │     transactionFee     │ nativeToken │                                txHash                                │
├─────────┼────────────────────────┼─────────┼───────────────┼────────────────┼────────────────────┼────────────────────────┼─────────────┼──────────────────────────────────────────────────────────────────────┤
│    0    │    'approve (Amoy)'    │ '47177' │ '30000000063' │ '30.000000063' │ '1415310002972151' │ '0.001415310002972151' │    'POL'    │ '0xcc25b88e8ca5cd76e5554f363af6e2fe8386dbb0699580278f3adc712a58c356' │
│    1    │    'deposit (Amoy)'    │ '62957' │ '30000000063' │ '30.000000063' │ '1888710003966291' │ '0.001888710003966291' │    'POL'    │ '0x278297ca6148f5f449f6f0c9b42a83b3fa61d301964b886ee81ee1b542686c4b' │
│    2    │ 'executeBridge (Fuji)' │ '78455' │     '160'     │  '0.00000016'  │     '12552800'     │  '0.0000000000125528'  │   'AVAX'    │ '0x0e777120a886c12dddcb0a33ad5d29557724827795943ebb25efe479aa7352b0' │
└─────────┴────────────────────────┴─────────┴───────────────┴────────────────┴────────────────────┴────────────────────────┴─────────────┴──────────────────────────────────────────────────────────────────────┘

💾 [LOGGER] Dados da transação salvos em: logs/testnet_logs.json
npm warn cli npm v11.13.0 does not support Node.js v18.19.1. This version of npm supports the following node versions: `^20.17.0 || >=22.9.0`. You can find the latest version at https://nodejs.org/.

--- Iniciando Transação Cross-Chain (LINK): Amoy -> Fuji ---
Usuário enviando: 0.001 LINK

[1/3] Aprovando LINK na Amoy para o Notary...
Aprovação concluída! Tx: 0x49b0932f77b807467794e40e8b13595c61acb1503b7d15eb7cf21de1e512fa20
Gas Used: 47177
Gas Price: 32.000000063 Gwei
Transaction Fee: 0.001509664002972151 POL
Aguardando 5 segundos para propagação do allowance na rede...

[2/3] Depositando LINK no Notary da Amoy...
Depósito realizado com sucesso! ID do Depósito gerado: 78
Gas Used: 62957
Gas Price: 32.000000063 Gwei
Transaction Fee: 0.002014624003966291 POL

[3/3] Nó validador executando a ponte na Fuji...
Execução concluída! Tx: 0xc203d36ce12bd7b04b1622386d34bd6f66237f737ad34d51738ed074bd146e5b
Gas Used: 78455
Gas Price: 0.00000016 Gwei
Transaction Fee: 0.0000000000125528 AVAX
Saldo na Fuji ANTES: 5.502 LINK
Saldo na Fuji DEPOIS: 5.503 LINK

--- Resumo de gás (fluxo cross-chain completo) ---
┌─────────┬────────────────────────┬─────────┬───────────────┬────────────────┬────────────────────┬────────────────────────┬─────────────┬──────────────────────────────────────────────────────────────────────┐
│ (index) │          step          │ gasUsed │  gasPriceWei  │  gasPriceGwei  │ transactionFeeWei  │     transactionFee     │ nativeToken │                                txHash                                │
├─────────┼────────────────────────┼─────────┼───────────────┼────────────────┼────────────────────┼────────────────────────┼─────────────┼──────────────────────────────────────────────────────────────────────┤
│    0    │    'approve (Amoy)'    │ '47177' │ '32000000063' │ '32.000000063' │ '1509664002972151' │ '0.001509664002972151' │    'POL'    │ '0x49b0932f77b807467794e40e8b13595c61acb1503b7d15eb7cf21de1e512fa20' │
│    1    │    'deposit (Amoy)'    │ '62957' │ '32000000063' │ '32.000000063' │ '2014624003966291' │ '0.002014624003966291' │    'POL'    │ '0x2229b33348d26894d943a388e9abbfbcc657501ae5f909136b48bf1bf24019f7' │
│    2    │ 'executeBridge (Fuji)' │ '78455' │     '160'     │  '0.00000016'  │     '12552800'     │  '0.0000000000125528'  │   'AVAX'    │ '0xc203d36ce12bd7b04b1622386d34bd6f66237f737ad34d51738ed074bd146e5b' │
└─────────┴────────────────────────┴─────────┴───────────────┴────────────────┴────────────────────┴────────────────────────┴─────────────┴──────────────────────────────────────────────────────────────────────┘

💾 [LOGGER] Dados da transação salvos em: logs/testnet_logs.json
npm warn cli npm v11.13.0 does not support Node.js v18.19.1. This version of npm supports the following node versions: `^20.17.0 || >=22.9.0`. You can find the latest version at https://nodejs.org/.

--- Iniciando Transação Cross-Chain (LINK): Amoy -> Fuji ---
Usuário enviando: 0.001 LINK

[1/3] Aprovando LINK na Amoy para o Notary...
Aprovação concluída! Tx: 0xfef755a952832f09d5c45da73dc86fdc0621f79ae2f97709e0aeda7dd78ebcfe
Gas Used: 47177
Gas Price: 30.000000063 Gwei
Transaction Fee: 0.001415310002972151 POL
Aguardando 5 segundos para propagação do allowance na rede...

[2/3] Depositando LINK no Notary da Amoy...
Depósito realizado com sucesso! ID do Depósito gerado: 79
Gas Used: 62957
Gas Price: 30.000000063 Gwei
Transaction Fee: 0.001888710003966291 POL

[3/3] Nó validador executando a ponte na Fuji...
Execução concluída! Tx: 0x9219e04a21f8614547e695e67cc3a763d9a84327b87d13c7915b957918f195e7
Gas Used: 78455
Gas Price: 0.00000016 Gwei
Transaction Fee: 0.0000000000125528 AVAX
Saldo na Fuji ANTES: 5.502 LINK
Saldo na Fuji DEPOIS: 5.503 LINK

--- Resumo de gás (fluxo cross-chain completo) ---
┌─────────┬────────────────────────┬─────────┬───────────────┬────────────────┬────────────────────┬────────────────────────┬─────────────┬──────────────────────────────────────────────────────────────────────┐
│ (index) │          step          │ gasUsed │  gasPriceWei  │  gasPriceGwei  │ transactionFeeWei  │     transactionFee     │ nativeToken │                                txHash                                │
├─────────┼────────────────────────┼─────────┼───────────────┼────────────────┼────────────────────┼────────────────────────┼─────────────┼──────────────────────────────────────────────────────────────────────┤
│    0    │    'approve (Amoy)'    │ '47177' │ '30000000063' │ '30.000000063' │ '1415310002972151' │ '0.001415310002972151' │    'POL'    │ '0xfef755a952832f09d5c45da73dc86fdc0621f79ae2f97709e0aeda7dd78ebcfe' │
│    1    │    'deposit (Amoy)'    │ '62957' │ '30000000063' │ '30.000000063' │ '1888710003966291' │ '0.001888710003966291' │    'POL'    │ '0x442a81f239671ec05f7c54ebd336ef25112add2ae0c6a7cead18125f877100ba' │
│    2    │ 'executeBridge (Fuji)' │ '78455' │     '160'     │  '0.00000016'  │     '12552800'     │  '0.0000000000125528'  │   'AVAX'    │ '0x9219e04a21f8614547e695e67cc3a763d9a84327b87d13c7915b957918f195e7' │
└─────────┴────────────────────────┴─────────┴───────────────┴────────────────┴────────────────────┴────────────────────────┴─────────────┴──────────────────────────────────────────────────────────────────────┘

💾 [LOGGER] Dados da transação salvos em: logs/testnet_logs.json
npm warn cli npm v11.13.0 does not support Node.js v18.19.1. This version of npm supports the following node versions: `^20.17.0 || >=22.9.0`. You can find the latest version at https://nodejs.org/.

--- Iniciando Transação Cross-Chain (LINK): Amoy -> Fuji ---
Usuário enviando: 0.001 LINK

[1/3] Aprovando LINK na Amoy para o Notary...
Aprovação concluída! Tx: 0xe387032c924c5f7a265aa7b882f534697745aedfb35200a61c71ad107241a84b
Gas Used: 47177
Gas Price: 60.000000126 Gwei
Transaction Fee: 0.002830620005944302 POL
Aguardando 5 segundos para propagação do allowance na rede...

[2/3] Depositando LINK no Notary da Amoy...
Depósito realizado com sucesso! ID do Depósito gerado: 80
Gas Used: 62957
Gas Price: 60.000000126 Gwei
Transaction Fee: 0.003777420007932582 POL

[3/3] Nó validador executando a ponte na Fuji...
Execução concluída! Tx: 0xb2477253df1d484d502aa8ab8f57dd97f47bd2d4b925ae6bf49e77fe10cc6e42
Gas Used: 78455
Gas Price: 0.00000016 Gwei
Transaction Fee: 0.0000000000125528 AVAX
Saldo na Fuji ANTES: 5.502 LINK
Saldo na Fuji DEPOIS: 5.503 LINK

--- Resumo de gás (fluxo cross-chain completo) ---
┌─────────┬────────────────────────┬─────────┬───────────────┬────────────────┬────────────────────┬────────────────────────┬─────────────┬──────────────────────────────────────────────────────────────────────┐
│ (index) │          step          │ gasUsed │  gasPriceWei  │  gasPriceGwei  │ transactionFeeWei  │     transactionFee     │ nativeToken │                                txHash                                │
├─────────┼────────────────────────┼─────────┼───────────────┼────────────────┼────────────────────┼────────────────────────┼─────────────┼──────────────────────────────────────────────────────────────────────┤
│    0    │    'approve (Amoy)'    │ '47177' │ '60000000126' │ '60.000000126' │ '2830620005944302' │ '0.002830620005944302' │    'POL'    │ '0xe387032c924c5f7a265aa7b882f534697745aedfb35200a61c71ad107241a84b' │
│    1    │    'deposit (Amoy)'    │ '62957' │ '60000000126' │ '60.000000126' │ '3777420007932582' │ '0.003777420007932582' │    'POL'    │ '0x24dd4468b88273f9203eab358bbd4205d1c7a081d82bc9401fbd93c1ff9b3651' │
│    2    │ 'executeBridge (Fuji)' │ '78455' │     '160'     │  '0.00000016'  │     '12552800'     │  '0.0000000000125528'  │   'AVAX'    │ '0xb2477253df1d484d502aa8ab8f57dd97f47bd2d4b925ae6bf49e77fe10cc6e42' │
└─────────┴────────────────────────┴─────────┴───────────────┴────────────────┴────────────────────┴────────────────────────┴─────────────┴──────────────────────────────────────────────────────────────────────┘

💾 [LOGGER] Dados da transação salvos em: logs/testnet_logs.json
npm warn cli npm v11.13.0 does not support Node.js v18.19.1. This version of npm supports the following node versions: `^20.17.0 || >=22.9.0`. You can find the latest version at https://nodejs.org/.

--- Iniciando Transação Cross-Chain (LINK): Amoy -> Fuji ---
Usuário enviando: 0.001 LINK

[1/3] Aprovando LINK na Amoy para o Notary...
Aprovação concluída! Tx: 0xeba1fc024607b3e4401a2ed6066952b3b64b6272a77cdc4478f6c8892d21800c
Gas Used: 47177
Gas Price: 240.000000504 Gwei
Transaction Fee: 0.011322480023777208 POL
Aguardando 5 segundos para propagação do allowance na rede...

[2/3] Depositando LINK no Notary da Amoy...
Depósito realizado com sucesso! ID do Depósito gerado: 81
Gas Used: 62957
Gas Price: 240.000000504 Gwei
Transaction Fee: 0.015109680031730328 POL

[3/3] Nó validador executando a ponte na Fuji...
Execução concluída! Tx: 0x10e52831008b6d160c98b5782e8bbaa72b1169e1d978c43a090730e12bdb6427
Gas Used: 78455
Gas Price: 0.00000016 Gwei
Transaction Fee: 0.0000000000125528 AVAX
Saldo na Fuji ANTES: 5.502 LINK
Saldo na Fuji DEPOIS: 5.503 LINK

--- Resumo de gás (fluxo cross-chain completo) ---
┌─────────┬────────────────────────┬─────────┬────────────────┬─────────────────┬─────────────────────┬────────────────────────┬─────────────┬──────────────────────────────────────────────────────────────────────┐
│ (index) │          step          │ gasUsed │  gasPriceWei   │  gasPriceGwei   │  transactionFeeWei  │     transactionFee     │ nativeToken │                                txHash                                │
├─────────┼────────────────────────┼─────────┼────────────────┼─────────────────┼─────────────────────┼────────────────────────┼─────────────┼──────────────────────────────────────────────────────────────────────┤
│    0    │    'approve (Amoy)'    │ '47177' │ '240000000504' │ '240.000000504' │ '11322480023777208' │ '0.011322480023777208' │    'POL'    │ '0xeba1fc024607b3e4401a2ed6066952b3b64b6272a77cdc4478f6c8892d21800c' │
│    1    │    'deposit (Amoy)'    │ '62957' │ '240000000504' │ '240.000000504' │ '15109680031730328' │ '0.015109680031730328' │    'POL'    │ '0x4c5d76e41bdb8d9b6e71ff9744acf9a1b8eef7d51503a0e312c111607e46cd53' │
│    2    │ 'executeBridge (Fuji)' │ '78455' │     '160'      │  '0.00000016'   │     '12552800'      │  '0.0000000000125528'  │   'AVAX'    │ '0x10e52831008b6d160c98b5782e8bbaa72b1169e1d978c43a090730e12bdb6427' │
└─────────┴────────────────────────┴─────────┴────────────────┴─────────────────┴─────────────────────┴────────────────────────┴─────────────┴──────────────────────────────────────────────────────────────────────┘

💾 [LOGGER] Dados da transação salvos em: logs/testnet_logs.json
npm warn cli npm v11.13.0 does not support Node.js v18.19.1. This version of npm supports the following node versions: `^20.17.0 || >=22.9.0`. You can find the latest version at https://nodejs.org/.

--- Iniciando Transação Cross-Chain (LINK): Amoy -> Fuji ---
Usuário enviando: 0.001 LINK

[1/3] Aprovando LINK na Amoy para o Notary...
Aprovação concluída! Tx: 0xec604239f62bb807bdf6a227d144bc78bb91e2fc6733435cc9bce60c362015c7
Gas Used: 47177
Gas Price: 120.000000126 Gwei
Transaction Fee: 0.005661240005944302 POL
Aguardando 5 segundos para propagação do allowance na rede...

[2/3] Depositando LINK no Notary da Amoy...
Depósito realizado com sucesso! ID do Depósito gerado: 82
Gas Used: 62957
Gas Price: 120.000000126 Gwei
Transaction Fee: 0.007554840007932582 POL

[3/3] Nó validador executando a ponte na Fuji...
Execução concluída! Tx: 0x3f5e1a97a920373fcc57f8b944966eea089bc618798cb31f8adb5be2c8115954
Gas Used: 78455
Gas Price: 0.00000016 Gwei
Transaction Fee: 0.0000000000125528 AVAX
Saldo na Fuji ANTES: 5.502 LINK
Saldo na Fuji DEPOIS: 5.503 LINK

--- Resumo de gás (fluxo cross-chain completo) ---
┌─────────┬────────────────────────┬─────────┬────────────────┬─────────────────┬────────────────────┬────────────────────────┬─────────────┬──────────────────────────────────────────────────────────────────────┐
│ (index) │          step          │ gasUsed │  gasPriceWei   │  gasPriceGwei   │ transactionFeeWei  │     transactionFee     │ nativeToken │                                txHash                                │
├─────────┼────────────────────────┼─────────┼────────────────┼─────────────────┼────────────────────┼────────────────────────┼─────────────┼──────────────────────────────────────────────────────────────────────┤
│    0    │    'approve (Amoy)'    │ '47177' │ '120000000126' │ '120.000000126' │ '5661240005944302' │ '0.005661240005944302' │    'POL'    │ '0xec604239f62bb807bdf6a227d144bc78bb91e2fc6733435cc9bce60c362015c7' │
│    1    │    'deposit (Amoy)'    │ '62957' │ '120000000126' │ '120.000000126' │ '7554840007932582' │ '0.007554840007932582' │    'POL'    │ '0xe2453b3f1716fd7f860c75dc7d0100e3f1325badd5242084f7a6909ee92f0d6c' │
│    2    │ 'executeBridge (Fuji)' │ '78455' │     '160'      │  '0.00000016'   │     '12552800'     │  '0.0000000000125528'  │   'AVAX'    │ '0x3f5e1a97a920373fcc57f8b944966eea089bc618798cb31f8adb5be2c8115954' │
└─────────┴────────────────────────┴─────────┴────────────────┴─────────────────┴────────────────────┴────────────────────────┴─────────────┴──────────────────────────────────────────────────────────────────────┘

💾 [LOGGER] Dados da transação salvos em: logs/testnet_logs.json
npm warn cli npm v11.13.0 does not support Node.js v18.19.1. This version of npm supports the following node versions: `^20.17.0 || >=22.9.0`. You can find the latest version at https://nodejs.org/.

--- Iniciando Transação Cross-Chain (LINK): Amoy -> Fuji ---
Usuário enviando: 0.001 LINK

[1/3] Aprovando LINK na Amoy para o Notary...
Aprovação concluída! Tx: 0x25b6bdbbedbc0040740314867820d51dc2b0d744a716d53cd57e147adc02b111
Gas Used: 47177
Gas Price: 500.000000063 Gwei
Transaction Fee: 0.023588500002972151 POL
Aguardando 5 segundos para propagação do allowance na rede...

[2/3] Depositando LINK no Notary da Amoy...
Depósito realizado com sucesso! ID do Depósito gerado: 83
Gas Used: 62957
Gas Price: 500.000000063 Gwei
Transaction Fee: 0.031478500003966291 POL

[3/3] Nó validador executando a ponte na Fuji...
Execução concluída! Tx: 0x8dd0df63c5e15a8ef96e0ba1604ce048783960e23cdba9c4d331071da80c09af
Gas Used: 78455
Gas Price: 0.00000016 Gwei
Transaction Fee: 0.0000000000125528 AVAX
Saldo na Fuji ANTES: 5.502 LINK
Saldo na Fuji DEPOIS: 5.503 LINK

--- Resumo de gás (fluxo cross-chain completo) ---
┌─────────┬────────────────────────┬─────────┬────────────────┬─────────────────┬─────────────────────┬────────────────────────┬─────────────┬──────────────────────────────────────────────────────────────────────┐
│ (index) │          step          │ gasUsed │  gasPriceWei   │  gasPriceGwei   │  transactionFeeWei  │     transactionFee     │ nativeToken │                                txHash                                │
├─────────┼────────────────────────┼─────────┼────────────────┼─────────────────┼─────────────────────┼────────────────────────┼─────────────┼──────────────────────────────────────────────────────────────────────┤
│    0    │    'approve (Amoy)'    │ '47177' │ '500000000063' │ '500.000000063' │ '23588500002972151' │ '0.023588500002972151' │    'POL'    │ '0x25b6bdbbedbc0040740314867820d51dc2b0d744a716d53cd57e147adc02b111' │
│    1    │    'deposit (Amoy)'    │ '62957' │ '500000000063' │ '500.000000063' │ '31478500003966291' │ '0.031478500003966291' │    'POL'    │ '0x1561c599d9193d62628b85ce80b6c87510e28ff598fb9aa6c6f39e34fb95bdd2' │
│    2    │ 'executeBridge (Fuji)' │ '78455' │     '160'      │  '0.00000016'   │     '12552800'      │  '0.0000000000125528'  │   'AVAX'    │ '0x8dd0df63c5e15a8ef96e0ba1604ce048783960e23cdba9c4d331071da80c09af' │
└─────────┴────────────────────────┴─────────┴────────────────┴─────────────────┴─────────────────────┴────────────────────────┴─────────────┴──────────────────────────────────────────────────────────────────────┘

💾 [LOGGER] Dados da transação salvos em: logs/testnet_logs.json
npm warn cli npm v11.13.0 does not support Node.js v18.19.1. This version of npm supports the following node versions: `^20.17.0 || >=22.9.0`. You can find the latest version at https://nodejs.org/.

--- Iniciando Transação Cross-Chain (LINK): Amoy -> Fuji ---
Usuário enviando: 0.001 LINK

[1/3] Aprovando LINK na Amoy para o Notary...
Aprovação concluída! Tx: 0x879cbf172db33226572d38f9de4074cd1258287821476f5ebefa8b8c8852da28
Gas Used: 47177
Gas Price: 30.000000063 Gwei
Transaction Fee: 0.001415310002972151 POL
Aguardando 5 segundos para propagação do allowance na rede...

[2/3] Depositando LINK no Notary da Amoy...
Depósito realizado com sucesso! ID do Depósito gerado: 84
Gas Used: 62957
Gas Price: 30.000000063 Gwei
Transaction Fee: 0.001888710003966291 POL

[3/3] Nó validador executando a ponte na Fuji...
Execução concluída! Tx: 0xa9640830af89c610d498ff7eba9f4e04288948605977a4c908a18355ce72b099
Gas Used: 78455
Gas Price: 0.00000016 Gwei
Transaction Fee: 0.0000000000125528 AVAX
Saldo na Fuji ANTES: 5.502 LINK
Saldo na Fuji DEPOIS: 5.503 LINK

--- Resumo de gás (fluxo cross-chain completo) ---
┌─────────┬────────────────────────┬─────────┬───────────────┬────────────────┬────────────────────┬────────────────────────┬─────────────┬──────────────────────────────────────────────────────────────────────┐
│ (index) │          step          │ gasUsed │  gasPriceWei  │  gasPriceGwei  │ transactionFeeWei  │     transactionFee     │ nativeToken │                                txHash                                │
├─────────┼────────────────────────┼─────────┼───────────────┼────────────────┼────────────────────┼────────────────────────┼─────────────┼──────────────────────────────────────────────────────────────────────┤
│    0    │    'approve (Amoy)'    │ '47177' │ '30000000063' │ '30.000000063' │ '1415310002972151' │ '0.001415310002972151' │    'POL'    │ '0x879cbf172db33226572d38f9de4074cd1258287821476f5ebefa8b8c8852da28' │
│    1    │    'deposit (Amoy)'    │ '62957' │ '30000000063' │ '30.000000063' │ '1888710003966291' │ '0.001888710003966291' │    'POL'    │ '0xca43545313995687a5a4633321ec7a9df0ae40cf19c8f491b1fb41209660c5c2' │
│    2    │ 'executeBridge (Fuji)' │ '78455' │     '160'     │  '0.00000016'  │     '12552800'     │  '0.0000000000125528'  │   'AVAX'    │ '0xa9640830af89c610d498ff7eba9f4e04288948605977a4c908a18355ce72b099' │
└─────────┴────────────────────────┴─────────┴───────────────┴────────────────┴────────────────────┴────────────────────────┴─────────────┴──────────────────────────────────────────────────────────────────────┘

💾 [LOGGER] Dados da transação salvos em: logs/testnet_logs.json
npm warn cli npm v11.13.0 does not support Node.js v18.19.1. This version of npm supports the following node versions: `^20.17.0 || >=22.9.0`. You can find the latest version at https://nodejs.org/.

--- Iniciando Transação Cross-Chain (LINK): Amoy -> Fuji ---
Usuário enviando: 0.001 LINK

[1/3] Aprovando LINK na Amoy para o Notary...
Aprovação concluída! Tx: 0x0d509038b1ae19b243026c2d8c414a464080f7c467a4afbb535abf426fbbf9c9
Gas Used: 47177
Gas Price: 30.000000063 Gwei
Transaction Fee: 0.001415310002972151 POL
Aguardando 5 segundos para propagação do allowance na rede...

[2/3] Depositando LINK no Notary da Amoy...
Depósito realizado com sucesso! ID do Depósito gerado: 85
Gas Used: 62957
Gas Price: 30.000000063 Gwei
Transaction Fee: 0.001888710003966291 POL

[3/3] Nó validador executando a ponte na Fuji...
Execução concluída! Tx: 0x7b902309053d6d2d0128bbfc49097ded8e86265f5b04692458447a006a633d67
Gas Used: 78455
Gas Price: 0.00000016 Gwei
Transaction Fee: 0.0000000000125528 AVAX
Saldo na Fuji ANTES: 5.502 LINK
Saldo na Fuji DEPOIS: 5.503 LINK

--- Resumo de gás (fluxo cross-chain completo) ---
┌─────────┬────────────────────────┬─────────┬───────────────┬────────────────┬────────────────────┬────────────────────────┬─────────────┬──────────────────────────────────────────────────────────────────────┐
│ (index) │          step          │ gasUsed │  gasPriceWei  │  gasPriceGwei  │ transactionFeeWei  │     transactionFee     │ nativeToken │                                txHash                                │
├─────────┼────────────────────────┼─────────┼───────────────┼────────────────┼────────────────────┼────────────────────────┼─────────────┼──────────────────────────────────────────────────────────────────────┤
│    0    │    'approve (Amoy)'    │ '47177' │ '30000000063' │ '30.000000063' │ '1415310002972151' │ '0.001415310002972151' │    'POL'    │ '0x0d509038b1ae19b243026c2d8c414a464080f7c467a4afbb535abf426fbbf9c9' │
│    1    │    'deposit (Amoy)'    │ '62957' │ '30000000063' │ '30.000000063' │ '1888710003966291' │ '0.001888710003966291' │    'POL'    │ '0x583aea06ff49f4058a92199b36f9bf07efb220f9c7723a1d9b05dc7c0adf1bdc' │
│    2    │ 'executeBridge (Fuji)' │ '78455' │     '160'     │  '0.00000016'  │     '12552800'     │  '0.0000000000125528'  │   'AVAX'    │ '0x7b902309053d6d2d0128bbfc49097ded8e86265f5b04692458447a006a633d67' │
└─────────┴────────────────────────┴─────────┴───────────────┴────────────────┴────────────────────┴────────────────────────┴─────────────┴──────────────────────────────────────────────────────────────────────┘

💾 [LOGGER] Dados da transação salvos em: logs/testnet_logs.json
npm warn cli npm v11.13.0 does not support Node.js v18.19.1. This version of npm supports the following node versions: `^20.17.0 || >=22.9.0`. You can find the latest version at https://nodejs.org/.

--- Iniciando Transação Cross-Chain (LINK): Amoy -> Fuji ---
Usuário enviando: 0.001 LINK

[1/3] Aprovando LINK na Amoy para o Notary...
Aprovação concluída! Tx: 0x97809c7b42a10783ce453ff6c20c59e05bb846f2447564c51b844635739467e9
Gas Used: 47177
Gas Price: 36.000000125 Gwei
Transaction Fee: 0.001698372005897125 POL
Aguardando 5 segundos para propagação do allowance na rede...

[2/3] Depositando LINK no Notary da Amoy...
Depósito realizado com sucesso! ID do Depósito gerado: 86
Gas Used: 62957
Gas Price: 36.900000123 Gwei
Transaction Fee: 0.002323113307743711 POL

[3/3] Nó validador executando a ponte na Fuji...
Execução concluída! Tx: 0x2a3304c36b97491e301ee66a87367015cd39da8656e25365bc20d98bef8d5ad1
Gas Used: 78455
Gas Price: 0.00000016 Gwei
Transaction Fee: 0.0000000000125528 AVAX
Saldo na Fuji ANTES: 5.502 LINK
Saldo na Fuji DEPOIS: 5.503 LINK

--- Resumo de gás (fluxo cross-chain completo) ---
┌─────────┬────────────────────────┬─────────┬───────────────┬────────────────┬────────────────────┬────────────────────────┬─────────────┬──────────────────────────────────────────────────────────────────────┐
│ (index) │          step          │ gasUsed │  gasPriceWei  │  gasPriceGwei  │ transactionFeeWei  │     transactionFee     │ nativeToken │                                txHash                                │
├─────────┼────────────────────────┼─────────┼───────────────┼────────────────┼────────────────────┼────────────────────────┼─────────────┼──────────────────────────────────────────────────────────────────────┤
│    0    │    'approve (Amoy)'    │ '47177' │ '36000000125' │ '36.000000125' │ '1698372005897125' │ '0.001698372005897125' │    'POL'    │ '0x97809c7b42a10783ce453ff6c20c59e05bb846f2447564c51b844635739467e9' │
│    1    │    'deposit (Amoy)'    │ '62957' │ '36900000123' │ '36.900000123' │ '2323113307743711' │ '0.002323113307743711' │    'POL'    │ '0x65d95298d6ab88118a22584a12936bcd0133b5a97b25ffe7cdf839b496e0c658' │
│    2    │ 'executeBridge (Fuji)' │ '78455' │     '160'     │  '0.00000016'  │     '12552800'     │  '0.0000000000125528'  │   'AVAX'    │ '0x2a3304c36b97491e301ee66a87367015cd39da8656e25365bc20d98bef8d5ad1' │
└─────────┴────────────────────────┴─────────┴───────────────┴────────────────┴────────────────────┴────────────────────────┴─────────────┴──────────────────────────────────────────────────────────────────────┘

💾 [LOGGER] Dados da transação salvos em: logs/testnet_logs.json
npm warn cli npm v11.13.0 does not support Node.js v18.19.1. This version of npm supports the following node versions: `^20.17.0 || >=22.9.0`. You can find the latest version at https://nodejs.org/.

--- Iniciando Transação Cross-Chain (LINK): Amoy -> Fuji ---
Usuário enviando: 0.001 LINK

[1/3] Aprovando LINK na Amoy para o Notary...
Aprovação concluída! Tx: 0xe6b84641587c7ed8220ccbaeebd847e9ea10234fe42b30258ba557b5a54e3234
Gas Used: 47177
Gas Price: 50.000000126 Gwei
Transaction Fee: 0.002358850005944302 POL
Aguardando 5 segundos para propagação do allowance na rede...

[2/3] Depositando LINK no Notary da Amoy...
Depósito realizado com sucesso! ID do Depósito gerado: 87
Gas Used: 62957
Gas Price: 50.000000126 Gwei
Transaction Fee: 0.003147850007932582 POL

[3/3] Nó validador executando a ponte na Fuji...
Execução concluída! Tx: 0x53af4627e9ae8716393da3abdc2fadbce9dd561f372b9a21e9a0a37c2d89dc51
Gas Used: 78455
Gas Price: 0.00000016 Gwei
Transaction Fee: 0.0000000000125528 AVAX
Saldo na Fuji ANTES: 5.502 LINK
Saldo na Fuji DEPOIS: 5.503 LINK

--- Resumo de gás (fluxo cross-chain completo) ---
┌─────────┬────────────────────────┬─────────┬───────────────┬────────────────┬────────────────────┬────────────────────────┬─────────────┬──────────────────────────────────────────────────────────────────────┐
│ (index) │          step          │ gasUsed │  gasPriceWei  │  gasPriceGwei  │ transactionFeeWei  │     transactionFee     │ nativeToken │                                txHash                                │
├─────────┼────────────────────────┼─────────┼───────────────┼────────────────┼────────────────────┼────────────────────────┼─────────────┼──────────────────────────────────────────────────────────────────────┤
│    0    │    'approve (Amoy)'    │ '47177' │ '50000000126' │ '50.000000126' │ '2358850005944302' │ '0.002358850005944302' │    'POL'    │ '0xe6b84641587c7ed8220ccbaeebd847e9ea10234fe42b30258ba557b5a54e3234' │
│    1    │    'deposit (Amoy)'    │ '62957' │ '50000000126' │ '50.000000126' │ '3147850007932582' │ '0.003147850007932582' │    'POL'    │ '0xea8e4903dff916d0eb248293b94acee91c43858ab550176844024ff73e7131d1' │
│    2    │ 'executeBridge (Fuji)' │ '78455' │     '160'     │  '0.00000016'  │     '12552800'     │  '0.0000000000125528'  │   'AVAX'    │ '0x53af4627e9ae8716393da3abdc2fadbce9dd561f372b9a21e9a0a37c2d89dc51' │
└─────────┴────────────────────────┴─────────┴───────────────┴────────────────┴────────────────────┴────────────────────────┴─────────────┴──────────────────────────────────────────────────────────────────────┘

💾 [LOGGER] Dados da transação salvos em: logs/testnet_logs.json
npm warn cli npm v11.13.0 does not support Node.js v18.19.1. This version of npm supports the following node versions: `^20.17.0 || >=22.9.0`. You can find the latest version at https://nodejs.org/.

--- Iniciando Transação Cross-Chain (LINK): Amoy -> Fuji ---
Usuário enviando: 0.001 LINK

[1/3] Aprovando LINK na Amoy para o Notary...
Aprovação concluída! Tx: 0xb2e28b81b0effa0d30073b01c9e0161f480d6497683cf89cba4ecb2db6d75d92
Gas Used: 47177
Gas Price: 56.715896128 Gwei
Transaction Fee: 0.002675685831630656 POL
Aguardando 5 segundos para propagação do allowance na rede...

[2/3] Depositando LINK no Notary da Amoy...
Depósito realizado com sucesso! ID do Depósito gerado: 88
Gas Used: 62957
Gas Price: 56.715896128 Gwei
Transaction Fee: 0.003570662672530496 POL

[3/3] Nó validador executando a ponte na Fuji...
Execução concluída! Tx: 0x254c7a5793a418d9094bcea31da2e99afd0e261da3172ee511cd120efac026b8
Gas Used: 78455
Gas Price: 0.00000016 Gwei
Transaction Fee: 0.0000000000125528 AVAX
Saldo na Fuji ANTES: 5.502 LINK
Saldo na Fuji DEPOIS: 5.503 LINK

--- Resumo de gás (fluxo cross-chain completo) ---
┌─────────┬────────────────────────┬─────────┬───────────────┬────────────────┬────────────────────┬────────────────────────┬─────────────┬──────────────────────────────────────────────────────────────────────┐
│ (index) │          step          │ gasUsed │  gasPriceWei  │  gasPriceGwei  │ transactionFeeWei  │     transactionFee     │ nativeToken │                                txHash                                │
├─────────┼────────────────────────┼─────────┼───────────────┼────────────────┼────────────────────┼────────────────────────┼─────────────┼──────────────────────────────────────────────────────────────────────┤
│    0    │    'approve (Amoy)'    │ '47177' │ '56715896128' │ '56.715896128' │ '2675685831630656' │ '0.002675685831630656' │    'POL'    │ '0xb2e28b81b0effa0d30073b01c9e0161f480d6497683cf89cba4ecb2db6d75d92' │
│    1    │    'deposit (Amoy)'    │ '62957' │ '56715896128' │ '56.715896128' │ '3570662672530496' │ '0.003570662672530496' │    'POL'    │ '0x4444a04990e08bc29e04da7857b24c84ada04af35e46c479bd5863f505f25808' │
│    2    │ 'executeBridge (Fuji)' │ '78455' │     '160'     │  '0.00000016'  │     '12552800'     │  '0.0000000000125528'  │   'AVAX'    │ '0x254c7a5793a418d9094bcea31da2e99afd0e261da3172ee511cd120efac026b8' │
└─────────┴────────────────────────┴─────────┴───────────────┴────────────────┴────────────────────┴────────────────────────┴─────────────┴──────────────────────────────────────────────────────────────────────┘

💾 [LOGGER] Dados da transação salvos em: logs/testnet_logs.json
npm warn cli npm v11.13.0 does not support Node.js v18.19.1. This version of npm supports the following node versions: `^20.17.0 || >=22.9.0`. You can find the latest version at https://nodejs.org/.

--- Iniciando Transação Cross-Chain (LINK): Amoy -> Fuji ---
Usuário enviando: 0.001 LINK

[1/3] Aprovando LINK na Amoy para o Notary...
Aprovação concluída! Tx: 0x9c0fa0e4701b0b1f6db6870f057c2b7f0f40e02e09159122f031eec8a5f866bd
Gas Used: 47177
Gas Price: 30.000000063 Gwei
Transaction Fee: 0.001415310002972151 POL
Aguardando 5 segundos para propagação do allowance na rede...

[2/3] Depositando LINK no Notary da Amoy...
Depósito realizado com sucesso! ID do Depósito gerado: 89
Gas Used: 62957
Gas Price: 30.000000063 Gwei
Transaction Fee: 0.001888710003966291 POL

[3/3] Nó validador executando a ponte na Fuji...
Execução concluída! Tx: 0xe567a9e08886286bac670804119144e33850285bc79e2a3b835077e80f4f0953
Gas Used: 78455
Gas Price: 0.00000016 Gwei
Transaction Fee: 0.0000000000125528 AVAX
Saldo na Fuji ANTES: 5.502 LINK
Saldo na Fuji DEPOIS: 5.503 LINK

--- Resumo de gás (fluxo cross-chain completo) ---
┌─────────┬────────────────────────┬─────────┬───────────────┬────────────────┬────────────────────┬────────────────────────┬─────────────┬──────────────────────────────────────────────────────────────────────┐
│ (index) │          step          │ gasUsed │  gasPriceWei  │  gasPriceGwei  │ transactionFeeWei  │     transactionFee     │ nativeToken │                                txHash                                │
├─────────┼────────────────────────┼─────────┼───────────────┼────────────────┼────────────────────┼────────────────────────┼─────────────┼──────────────────────────────────────────────────────────────────────┤
│    0    │    'approve (Amoy)'    │ '47177' │ '30000000063' │ '30.000000063' │ '1415310002972151' │ '0.001415310002972151' │    'POL'    │ '0x9c0fa0e4701b0b1f6db6870f057c2b7f0f40e02e09159122f031eec8a5f866bd' │
│    1    │    'deposit (Amoy)'    │ '62957' │ '30000000063' │ '30.000000063' │ '1888710003966291' │ '0.001888710003966291' │    'POL'    │ '0x53aefb274f73af7966cbdc7cdbb18a6776045a4b443fdc47218c6b0c5c22c283' │
│    2    │ 'executeBridge (Fuji)' │ '78455' │     '160'     │  '0.00000016'  │     '12552800'     │  '0.0000000000125528'  │   'AVAX'    │ '0xe567a9e08886286bac670804119144e33850285bc79e2a3b835077e80f4f0953' │
└─────────┴────────────────────────┴─────────┴───────────────┴────────────────┴────────────────────┴────────────────────────┴─────────────┴──────────────────────────────────────────────────────────────────────┘

💾 [LOGGER] Dados da transação salvos em: logs/testnet_logs.json
npm warn cli npm v11.13.0 does not support Node.js v18.19.1. This version of npm supports the following node versions: `^20.17.0 || >=22.9.0`. You can find the latest version at https://nodejs.org/.

--- Iniciando Transação Cross-Chain (LINK): Amoy -> Fuji ---
Usuário enviando: 0.001 LINK

[1/3] Aprovando LINK na Amoy para o Notary...
Aprovação concluída! Tx: 0x93d84507e1762c336ddaad02a151bd09cbfe8df4ee7727ee17755219723e40fe
Gas Used: 47177
Gas Price: 30.482998253 Gwei
Transaction Fee: 0.001438096408581781 POL
Aguardando 5 segundos para propagação do allowance na rede...

[2/3] Depositando LINK no Notary da Amoy...
Depósito realizado com sucesso! ID do Depósito gerado: 90
Gas Used: 62957
Gas Price: 30.482998253 Gwei
Transaction Fee: 0.001919118121014121 POL

[3/3] Nó validador executando a ponte na Fuji...
Execução concluída! Tx: 0x9c33458c5fe45118dd74a21d464ee659828ae6eb76158905aa7a7b29ad39f45f
Gas Used: 78455
Gas Price: 0.00000016 Gwei
Transaction Fee: 0.0000000000125528 AVAX
Saldo na Fuji ANTES: 5.502 LINK
Saldo na Fuji DEPOIS: 5.503 LINK

--- Resumo de gás (fluxo cross-chain completo) ---
┌─────────┬────────────────────────┬─────────┬───────────────┬────────────────┬────────────────────┬────────────────────────┬─────────────┬──────────────────────────────────────────────────────────────────────┐
│ (index) │          step          │ gasUsed │  gasPriceWei  │  gasPriceGwei  │ transactionFeeWei  │     transactionFee     │ nativeToken │                                txHash                                │
├─────────┼────────────────────────┼─────────┼───────────────┼────────────────┼────────────────────┼────────────────────────┼─────────────┼──────────────────────────────────────────────────────────────────────┤
│    0    │    'approve (Amoy)'    │ '47177' │ '30482998253' │ '30.482998253' │ '1438096408581781' │ '0.001438096408581781' │    'POL'    │ '0x93d84507e1762c336ddaad02a151bd09cbfe8df4ee7727ee17755219723e40fe' │
│    1    │    'deposit (Amoy)'    │ '62957' │ '30482998253' │ '30.482998253' │ '1919118121014121' │ '0.001919118121014121' │    'POL'    │ '0x8f72c74a40c1980f3a43b80cc480b69b51dbaaf3a2a1ef111115fa50d0eb3f98' │
│    2    │ 'executeBridge (Fuji)' │ '78455' │     '160'     │  '0.00000016'  │     '12552800'     │  '0.0000000000125528'  │   'AVAX'    │ '0x9c33458c5fe45118dd74a21d464ee659828ae6eb76158905aa7a7b29ad39f45f' │
└─────────┴────────────────────────┴─────────┴───────────────┴────────────────┴────────────────────┴────────────────────────┴─────────────┴──────────────────────────────────────────────────────────────────────┘

💾 [LOGGER] Dados da transação salvos em: logs/testnet_logs.json
npm warn cli npm v11.13.0 does not support Node.js v18.19.1. This version of npm supports the following node versions: `^20.17.0 || >=22.9.0`. You can find the latest version at https://nodejs.org/.

--- Iniciando Transação Cross-Chain (LINK): Amoy -> Fuji ---
Usuário enviando: 0.001 LINK

[1/3] Aprovando LINK na Amoy para o Notary...
Aprovação concluída! Tx: 0xc02a5d48a9ad8f82b2d6cbe95bf64cfc0514fa080112eee3b365b5dad1935f6c
Gas Used: 47177
Gas Price: 67.062596163 Gwei
Transaction Fee: 0.003163812099181851 POL
Aguardando 5 segundos para propagação do allowance na rede...

[2/3] Depositando LINK no Notary da Amoy...
Depósito realizado com sucesso! ID do Depósito gerado: 91
Gas Used: 62957
Gas Price: 67.062596163 Gwei
Transaction Fee: 0.004222059866633991 POL

[3/3] Nó validador executando a ponte na Fuji...
Execução concluída! Tx: 0xc7833d6c71558eb73367c59e0b2c125819c19c026c963ba0d4fc0553cf1622c5
Gas Used: 78455
Gas Price: 0.00000016 Gwei
Transaction Fee: 0.0000000000125528 AVAX
Saldo na Fuji ANTES: 5.502 LINK
Saldo na Fuji DEPOIS: 5.503 LINK

--- Resumo de gás (fluxo cross-chain completo) ---
┌─────────┬────────────────────────┬─────────┬───────────────┬────────────────┬────────────────────┬────────────────────────┬─────────────┬──────────────────────────────────────────────────────────────────────┐
│ (index) │          step          │ gasUsed │  gasPriceWei  │  gasPriceGwei  │ transactionFeeWei  │     transactionFee     │ nativeToken │                                txHash                                │
├─────────┼────────────────────────┼─────────┼───────────────┼────────────────┼────────────────────┼────────────────────────┼─────────────┼──────────────────────────────────────────────────────────────────────┤
│    0    │    'approve (Amoy)'    │ '47177' │ '67062596163' │ '67.062596163' │ '3163812099181851' │ '0.003163812099181851' │    'POL'    │ '0xc02a5d48a9ad8f82b2d6cbe95bf64cfc0514fa080112eee3b365b5dad1935f6c' │
│    1    │    'deposit (Amoy)'    │ '62957' │ '67062596163' │ '67.062596163' │ '4222059866633991' │ '0.004222059866633991' │    'POL'    │ '0xf335ee56267828b871c85c30ca4242690f3f65242c1c72804aa302503556ec89' │
│    2    │ 'executeBridge (Fuji)' │ '78455' │     '160'     │  '0.00000016'  │     '12552800'     │  '0.0000000000125528'  │   'AVAX'    │ '0xc7833d6c71558eb73367c59e0b2c125819c19c026c963ba0d4fc0553cf1622c5' │
└─────────┴────────────────────────┴─────────┴───────────────┴────────────────┴────────────────────┴────────────────────────┴─────────────┴──────────────────────────────────────────────────────────────────────┘

💾 [LOGGER] Dados da transação salvos em: logs/testnet_logs.json
npm warn cli npm v11.13.0 does not support Node.js v18.19.1. This version of npm supports the following node versions: `^20.17.0 || >=22.9.0`. You can find the latest version at https://nodejs.org/.

--- Iniciando Transação Cross-Chain (LINK): Amoy -> Fuji ---
Usuário enviando: 0.001 LINK

[1/3] Aprovando LINK na Amoy para o Notary...
Aprovação concluída! Tx: 0x52010009bc11701d8d1e2a4ed43225a1b6bdf4604bc070e94abced1fa3e2e5d8
Gas Used: 47177
Gas Price: 132.908194893 Gwei
Transaction Fee: 0.006270209910467061 POL
Aguardando 5 segundos para propagação do allowance na rede...

[2/3] Depositando LINK no Notary da Amoy...
Depósito realizado com sucesso! ID do Depósito gerado: 92
Gas Used: 62957
Gas Price: 132.908194893 Gwei
Transaction Fee: 0.008367501225878601 POL

[3/3] Nó validador executando a ponte na Fuji...
Execução concluída! Tx: 0x5854b5c83fc4cb99d815d467f2ff620f816c44914b51038dee198269ef8bd624
Gas Used: 78455
Gas Price: 0.00000016 Gwei
Transaction Fee: 0.0000000000125528 AVAX
Saldo na Fuji ANTES: 5.502 LINK
Saldo na Fuji DEPOIS: 5.503 LINK

--- Resumo de gás (fluxo cross-chain completo) ---
┌─────────┬────────────────────────┬─────────┬────────────────┬─────────────────┬────────────────────┬────────────────────────┬─────────────┬──────────────────────────────────────────────────────────────────────┐
│ (index) │          step          │ gasUsed │  gasPriceWei   │  gasPriceGwei   │ transactionFeeWei  │     transactionFee     │ nativeToken │                                txHash                                │
├─────────┼────────────────────────┼─────────┼────────────────┼─────────────────┼────────────────────┼────────────────────────┼─────────────┼──────────────────────────────────────────────────────────────────────┤
│    0    │    'approve (Amoy)'    │ '47177' │ '132908194893' │ '132.908194893' │ '6270209910467061' │ '0.006270209910467061' │    'POL'    │ '0x52010009bc11701d8d1e2a4ed43225a1b6bdf4604bc070e94abced1fa3e2e5d8' │
│    1    │    'deposit (Amoy)'    │ '62957' │ '132908194893' │ '132.908194893' │ '8367501225878601' │ '0.008367501225878601' │    'POL'    │ '0xa785e90205d7e5ed515577dcaf18a5a098b5222439a36f677e0f9df50838da73' │
│    2    │ 'executeBridge (Fuji)' │ '78455' │     '160'      │  '0.00000016'   │     '12552800'     │  '0.0000000000125528'  │   'AVAX'    │ '0x5854b5c83fc4cb99d815d467f2ff620f816c44914b51038dee198269ef8bd624' │
└─────────┴────────────────────────┴─────────┴────────────────┴─────────────────┴────────────────────┴────────────────────────┴─────────────┴──────────────────────────────────────────────────────────────────────┘

💾 [LOGGER] Dados da transação salvos em: logs/testnet_logs.json
npm warn cli npm v11.13.0 does not support Node.js v18.19.1. This version of npm supports the following node versions: `^20.17.0 || >=22.9.0`. You can find the latest version at https://nodejs.org/.

--- Iniciando Transação Cross-Chain (LINK): Amoy -> Fuji ---
Usuário enviando: 0.001 LINK

[1/3] Aprovando LINK na Amoy para o Notary...
Aprovação concluída! Tx: 0x524d0fa67d87f06534b3bbba4e912b607976975e23b9f9c0613e66cb547d5503
Gas Used: 47177
Gas Price: 166.455620478 Gwei
Transaction Fee: 0.007852876807290606 POL
Aguardando 5 segundos para propagação do allowance na rede...

[2/3] Depositando LINK no Notary da Amoy...
Depósito realizado com sucesso! ID do Depósito gerado: 93
Gas Used: 62957
Gas Price: 193.115867361 Gwei
Transaction Fee: 0.012157995661446477 POL

[3/3] Nó validador executando a ponte na Fuji...
Execução concluída! Tx: 0x5fceef73a7b5b4702fbfa3c62b54ed4be41ef852bf6d02583e84ffdbd2c1cc20
Gas Used: 78455
Gas Price: 0.00000016 Gwei
Transaction Fee: 0.0000000000125528 AVAX
Saldo na Fuji ANTES: 5.502 LINK
Saldo na Fuji DEPOIS: 5.503 LINK

--- Resumo de gás (fluxo cross-chain completo) ---
┌─────────┬────────────────────────┬─────────┬────────────────┬─────────────────┬─────────────────────┬────────────────────────┬─────────────┬──────────────────────────────────────────────────────────────────────┐
│ (index) │          step          │ gasUsed │  gasPriceWei   │  gasPriceGwei   │  transactionFeeWei  │     transactionFee     │ nativeToken │                                txHash                                │
├─────────┼────────────────────────┼─────────┼────────────────┼─────────────────┼─────────────────────┼────────────────────────┼─────────────┼──────────────────────────────────────────────────────────────────────┤
│    0    │    'approve (Amoy)'    │ '47177' │ '166455620478' │ '166.455620478' │ '7852876807290606'  │ '0.007852876807290606' │    'POL'    │ '0x524d0fa67d87f06534b3bbba4e912b607976975e23b9f9c0613e66cb547d5503' │
│    1    │    'deposit (Amoy)'    │ '62957' │ '193115867361' │ '193.115867361' │ '12157995661446477' │ '0.012157995661446477' │    'POL'    │ '0x34b698f0d9fcd4392322ddc1e6a506386f1c3b1142f3131e9cd66e8e4458ed4e' │
│    2    │ 'executeBridge (Fuji)' │ '78455' │     '160'      │  '0.00000016'   │     '12552800'      │  '0.0000000000125528'  │   'AVAX'    │ '0x5fceef73a7b5b4702fbfa3c62b54ed4be41ef852bf6d02583e84ffdbd2c1cc20' │
└─────────┴────────────────────────┴─────────┴────────────────┴─────────────────┴─────────────────────┴────────────────────────┴─────────────┴──────────────────────────────────────────────────────────────────────┘

💾 [LOGGER] Dados da transação salvos em: logs/testnet_logs.json
npm warn cli npm v11.13.0 does not support Node.js v18.19.1. This version of npm supports the following node versions: `^20.17.0 || >=22.9.0`. You can find the latest version at https://nodejs.org/.

--- Iniciando Transação Cross-Chain (LINK): Amoy -> Fuji ---
Usuário enviando: 0.001 LINK

[1/3] Aprovando LINK na Amoy para o Notary...
Aprovação concluída! Tx: 0x3c97e9df65886cb8b78bd4ee15675c2a3d3b7f78a43bf7400886ea4d6eecbeb8
Gas Used: 47177
Gas Price: 37.420312585 Gwei
Transaction Fee: 0.001765378086822545 POL
Aguardando 5 segundos para propagação do allowance na rede...

[2/3] Depositando LINK no Notary da Amoy...
Depósito realizado com sucesso! ID do Depósito gerado: 94
Gas Used: 62957
Gas Price: 37.420312585 Gwei
Transaction Fee: 0.002355870619413845 POL

[3/3] Nó validador executando a ponte na Fuji...
Execução concluída! Tx: 0x1133cbc79581309b444f54cc31d3cbbd82ab80c76567f83b9c6dfc6d42458d62
Gas Used: 78455
Gas Price: 0.00000016 Gwei
Transaction Fee: 0.0000000000125528 AVAX
Saldo na Fuji ANTES: 5.502 LINK
Saldo na Fuji DEPOIS: 5.503 LINK

--- Resumo de gás (fluxo cross-chain completo) ---
┌─────────┬────────────────────────┬─────────┬───────────────┬────────────────┬────────────────────┬────────────────────────┬─────────────┬──────────────────────────────────────────────────────────────────────┐
│ (index) │          step          │ gasUsed │  gasPriceWei  │  gasPriceGwei  │ transactionFeeWei  │     transactionFee     │ nativeToken │                                txHash                                │
├─────────┼────────────────────────┼─────────┼───────────────┼────────────────┼────────────────────┼────────────────────────┼─────────────┼──────────────────────────────────────────────────────────────────────┤
│    0    │    'approve (Amoy)'    │ '47177' │ '37420312585' │ '37.420312585' │ '1765378086822545' │ '0.001765378086822545' │    'POL'    │ '0x3c97e9df65886cb8b78bd4ee15675c2a3d3b7f78a43bf7400886ea4d6eecbeb8' │
│    1    │    'deposit (Amoy)'    │ '62957' │ '37420312585' │ '37.420312585' │ '2355870619413845' │ '0.002355870619413845' │    'POL'    │ '0x552d53b0d9a268bf50a6d0a52590996ba22f3d29c84b304cdff03836780e450d' │
│    2    │ 'executeBridge (Fuji)' │ '78455' │     '160'     │  '0.00000016'  │     '12552800'     │  '0.0000000000125528'  │   'AVAX'    │ '0x1133cbc79581309b444f54cc31d3cbbd82ab80c76567f83b9c6dfc6d42458d62' │
└─────────┴────────────────────────┴─────────┴───────────────┴────────────────┴────────────────────┴────────────────────────┴─────────────┴──────────────────────────────────────────────────────────────────────┘

💾 [LOGGER] Dados da transação salvos em: logs/testnet_logs.json
