npm warn cli npm v11.13.0 does not support Node.js v18.19.1. This version of npm supports the following node versions: `^20.17.0 || >=22.9.0`. You can find the latest version at https://nodejs.org/.

[1/3] Aprovando Token na Fuji...
Aprovação concluída! Tx: 0x63bd017916e016d7eedf1212667c116e4280c84c09546c112f4db11f9d8ad95f
Gas Used: 46318
Gas Price: 0.00000016 Gwei
Transaction Fee: 0.00000000000741088 AVAX

[2/3] Depositando Token no Notary da Fuji...
Depósito realizado! ID: 10
Gas Used: 56848
Gas Price: 0.00000016 Gwei
Transaction Fee: 0.00000000000909568 AVAX

[3/3] Nó executando a ponte na Amoy...
Execução concluída! Tx: 0x9ca922a364a8ac69584be3306b1ad2100cade75e9d9ac6dcd9c7062197879da8
Gas Used: 92737
Gas Price: 30.150000062 Gwei
Transaction Fee: 0.002796020555749694 POL
Saldo Amoy ANTES: 2.801
Saldo Amoy DEPOIS: 2.802

--- Resumo de gás (fluxo cross-chain completo) ---
┌─────────┬────────────────────────┬─────────┬───────────────┬────────────────┬────────────────────┬────────────────────────┬─────────────┬──────────────────────────────────────────────────────────────────────┐
│ (index) │          step          │ gasUsed │  gasPriceWei  │  gasPriceGwei  │ transactionFeeWei  │     transactionFee     │ nativeToken │                                txHash                                │
├─────────┼────────────────────────┼─────────┼───────────────┼────────────────┼────────────────────┼────────────────────────┼─────────────┼──────────────────────────────────────────────────────────────────────┤
│    0    │    'approve (Fuji)'    │ '46318' │     '160'     │  '0.00000016'  │     '7410880'      │ '0.00000000000741088'  │   'AVAX'    │ '0x63bd017916e016d7eedf1212667c116e4280c84c09546c112f4db11f9d8ad95f' │
│    1    │    'deposit (Fuji)'    │ '56848' │     '160'     │  '0.00000016'  │     '9095680'      │ '0.00000000000909568'  │   'AVAX'    │ '0xdfcc7ac62e4a8eafaba2b3f48d4af6950cd5900d3bf3910ccb70c63a76891552' │
│    2    │ 'executeBridge (Amoy)' │ '92737' │ '30150000062' │ '30.150000062' │ '2796020555749694' │ '0.002796020555749694' │    'POL'    │ '0x9ca922a364a8ac69584be3306b1ad2100cade75e9d9ac6dcd9c7062197879da8' │
└─────────┴────────────────────────┴─────────┴───────────────┴────────────────┴────────────────────┴────────────────────────┴─────────────┴──────────────────────────────────────────────────────────────────────┘

💾 [LOGGER] Dados da transação salvos em: logs/testnet_logs.json
npm warn cli npm v11.13.0 does not support Node.js v18.19.1. This version of npm supports the following node versions: `^20.17.0 || >=22.9.0`. You can find the latest version at https://nodejs.org/.

[1/3] Aprovando Token na Fuji...
Aprovação concluída! Tx: 0x72ebe76639644faec39f8e479a2a79faaa632e2bb8379422711f673197073a64
Gas Used: 46318
Gas Price: 0.00000016 Gwei
Transaction Fee: 0.00000000000741088 AVAX

[2/3] Depositando Token no Notary da Fuji...
Depósito realizado! ID: 11
Gas Used: 56848
Gas Price: 0.00000016 Gwei
Transaction Fee: 0.00000000000909568 AVAX

[3/3] Nó executando a ponte na Amoy...
Execução concluída! Tx: 0x0fa52946d9a5b6a8b68ea7e92195459c318c89e342c744d0c1758a2fa5dce9d2
Gas Used: 92737
Gas Price: 50.000000063 Gwei
Transaction Fee: 0.004636850005842431 POL
Saldo Amoy ANTES: 2.801
Saldo Amoy DEPOIS: 2.801

--- Resumo de gás (fluxo cross-chain completo) ---
┌─────────┬────────────────────────┬─────────┬───────────────┬────────────────┬────────────────────┬────────────────────────┬─────────────┬──────────────────────────────────────────────────────────────────────┐
│ (index) │          step          │ gasUsed │  gasPriceWei  │  gasPriceGwei  │ transactionFeeWei  │     transactionFee     │ nativeToken │                                txHash                                │
├─────────┼────────────────────────┼─────────┼───────────────┼────────────────┼────────────────────┼────────────────────────┼─────────────┼──────────────────────────────────────────────────────────────────────┤
│    0    │    'approve (Fuji)'    │ '46318' │     '160'     │  '0.00000016'  │     '7410880'      │ '0.00000000000741088'  │   'AVAX'    │ '0x72ebe76639644faec39f8e479a2a79faaa632e2bb8379422711f673197073a64' │
│    1    │    'deposit (Fuji)'    │ '56848' │     '160'     │  '0.00000016'  │     '9095680'      │ '0.00000000000909568'  │   'AVAX'    │ '0x8c3cc45498261a69380d8fefd1211c43d78d11e6630443761234e14a4b1be9a3' │
│    2    │ 'executeBridge (Amoy)' │ '92737' │ '50000000063' │ '50.000000063' │ '4636850005842431' │ '0.004636850005842431' │    'POL'    │ '0x0fa52946d9a5b6a8b68ea7e92195459c318c89e342c744d0c1758a2fa5dce9d2' │
└─────────┴────────────────────────┴─────────┴───────────────┴────────────────┴────────────────────┴────────────────────────┴─────────────┴──────────────────────────────────────────────────────────────────────┘

💾 [LOGGER] Dados da transação salvos em: logs/testnet_logs.json
npm warn cli npm v11.13.0 does not support Node.js v18.19.1. This version of npm supports the following node versions: `^20.17.0 || >=22.9.0`. You can find the latest version at https://nodejs.org/.

[1/3] Aprovando Token na Fuji...
Aprovação concluída! Tx: 0x046265e5123729734a1bcbd8ef071b1b3ddcb9d3af94bc34c860cb17b4cfe82c
Gas Used: 46318
Gas Price: 0.00000016 Gwei
Transaction Fee: 0.00000000000741088 AVAX

[2/3] Depositando Token no Notary da Fuji...
Depósito realizado! ID: 12
Gas Used: 56848
Gas Price: 0.00000016 Gwei
Transaction Fee: 0.00000000000909568 AVAX

[3/3] Nó executando a ponte na Amoy...
Execução concluída! Tx: 0xf821ad10fd85035389765783ab9c30157d897a6c86277bb36826f8325b579313
Gas Used: 92737
Gas Price: 40.200000062 Gwei
Transaction Fee: 0.003728027405749694 POL
Saldo Amoy ANTES: 2.801
Saldo Amoy DEPOIS: 2.802

--- Resumo de gás (fluxo cross-chain completo) ---
┌─────────┬────────────────────────┬─────────┬───────────────┬────────────────┬────────────────────┬────────────────────────┬─────────────┬──────────────────────────────────────────────────────────────────────┐
│ (index) │          step          │ gasUsed │  gasPriceWei  │  gasPriceGwei  │ transactionFeeWei  │     transactionFee     │ nativeToken │                                txHash                                │
├─────────┼────────────────────────┼─────────┼───────────────┼────────────────┼────────────────────┼────────────────────────┼─────────────┼──────────────────────────────────────────────────────────────────────┤
│    0    │    'approve (Fuji)'    │ '46318' │     '160'     │  '0.00000016'  │     '7410880'      │ '0.00000000000741088'  │   'AVAX'    │ '0x046265e5123729734a1bcbd8ef071b1b3ddcb9d3af94bc34c860cb17b4cfe82c' │
│    1    │    'deposit (Fuji)'    │ '56848' │     '160'     │  '0.00000016'  │     '9095680'      │ '0.00000000000909568'  │   'AVAX'    │ '0x4feae1418a8f94597be6b542339136eb16042c22b2f4059ff2c5ed1a813c5d16' │
│    2    │ 'executeBridge (Amoy)' │ '92737' │ '40200000062' │ '40.200000062' │ '3728027405749694' │ '0.003728027405749694' │    'POL'    │ '0xf821ad10fd85035389765783ab9c30157d897a6c86277bb36826f8325b579313' │
└─────────┴────────────────────────┴─────────┴───────────────┴────────────────┴────────────────────┴────────────────────────┴─────────────┴──────────────────────────────────────────────────────────────────────┘

💾 [LOGGER] Dados da transação salvos em: logs/testnet_logs.json
npm warn cli npm v11.13.0 does not support Node.js v18.19.1. This version of npm supports the following node versions: `^20.17.0 || >=22.9.0`. You can find the latest version at https://nodejs.org/.

[1/3] Aprovando Token na Fuji...
Aprovação concluída! Tx: 0x7e4d640a45da140cd8414ab1a4a6ce301c78a98aeac5302434cdf2ca1cb6b559
Gas Used: 46318
Gas Price: 0.000000011 Gwei
Transaction Fee: 0.000000000000509498 AVAX

[2/3] Depositando Token no Notary da Fuji...
Depósito realizado! ID: 13
Gas Used: 56848
Gas Price: 0.000000011 Gwei
Transaction Fee: 0.000000000000625328 AVAX

[3/3] Nó executando a ponte na Amoy...
Execução concluída! Tx: 0x8b52cb2d53707572c942ec1e621aff8b25d22496dd736c09217d4849f791c0e6
Gas Used: 92737
Gas Price: 32.000000063 Gwei
Transaction Fee: 0.002967584005842431 POL
Saldo Amoy ANTES: 2.801
Saldo Amoy DEPOIS: 2.802

--- Resumo de gás (fluxo cross-chain completo) ---
┌─────────┬────────────────────────┬─────────┬───────────────┬────────────────┬────────────────────┬────────────────────────┬─────────────┬──────────────────────────────────────────────────────────────────────┐
│ (index) │          step          │ gasUsed │  gasPriceWei  │  gasPriceGwei  │ transactionFeeWei  │     transactionFee     │ nativeToken │                                txHash                                │
├─────────┼────────────────────────┼─────────┼───────────────┼────────────────┼────────────────────┼────────────────────────┼─────────────┼──────────────────────────────────────────────────────────────────────┤
│    0    │    'approve (Fuji)'    │ '46318' │     '11'      │ '0.000000011'  │      '509498'      │ '0.000000000000509498' │   'AVAX'    │ '0x7e4d640a45da140cd8414ab1a4a6ce301c78a98aeac5302434cdf2ca1cb6b559' │
│    1    │    'deposit (Fuji)'    │ '56848' │     '11'      │ '0.000000011'  │      '625328'      │ '0.000000000000625328' │   'AVAX'    │ '0xc180a38f6594b69b3402f3f172715fc9e0f25bd675e09464916fd074a368debe' │
│    2    │ 'executeBridge (Amoy)' │ '92737' │ '32000000063' │ '32.000000063' │ '2967584005842431' │ '0.002967584005842431' │    'POL'    │ '0x8b52cb2d53707572c942ec1e621aff8b25d22496dd736c09217d4849f791c0e6' │
└─────────┴────────────────────────┴─────────┴───────────────┴────────────────┴────────────────────┴────────────────────────┴─────────────┴──────────────────────────────────────────────────────────────────────┘

💾 [LOGGER] Dados da transação salvos em: logs/testnet_logs.json
npm warn cli npm v11.13.0 does not support Node.js v18.19.1. This version of npm supports the following node versions: `^20.17.0 || >=22.9.0`. You can find the latest version at https://nodejs.org/.

[1/3] Aprovando Token na Fuji...
Aprovação concluída! Tx: 0xbfd8d926c4761501db1090b372054a78bbae1e047a769f0668224f8358ba2000
Gas Used: 46318
Gas Price: 0.00000016 Gwei
Transaction Fee: 0.00000000000741088 AVAX

[2/3] Depositando Token no Notary da Fuji...
Depósito realizado! ID: 14
Gas Used: 56848
Gas Price: 0.00000016 Gwei
Transaction Fee: 0.00000000000909568 AVAX

[3/3] Nó executando a ponte na Amoy...
Execução concluída! Tx: 0x38f83b4bbdcb66c5698447cbbbb2f775b38aa92c63baa1d24e9aa1070643a4dc
Gas Used: 92737
Gas Price: 32.000000063 Gwei
Transaction Fee: 0.002967584005842431 POL
Saldo Amoy ANTES: 2.801
Saldo Amoy DEPOIS: 2.802

--- Resumo de gás (fluxo cross-chain completo) ---
┌─────────┬────────────────────────┬─────────┬───────────────┬────────────────┬────────────────────┬────────────────────────┬─────────────┬──────────────────────────────────────────────────────────────────────┐
│ (index) │          step          │ gasUsed │  gasPriceWei  │  gasPriceGwei  │ transactionFeeWei  │     transactionFee     │ nativeToken │                                txHash                                │
├─────────┼────────────────────────┼─────────┼───────────────┼────────────────┼────────────────────┼────────────────────────┼─────────────┼──────────────────────────────────────────────────────────────────────┤
│    0    │    'approve (Fuji)'    │ '46318' │     '160'     │  '0.00000016'  │     '7410880'      │ '0.00000000000741088'  │   'AVAX'    │ '0xbfd8d926c4761501db1090b372054a78bbae1e047a769f0668224f8358ba2000' │
│    1    │    'deposit (Fuji)'    │ '56848' │     '160'     │  '0.00000016'  │     '9095680'      │ '0.00000000000909568'  │   'AVAX'    │ '0x4266fd1806dd03f2daee5af317f434222bb80de68f4b95027b9ae7a6825ea877' │
│    2    │ 'executeBridge (Amoy)' │ '92737' │ '32000000063' │ '32.000000063' │ '2967584005842431' │ '0.002967584005842431' │    'POL'    │ '0x38f83b4bbdcb66c5698447cbbbb2f775b38aa92c63baa1d24e9aa1070643a4dc' │
└─────────┴────────────────────────┴─────────┴───────────────┴────────────────┴────────────────────┴────────────────────────┴─────────────┴──────────────────────────────────────────────────────────────────────┘

💾 [LOGGER] Dados da transação salvos em: logs/testnet_logs.json
npm warn cli npm v11.13.0 does not support Node.js v18.19.1. This version of npm supports the following node versions: `^20.17.0 || >=22.9.0`. You can find the latest version at https://nodejs.org/.

[1/3] Aprovando Token na Fuji...
Aprovação concluída! Tx: 0x7c07c6ee531aff1a6c83b329c9893f2539c3a4c8a9ad25890b4fdc3e84eb7c4a
Gas Used: 46318
Gas Price: 0.00000016 Gwei
Transaction Fee: 0.00000000000741088 AVAX

[2/3] Depositando Token no Notary da Fuji...
Depósito realizado! ID: 15
Gas Used: 56848
Gas Price: 0.00000016 Gwei
Transaction Fee: 0.00000000000909568 AVAX

[3/3] Nó executando a ponte na Amoy...
Execução concluída! Tx: 0x98f205445211729d3ab65d789575abdfa77ec1e67d79f8c036904b12e2b7e1c5
Gas Used: 92737
Gas Price: 32.000000063 Gwei
Transaction Fee: 0.002967584005842431 POL
Saldo Amoy ANTES: 2.802
Saldo Amoy DEPOIS: 2.803

--- Resumo de gás (fluxo cross-chain completo) ---
┌─────────┬────────────────────────┬─────────┬───────────────┬────────────────┬────────────────────┬────────────────────────┬─────────────┬──────────────────────────────────────────────────────────────────────┐
│ (index) │          step          │ gasUsed │  gasPriceWei  │  gasPriceGwei  │ transactionFeeWei  │     transactionFee     │ nativeToken │                                txHash                                │
├─────────┼────────────────────────┼─────────┼───────────────┼────────────────┼────────────────────┼────────────────────────┼─────────────┼──────────────────────────────────────────────────────────────────────┤
│    0    │    'approve (Fuji)'    │ '46318' │     '160'     │  '0.00000016'  │     '7410880'      │ '0.00000000000741088'  │   'AVAX'    │ '0x7c07c6ee531aff1a6c83b329c9893f2539c3a4c8a9ad25890b4fdc3e84eb7c4a' │
│    1    │    'deposit (Fuji)'    │ '56848' │     '160'     │  '0.00000016'  │     '9095680'      │ '0.00000000000909568'  │   'AVAX'    │ '0x765d0c5b2ed20aca6f186c2f887f7df1fdd5c968c23f0d740e3796d2a2b6ca03' │
│    2    │ 'executeBridge (Amoy)' │ '92737' │ '32000000063' │ '32.000000063' │ '2967584005842431' │ '0.002967584005842431' │    'POL'    │ '0x98f205445211729d3ab65d789575abdfa77ec1e67d79f8c036904b12e2b7e1c5' │
└─────────┴────────────────────────┴─────────┴───────────────┴────────────────┴────────────────────┴────────────────────────┴─────────────┴──────────────────────────────────────────────────────────────────────┘

💾 [LOGGER] Dados da transação salvos em: logs/testnet_logs.json
npm warn cli npm v11.13.0 does not support Node.js v18.19.1. This version of npm supports the following node versions: `^20.17.0 || >=22.9.0`. You can find the latest version at https://nodejs.org/.

[1/3] Aprovando Token na Fuji...
Aprovação concluída! Tx: 0x0961c76bcd700b36f5e4d0baadb3e46e7a814f605e6a00e8f3a69298fd06958a
Gas Used: 46318
Gas Price: 0.00000016 Gwei
Transaction Fee: 0.00000000000741088 AVAX

[2/3] Depositando Token no Notary da Fuji...
Depósito realizado! ID: 16
Gas Used: 56848
Gas Price: 0.00000016 Gwei
Transaction Fee: 0.00000000000909568 AVAX

[3/3] Nó executando a ponte na Amoy...
Execução concluída! Tx: 0x587ac3b2215a196fee34b2eb805dfdccc5a061792d61e05f2ed9b67c5b0696e9
Gas Used: 92737
Gas Price: 32.000000063 Gwei
Transaction Fee: 0.002967584005842431 POL
Saldo Amoy ANTES: 2.802
Saldo Amoy DEPOIS: 2.803

--- Resumo de gás (fluxo cross-chain completo) ---
┌─────────┬────────────────────────┬─────────┬───────────────┬────────────────┬────────────────────┬────────────────────────┬─────────────┬──────────────────────────────────────────────────────────────────────┐
│ (index) │          step          │ gasUsed │  gasPriceWei  │  gasPriceGwei  │ transactionFeeWei  │     transactionFee     │ nativeToken │                                txHash                                │
├─────────┼────────────────────────┼─────────┼───────────────┼────────────────┼────────────────────┼────────────────────────┼─────────────┼──────────────────────────────────────────────────────────────────────┤
│    0    │    'approve (Fuji)'    │ '46318' │     '160'     │  '0.00000016'  │     '7410880'      │ '0.00000000000741088'  │   'AVAX'    │ '0x0961c76bcd700b36f5e4d0baadb3e46e7a814f605e6a00e8f3a69298fd06958a' │
│    1    │    'deposit (Fuji)'    │ '56848' │     '160'     │  '0.00000016'  │     '9095680'      │ '0.00000000000909568'  │   'AVAX'    │ '0x76d4e1e93f6d0fe5053c35a476e72fcfe1c80d4e4eb55e94d4bbf6a5ac82f61f' │
│    2    │ 'executeBridge (Amoy)' │ '92737' │ '32000000063' │ '32.000000063' │ '2967584005842431' │ '0.002967584005842431' │    'POL'    │ '0x587ac3b2215a196fee34b2eb805dfdccc5a061792d61e05f2ed9b67c5b0696e9' │
└─────────┴────────────────────────┴─────────┴───────────────┴────────────────┴────────────────────┴────────────────────────┴─────────────┴──────────────────────────────────────────────────────────────────────┘

💾 [LOGGER] Dados da transação salvos em: logs/testnet_logs.json
npm warn cli npm v11.13.0 does not support Node.js v18.19.1. This version of npm supports the following node versions: `^20.17.0 || >=22.9.0`. You can find the latest version at https://nodejs.org/.

[1/3] Aprovando Token na Fuji...
Aprovação concluída! Tx: 0x24fe4deec7f6df348303f8abc69524603722424abd00adaaf69df9495bf7e98d
Gas Used: 46318
Gas Price: 0.00000016 Gwei
Transaction Fee: 0.00000000000741088 AVAX

[2/3] Depositando Token no Notary da Fuji...
Depósito realizado! ID: 17
Gas Used: 56848
Gas Price: 0.00000016 Gwei
Transaction Fee: 0.00000000000909568 AVAX

[3/3] Nó executando a ponte na Amoy...
Execução concluída! Tx: 0xab73f85e0d228b864801ddc7510bc042192a49db368316579acdb7a7bb8ed919
Gas Used: 92737
Gas Price: 30.000000063 Gwei
Transaction Fee: 0.002782110005842431 POL
Saldo Amoy ANTES: 2.802
Saldo Amoy DEPOIS: 2.803

--- Resumo de gás (fluxo cross-chain completo) ---
┌─────────┬────────────────────────┬─────────┬───────────────┬────────────────┬────────────────────┬────────────────────────┬─────────────┬──────────────────────────────────────────────────────────────────────┐
│ (index) │          step          │ gasUsed │  gasPriceWei  │  gasPriceGwei  │ transactionFeeWei  │     transactionFee     │ nativeToken │                                txHash                                │
├─────────┼────────────────────────┼─────────┼───────────────┼────────────────┼────────────────────┼────────────────────────┼─────────────┼──────────────────────────────────────────────────────────────────────┤
│    0    │    'approve (Fuji)'    │ '46318' │     '160'     │  '0.00000016'  │     '7410880'      │ '0.00000000000741088'  │   'AVAX'    │ '0x24fe4deec7f6df348303f8abc69524603722424abd00adaaf69df9495bf7e98d' │
│    1    │    'deposit (Fuji)'    │ '56848' │     '160'     │  '0.00000016'  │     '9095680'      │ '0.00000000000909568'  │   'AVAX'    │ '0x06fc0caa12029cd7c9fdf5f09436008970ece3918927ebc7011e7ac4d254fd3b' │
│    2    │ 'executeBridge (Amoy)' │ '92737' │ '30000000063' │ '30.000000063' │ '2782110005842431' │ '0.002782110005842431' │    'POL'    │ '0xab73f85e0d228b864801ddc7510bc042192a49db368316579acdb7a7bb8ed919' │
└─────────┴────────────────────────┴─────────┴───────────────┴────────────────┴────────────────────┴────────────────────────┴─────────────┴──────────────────────────────────────────────────────────────────────┘

💾 [LOGGER] Dados da transação salvos em: logs/testnet_logs.json
npm warn cli npm v11.13.0 does not support Node.js v18.19.1. This version of npm supports the following node versions: `^20.17.0 || >=22.9.0`. You can find the latest version at https://nodejs.org/.

[1/3] Aprovando Token na Fuji...
Aprovação concluída! Tx: 0x997e644e5a70f55d4cf3e463e4524074973916a99034f656172f1cfeeab30ebb
Gas Used: 46318
Gas Price: 0.00000016 Gwei
Transaction Fee: 0.00000000000741088 AVAX

[2/3] Depositando Token no Notary da Fuji...
Depósito realizado! ID: 18
Gas Used: 56848
Gas Price: 0.00000016 Gwei
Transaction Fee: 0.00000000000909568 AVAX

[3/3] Nó executando a ponte na Amoy...
Execução concluída! Tx: 0x4084d16023a9fc21f12681d52ad9fcb4fe8f7e259f07c259deca28e74a02ba8a
Gas Used: 92737
Gas Price: 30.000000063 Gwei
Transaction Fee: 0.002782110005842431 POL
Saldo Amoy ANTES: 2.802
Saldo Amoy DEPOIS: 2.803

--- Resumo de gás (fluxo cross-chain completo) ---
┌─────────┬────────────────────────┬─────────┬───────────────┬────────────────┬────────────────────┬────────────────────────┬─────────────┬──────────────────────────────────────────────────────────────────────┐
│ (index) │          step          │ gasUsed │  gasPriceWei  │  gasPriceGwei  │ transactionFeeWei  │     transactionFee     │ nativeToken │                                txHash                                │
├─────────┼────────────────────────┼─────────┼───────────────┼────────────────┼────────────────────┼────────────────────────┼─────────────┼──────────────────────────────────────────────────────────────────────┤
│    0    │    'approve (Fuji)'    │ '46318' │     '160'     │  '0.00000016'  │     '7410880'      │ '0.00000000000741088'  │   'AVAX'    │ '0x997e644e5a70f55d4cf3e463e4524074973916a99034f656172f1cfeeab30ebb' │
│    1    │    'deposit (Fuji)'    │ '56848' │     '160'     │  '0.00000016'  │     '9095680'      │ '0.00000000000909568'  │   'AVAX'    │ '0x0877dde6dd1e48fca8a804fdee26170621e1a4334f510123763701e2ecba0a9c' │
│    2    │ 'executeBridge (Amoy)' │ '92737' │ '30000000063' │ '30.000000063' │ '2782110005842431' │ '0.002782110005842431' │    'POL'    │ '0x4084d16023a9fc21f12681d52ad9fcb4fe8f7e259f07c259deca28e74a02ba8a' │
└─────────┴────────────────────────┴─────────┴───────────────┴────────────────┴────────────────────┴────────────────────────┴─────────────┴──────────────────────────────────────────────────────────────────────┘

💾 [LOGGER] Dados da transação salvos em: logs/testnet_logs.json
npm warn cli npm v11.13.0 does not support Node.js v18.19.1. This version of npm supports the following node versions: `^20.17.0 || >=22.9.0`. You can find the latest version at https://nodejs.org/.

[1/3] Aprovando Token na Fuji...
Aprovação concluída! Tx: 0x12be4dc3badd67110e34b0bc8cb9cc1eac719e1ba7111e849927bd0037477cf8
Gas Used: 46318
Gas Price: 0.00000016 Gwei
Transaction Fee: 0.00000000000741088 AVAX

[2/3] Depositando Token no Notary da Fuji...
Depósito realizado! ID: 19
Gas Used: 56848
Gas Price: 0.00000016 Gwei
Transaction Fee: 0.00000000000909568 AVAX

[3/3] Nó executando a ponte na Amoy...
Execução concluída! Tx: 0xb45b35eae0796ceeb3f6f3204e31a41a23b8f80e3460c1946425b202e3c1a98f
Gas Used: 92737
Gas Price: 30.000000063 Gwei
Transaction Fee: 0.002782110005842431 POL
Saldo Amoy ANTES: 2.802
Saldo Amoy DEPOIS: 2.803

--- Resumo de gás (fluxo cross-chain completo) ---
┌─────────┬────────────────────────┬─────────┬───────────────┬────────────────┬────────────────────┬────────────────────────┬─────────────┬──────────────────────────────────────────────────────────────────────┐
│ (index) │          step          │ gasUsed │  gasPriceWei  │  gasPriceGwei  │ transactionFeeWei  │     transactionFee     │ nativeToken │                                txHash                                │
├─────────┼────────────────────────┼─────────┼───────────────┼────────────────┼────────────────────┼────────────────────────┼─────────────┼──────────────────────────────────────────────────────────────────────┤
│    0    │    'approve (Fuji)'    │ '46318' │     '160'     │  '0.00000016'  │     '7410880'      │ '0.00000000000741088'  │   'AVAX'    │ '0x12be4dc3badd67110e34b0bc8cb9cc1eac719e1ba7111e849927bd0037477cf8' │
│    1    │    'deposit (Fuji)'    │ '56848' │     '160'     │  '0.00000016'  │     '9095680'      │ '0.00000000000909568'  │   'AVAX'    │ '0x738bd170a0b4b1e995e32c5a842b1cb2ff0d37d4f724ce4ebccd28f7fea3ad39' │
│    2    │ 'executeBridge (Amoy)' │ '92737' │ '30000000063' │ '30.000000063' │ '2782110005842431' │ '0.002782110005842431' │    'POL'    │ '0xb45b35eae0796ceeb3f6f3204e31a41a23b8f80e3460c1946425b202e3c1a98f' │
└─────────┴────────────────────────┴─────────┴───────────────┴────────────────┴────────────────────┴────────────────────────┴─────────────┴──────────────────────────────────────────────────────────────────────┘

💾 [LOGGER] Dados da transação salvos em: logs/testnet_logs.json
npm warn cli npm v11.13.0 does not support Node.js v18.19.1. This version of npm supports the following node versions: `^20.17.0 || >=22.9.0`. You can find the latest version at https://nodejs.org/.

[1/3] Aprovando Token na Fuji...
Aprovação concluída! Tx: 0xfaf40693d00d8a3b9cc687d83efa73bfca5a552c16bd4bfddf2e7dea8ee39039
Gas Used: 46318
Gas Price: 0.00000016 Gwei
Transaction Fee: 0.00000000000741088 AVAX

[2/3] Depositando Token no Notary da Fuji...
Depósito realizado! ID: 20
Gas Used: 56848
Gas Price: 0.00000016 Gwei
Transaction Fee: 0.00000000000909568 AVAX

[3/3] Nó executando a ponte na Amoy...
Execução concluída! Tx: 0xc43f8c89a059372622fe392782d3011828dcbfb96b0322648813f2b75aa85045
Gas Used: 92737
Gas Price: 30.000000063 Gwei
Transaction Fee: 0.002782110005842431 POL
Saldo Amoy ANTES: 2.802
Saldo Amoy DEPOIS: 2.803

--- Resumo de gás (fluxo cross-chain completo) ---
┌─────────┬────────────────────────┬─────────┬───────────────┬────────────────┬────────────────────┬────────────────────────┬─────────────┬──────────────────────────────────────────────────────────────────────┐
│ (index) │          step          │ gasUsed │  gasPriceWei  │  gasPriceGwei  │ transactionFeeWei  │     transactionFee     │ nativeToken │                                txHash                                │
├─────────┼────────────────────────┼─────────┼───────────────┼────────────────┼────────────────────┼────────────────────────┼─────────────┼──────────────────────────────────────────────────────────────────────┤
│    0    │    'approve (Fuji)'    │ '46318' │     '160'     │  '0.00000016'  │     '7410880'      │ '0.00000000000741088'  │   'AVAX'    │ '0xfaf40693d00d8a3b9cc687d83efa73bfca5a552c16bd4bfddf2e7dea8ee39039' │
│    1    │    'deposit (Fuji)'    │ '56848' │     '160'     │  '0.00000016'  │     '9095680'      │ '0.00000000000909568'  │   'AVAX'    │ '0xf3f2c7cdbccd1c107164e611b6e91bcbb09c7db2f091b26002eba03bc86cb8d6' │
│    2    │ 'executeBridge (Amoy)' │ '92737' │ '30000000063' │ '30.000000063' │ '2782110005842431' │ '0.002782110005842431' │    'POL'    │ '0xc43f8c89a059372622fe392782d3011828dcbfb96b0322648813f2b75aa85045' │
└─────────┴────────────────────────┴─────────┴───────────────┴────────────────┴────────────────────┴────────────────────────┴─────────────┴──────────────────────────────────────────────────────────────────────┘

💾 [LOGGER] Dados da transação salvos em: logs/testnet_logs.json
npm warn cli npm v11.13.0 does not support Node.js v18.19.1. This version of npm supports the following node versions: `^20.17.0 || >=22.9.0`. You can find the latest version at https://nodejs.org/.

[1/3] Aprovando Token na Fuji...
Aprovação concluída! Tx: 0xdd1c983ac4b88a8e92e2c0e8c94174cbf44765cc3d252acda5faf8ef180a21a0
Gas Used: 46318
Gas Price: 0.00000016 Gwei
Transaction Fee: 0.00000000000741088 AVAX

[2/3] Depositando Token no Notary da Fuji...
Depósito realizado! ID: 21
Gas Used: 56848
Gas Price: 0.00000016 Gwei
Transaction Fee: 0.00000000000909568 AVAX

[3/3] Nó executando a ponte na Amoy...
Execução concluída! Tx: 0x3a35dfc987160ab2bf1e1592175522ddcde55cadc37f323595c01faa9c794ccc
Gas Used: 92737
Gas Price: 30.000000063 Gwei
Transaction Fee: 0.002782110005842431 POL
Saldo Amoy ANTES: 2.802
Saldo Amoy DEPOIS: 2.802

--- Resumo de gás (fluxo cross-chain completo) ---
┌─────────┬────────────────────────┬─────────┬───────────────┬────────────────┬────────────────────┬────────────────────────┬─────────────┬──────────────────────────────────────────────────────────────────────┐
│ (index) │          step          │ gasUsed │  gasPriceWei  │  gasPriceGwei  │ transactionFeeWei  │     transactionFee     │ nativeToken │                                txHash                                │
├─────────┼────────────────────────┼─────────┼───────────────┼────────────────┼────────────────────┼────────────────────────┼─────────────┼──────────────────────────────────────────────────────────────────────┤
│    0    │    'approve (Fuji)'    │ '46318' │     '160'     │  '0.00000016'  │     '7410880'      │ '0.00000000000741088'  │   'AVAX'    │ '0xdd1c983ac4b88a8e92e2c0e8c94174cbf44765cc3d252acda5faf8ef180a21a0' │
│    1    │    'deposit (Fuji)'    │ '56848' │     '160'     │  '0.00000016'  │     '9095680'      │ '0.00000000000909568'  │   'AVAX'    │ '0xbb4c3441b1cb44fcf37dab057eaa8405b19e0154467bc16e16816e1bafaa07ab' │
│    2    │ 'executeBridge (Amoy)' │ '92737' │ '30000000063' │ '30.000000063' │ '2782110005842431' │ '0.002782110005842431' │    'POL'    │ '0x3a35dfc987160ab2bf1e1592175522ddcde55cadc37f323595c01faa9c794ccc' │
└─────────┴────────────────────────┴─────────┴───────────────┴────────────────┴────────────────────┴────────────────────────┴─────────────┴──────────────────────────────────────────────────────────────────────┘

💾 [LOGGER] Dados da transação salvos em: logs/testnet_logs.json
npm warn cli npm v11.13.0 does not support Node.js v18.19.1. This version of npm supports the following node versions: `^20.17.0 || >=22.9.0`. You can find the latest version at https://nodejs.org/.

[1/3] Aprovando Token na Fuji...
Aprovação concluída! Tx: 0x04befc440d5db6374e891a2ae2901a61903de32fea3733877330a9ef4e0f5d1a
Gas Used: 46318
Gas Price: 0.00000016 Gwei
Transaction Fee: 0.00000000000741088 AVAX

[2/3] Depositando Token no Notary da Fuji...
Depósito realizado! ID: 22
Gas Used: 56848
Gas Price: 0.00000016 Gwei
Transaction Fee: 0.00000000000909568 AVAX

[3/3] Nó executando a ponte na Amoy...
Execução concluída! Tx: 0x830d0a5bf5a69243f8772b50c315bc8563d146ac656b1808009e333a0b24cd61
Gas Used: 92737
Gas Price: 35.731353609 Gwei
Transaction Fee: 0.003313618539637833 POL
Saldo Amoy ANTES: 2.802
Saldo Amoy DEPOIS: 2.802

--- Resumo de gás (fluxo cross-chain completo) ---
┌─────────┬────────────────────────┬─────────┬───────────────┬────────────────┬────────────────────┬────────────────────────┬─────────────┬──────────────────────────────────────────────────────────────────────┐
│ (index) │          step          │ gasUsed │  gasPriceWei  │  gasPriceGwei  │ transactionFeeWei  │     transactionFee     │ nativeToken │                                txHash                                │
├─────────┼────────────────────────┼─────────┼───────────────┼────────────────┼────────────────────┼────────────────────────┼─────────────┼──────────────────────────────────────────────────────────────────────┤
│    0    │    'approve (Fuji)'    │ '46318' │     '160'     │  '0.00000016'  │     '7410880'      │ '0.00000000000741088'  │   'AVAX'    │ '0x04befc440d5db6374e891a2ae2901a61903de32fea3733877330a9ef4e0f5d1a' │
│    1    │    'deposit (Fuji)'    │ '56848' │     '160'     │  '0.00000016'  │     '9095680'      │ '0.00000000000909568'  │   'AVAX'    │ '0x9b1aee55698f8e16ac1c653ac8d030bef7b115ffb122f0a7810dc099f4d4324b' │
│    2    │ 'executeBridge (Amoy)' │ '92737' │ '35731353609' │ '35.731353609' │ '3313618539637833' │ '0.003313618539637833' │    'POL'    │ '0x830d0a5bf5a69243f8772b50c315bc8563d146ac656b1808009e333a0b24cd61' │
└─────────┴────────────────────────┴─────────┴───────────────┴────────────────┴────────────────────┴────────────────────────┴─────────────┴──────────────────────────────────────────────────────────────────────┘

💾 [LOGGER] Dados da transação salvos em: logs/testnet_logs.json
npm warn cli npm v11.13.0 does not support Node.js v18.19.1. This version of npm supports the following node versions: `^20.17.0 || >=22.9.0`. You can find the latest version at https://nodejs.org/.

[1/3] Aprovando Token na Fuji...
Aprovação concluída! Tx: 0x429484f8b0d798d52edfe7e43da784cc8cac4080ba28398fba70a1e697cd946f
Gas Used: 46318
Gas Price: 0.00000016 Gwei
Transaction Fee: 0.00000000000741088 AVAX

[2/3] Depositando Token no Notary da Fuji...
Depósito realizado! ID: 23
Gas Used: 56848
Gas Price: 0.00000016 Gwei
Transaction Fee: 0.00000000000909568 AVAX

[3/3] Nó executando a ponte na Amoy...
Execução concluída! Tx: 0x898c001319b2048165e8146d5c8756714f2fae5f6dbb6b39841b7a9848ecbad2
Gas Used: 92737
Gas Price: 30.000000063 Gwei
Transaction Fee: 0.002782110005842431 POL
Saldo Amoy ANTES: 2.802
Saldo Amoy DEPOIS: 2.803

--- Resumo de gás (fluxo cross-chain completo) ---
┌─────────┬────────────────────────┬─────────┬───────────────┬────────────────┬────────────────────┬────────────────────────┬─────────────┬──────────────────────────────────────────────────────────────────────┐
│ (index) │          step          │ gasUsed │  gasPriceWei  │  gasPriceGwei  │ transactionFeeWei  │     transactionFee     │ nativeToken │                                txHash                                │
├─────────┼────────────────────────┼─────────┼───────────────┼────────────────┼────────────────────┼────────────────────────┼─────────────┼──────────────────────────────────────────────────────────────────────┤
│    0    │    'approve (Fuji)'    │ '46318' │     '160'     │  '0.00000016'  │     '7410880'      │ '0.00000000000741088'  │   'AVAX'    │ '0x429484f8b0d798d52edfe7e43da784cc8cac4080ba28398fba70a1e697cd946f' │
│    1    │    'deposit (Fuji)'    │ '56848' │     '160'     │  '0.00000016'  │     '9095680'      │ '0.00000000000909568'  │   'AVAX'    │ '0x2a87d5b7d97ccc57a3b2ca827e8f00c4ae1c9b443b52821b92230b2dbf9b54dc' │
│    2    │ 'executeBridge (Amoy)' │ '92737' │ '30000000063' │ '30.000000063' │ '2782110005842431' │ '0.002782110005842431' │    'POL'    │ '0x898c001319b2048165e8146d5c8756714f2fae5f6dbb6b39841b7a9848ecbad2' │
└─────────┴────────────────────────┴─────────┴───────────────┴────────────────┴────────────────────┴────────────────────────┴─────────────┴──────────────────────────────────────────────────────────────────────┘

💾 [LOGGER] Dados da transação salvos em: logs/testnet_logs.json
npm warn cli npm v11.13.0 does not support Node.js v18.19.1. This version of npm supports the following node versions: `^20.17.0 || >=22.9.0`. You can find the latest version at https://nodejs.org/.

[1/3] Aprovando Token na Fuji...
Aprovação concluída! Tx: 0xd0d1556a951ae4b82e536c6429998c44038cdbe8dc6f11c2e10b87665edf6cb1
Gas Used: 46318
Gas Price: 0.00000016 Gwei
Transaction Fee: 0.00000000000741088 AVAX

[2/3] Depositando Token no Notary da Fuji...
Depósito realizado! ID: 24
Gas Used: 56848
Gas Price: 0.00000016 Gwei
Transaction Fee: 0.00000000000909568 AVAX

[3/3] Nó executando a ponte na Amoy...
Execução concluída! Tx: 0x35f3a4322473bf7be9fe076a5d229c24a12d293a2a68449ad267c42c76ef22c3
Gas Used: 92737
Gas Price: 30.000000063 Gwei
Transaction Fee: 0.002782110005842431 POL
Saldo Amoy ANTES: 2.802
Saldo Amoy DEPOIS: 2.803

--- Resumo de gás (fluxo cross-chain completo) ---
┌─────────┬────────────────────────┬─────────┬───────────────┬────────────────┬────────────────────┬────────────────────────┬─────────────┬──────────────────────────────────────────────────────────────────────┐
│ (index) │          step          │ gasUsed │  gasPriceWei  │  gasPriceGwei  │ transactionFeeWei  │     transactionFee     │ nativeToken │                                txHash                                │
├─────────┼────────────────────────┼─────────┼───────────────┼────────────────┼────────────────────┼────────────────────────┼─────────────┼──────────────────────────────────────────────────────────────────────┤
│    0    │    'approve (Fuji)'    │ '46318' │     '160'     │  '0.00000016'  │     '7410880'      │ '0.00000000000741088'  │   'AVAX'    │ '0xd0d1556a951ae4b82e536c6429998c44038cdbe8dc6f11c2e10b87665edf6cb1' │
│    1    │    'deposit (Fuji)'    │ '56848' │     '160'     │  '0.00000016'  │     '9095680'      │ '0.00000000000909568'  │   'AVAX'    │ '0xcdbee3482d8117081890f49aa3b40393d97ba502391f876da04398c8b0287e7e' │
│    2    │ 'executeBridge (Amoy)' │ '92737' │ '30000000063' │ '30.000000063' │ '2782110005842431' │ '0.002782110005842431' │    'POL'    │ '0x35f3a4322473bf7be9fe076a5d229c24a12d293a2a68449ad267c42c76ef22c3' │
└─────────┴────────────────────────┴─────────┴───────────────┴────────────────┴────────────────────┴────────────────────────┴─────────────┴──────────────────────────────────────────────────────────────────────┘

💾 [LOGGER] Dados da transação salvos em: logs/testnet_logs.json
npm warn cli npm v11.13.0 does not support Node.js v18.19.1. This version of npm supports the following node versions: `^20.17.0 || >=22.9.0`. You can find the latest version at https://nodejs.org/.

[1/3] Aprovando Token na Fuji...
Aprovação concluída! Tx: 0x7369de6653392b1c40e177acdf0d7f81b6b0c31ae80cbf1c2baa68c4fbe7d765
Gas Used: 46318
Gas Price: 0.00000016 Gwei
Transaction Fee: 0.00000000000741088 AVAX

[2/3] Depositando Token no Notary da Fuji...
Depósito realizado! ID: 25
Gas Used: 56848
Gas Price: 0.00000016 Gwei
Transaction Fee: 0.00000000000909568 AVAX

[3/3] Nó executando a ponte na Amoy...
Execução concluída! Tx: 0x40a453b31b899ae781e496448a5c64130e36333952b0befb1d819ceffb9937ef
Gas Used: 92737
Gas Price: 30.000000063 Gwei
Transaction Fee: 0.002782110005842431 POL
Saldo Amoy ANTES: 2.802
Saldo Amoy DEPOIS: 2.803

--- Resumo de gás (fluxo cross-chain completo) ---
┌─────────┬────────────────────────┬─────────┬───────────────┬────────────────┬────────────────────┬────────────────────────┬─────────────┬──────────────────────────────────────────────────────────────────────┐
│ (index) │          step          │ gasUsed │  gasPriceWei  │  gasPriceGwei  │ transactionFeeWei  │     transactionFee     │ nativeToken │                                txHash                                │
├─────────┼────────────────────────┼─────────┼───────────────┼────────────────┼────────────────────┼────────────────────────┼─────────────┼──────────────────────────────────────────────────────────────────────┤
│    0    │    'approve (Fuji)'    │ '46318' │     '160'     │  '0.00000016'  │     '7410880'      │ '0.00000000000741088'  │   'AVAX'    │ '0x7369de6653392b1c40e177acdf0d7f81b6b0c31ae80cbf1c2baa68c4fbe7d765' │
│    1    │    'deposit (Fuji)'    │ '56848' │     '160'     │  '0.00000016'  │     '9095680'      │ '0.00000000000909568'  │   'AVAX'    │ '0x414cb748874e8f218c13a646f00f47fb3281bf98e3cc38f996591e3c8a3f08b4' │
│    2    │ 'executeBridge (Amoy)' │ '92737' │ '30000000063' │ '30.000000063' │ '2782110005842431' │ '0.002782110005842431' │    'POL'    │ '0x40a453b31b899ae781e496448a5c64130e36333952b0befb1d819ceffb9937ef' │
└─────────┴────────────────────────┴─────────┴───────────────┴────────────────┴────────────────────┴────────────────────────┴─────────────┴──────────────────────────────────────────────────────────────────────┘

💾 [LOGGER] Dados da transação salvos em: logs/testnet_logs.json
npm warn cli npm v11.13.0 does not support Node.js v18.19.1. This version of npm supports the following node versions: `^20.17.0 || >=22.9.0`. You can find the latest version at https://nodejs.org/.

[1/3] Aprovando Token na Fuji...
Aprovação concluída! Tx: 0x234a5a9e83533719230e01e936d47f301863432a2282cf45233973e2714db79e
Gas Used: 46318
Gas Price: 0.00000016 Gwei
Transaction Fee: 0.00000000000741088 AVAX

[2/3] Depositando Token no Notary da Fuji...
Depósito realizado! ID: 26
Gas Used: 56848
Gas Price: 0.00000016 Gwei
Transaction Fee: 0.00000000000909568 AVAX

[3/3] Nó executando a ponte na Amoy...
Execução concluída! Tx: 0x462be5fc81d7415307d2c7d55fbf3638d3b7d8a062258af548be8725bc4489b8
Gas Used: 92737
Gas Price: 96.499848173 Gwei
Transaction Fee: 0.008949106420019501 POL
Saldo Amoy ANTES: 2.802
Saldo Amoy DEPOIS: 2.803

--- Resumo de gás (fluxo cross-chain completo) ---
┌─────────┬────────────────────────┬─────────┬───────────────┬────────────────┬────────────────────┬────────────────────────┬─────────────┬──────────────────────────────────────────────────────────────────────┐
│ (index) │          step          │ gasUsed │  gasPriceWei  │  gasPriceGwei  │ transactionFeeWei  │     transactionFee     │ nativeToken │                                txHash                                │
├─────────┼────────────────────────┼─────────┼───────────────┼────────────────┼────────────────────┼────────────────────────┼─────────────┼──────────────────────────────────────────────────────────────────────┤
│    0    │    'approve (Fuji)'    │ '46318' │     '160'     │  '0.00000016'  │     '7410880'      │ '0.00000000000741088'  │   'AVAX'    │ '0x234a5a9e83533719230e01e936d47f301863432a2282cf45233973e2714db79e' │
│    1    │    'deposit (Fuji)'    │ '56848' │     '160'     │  '0.00000016'  │     '9095680'      │ '0.00000000000909568'  │   'AVAX'    │ '0xa6f76f6d10a58905d044e50ed6cb1126190c4f05af1ca8441f05b6fb1c554f5d' │
│    2    │ 'executeBridge (Amoy)' │ '92737' │ '96499848173' │ '96.499848173' │ '8949106420019501' │ '0.008949106420019501' │    'POL'    │ '0x462be5fc81d7415307d2c7d55fbf3638d3b7d8a062258af548be8725bc4489b8' │
└─────────┴────────────────────────┴─────────┴───────────────┴────────────────┴────────────────────┴────────────────────────┴─────────────┴──────────────────────────────────────────────────────────────────────┘

💾 [LOGGER] Dados da transação salvos em: logs/testnet_logs.json
npm warn cli npm v11.13.0 does not support Node.js v18.19.1. This version of npm supports the following node versions: `^20.17.0 || >=22.9.0`. You can find the latest version at https://nodejs.org/.

[1/3] Aprovando Token na Fuji...
Aprovação concluída! Tx: 0x2799fb601740d6210579703c0d983202c71c840a593279ee49713657820b044e
Gas Used: 46318
Gas Price: 0.00000016 Gwei
Transaction Fee: 0.00000000000741088 AVAX

[2/3] Depositando Token no Notary da Fuji...
Depósito realizado! ID: 27
Gas Used: 56848
Gas Price: 0.00000016 Gwei
Transaction Fee: 0.00000000000909568 AVAX

[3/3] Nó executando a ponte na Amoy...
Execução concluída! Tx: 0x5b332a0a4c54f2ec0a67580a5a134d909e38b11a7e61ec985b64f0848ddeef0a
Gas Used: 92737
Gas Price: 50.000000063 Gwei
Transaction Fee: 0.004636850005842431 POL
Saldo Amoy ANTES: 2.802
Saldo Amoy DEPOIS: 2.802

--- Resumo de gás (fluxo cross-chain completo) ---
┌─────────┬────────────────────────┬─────────┬───────────────┬────────────────┬────────────────────┬────────────────────────┬─────────────┬──────────────────────────────────────────────────────────────────────┐
│ (index) │          step          │ gasUsed │  gasPriceWei  │  gasPriceGwei  │ transactionFeeWei  │     transactionFee     │ nativeToken │                                txHash                                │
├─────────┼────────────────────────┼─────────┼───────────────┼────────────────┼────────────────────┼────────────────────────┼─────────────┼──────────────────────────────────────────────────────────────────────┤
│    0    │    'approve (Fuji)'    │ '46318' │     '160'     │  '0.00000016'  │     '7410880'      │ '0.00000000000741088'  │   'AVAX'    │ '0x2799fb601740d6210579703c0d983202c71c840a593279ee49713657820b044e' │
│    1    │    'deposit (Fuji)'    │ '56848' │     '160'     │  '0.00000016'  │     '9095680'      │ '0.00000000000909568'  │   'AVAX'    │ '0xe69dbbdf3fc5ea4975231b99a3e9a1fc2b0a652b99d0f384681ad8fcec15a870' │
│    2    │ 'executeBridge (Amoy)' │ '92737' │ '50000000063' │ '50.000000063' │ '4636850005842431' │ '0.004636850005842431' │    'POL'    │ '0x5b332a0a4c54f2ec0a67580a5a134d909e38b11a7e61ec985b64f0848ddeef0a' │
└─────────┴────────────────────────┴─────────┴───────────────┴────────────────┴────────────────────┴────────────────────────┴─────────────┴──────────────────────────────────────────────────────────────────────┘

💾 [LOGGER] Dados da transação salvos em: logs/testnet_logs.json
npm warn cli npm v11.13.0 does not support Node.js v18.19.1. This version of npm supports the following node versions: `^20.17.0 || >=22.9.0`. You can find the latest version at https://nodejs.org/.

[1/3] Aprovando Token na Fuji...
Aprovação concluída! Tx: 0xbb2d24b473132271def07dd0c3caca990b1e3018f6401d9c87f6c56623573366
Gas Used: 46318
Gas Price: 0.00000016 Gwei
Transaction Fee: 0.00000000000741088 AVAX

[2/3] Depositando Token no Notary da Fuji...
Depósito realizado! ID: 28
Gas Used: 56848
Gas Price: 0.00000016 Gwei
Transaction Fee: 0.00000000000909568 AVAX

[3/3] Nó executando a ponte na Amoy...
Execução concluída! Tx: 0xab650050e2a1c1bd94af133f5ca649f42f4e3b72c5205fd9d033a3e16b35cc01
Gas Used: 92737
Gas Price: 36.000000063 Gwei
Transaction Fee: 0.003338532005842431 POL
Saldo Amoy ANTES: 2.802
Saldo Amoy DEPOIS: 2.803

--- Resumo de gás (fluxo cross-chain completo) ---
┌─────────┬────────────────────────┬─────────┬───────────────┬────────────────┬────────────────────┬────────────────────────┬─────────────┬──────────────────────────────────────────────────────────────────────┐
│ (index) │          step          │ gasUsed │  gasPriceWei  │  gasPriceGwei  │ transactionFeeWei  │     transactionFee     │ nativeToken │                                txHash                                │
├─────────┼────────────────────────┼─────────┼───────────────┼────────────────┼────────────────────┼────────────────────────┼─────────────┼──────────────────────────────────────────────────────────────────────┤
│    0    │    'approve (Fuji)'    │ '46318' │     '160'     │  '0.00000016'  │     '7410880'      │ '0.00000000000741088'  │   'AVAX'    │ '0xbb2d24b473132271def07dd0c3caca990b1e3018f6401d9c87f6c56623573366' │
│    1    │    'deposit (Fuji)'    │ '56848' │     '160'     │  '0.00000016'  │     '9095680'      │ '0.00000000000909568'  │   'AVAX'    │ '0x775bfe44d53ef3b9754b90202d829c57e4364a928ab36f8e45136e64d691f2d8' │
│    2    │ 'executeBridge (Amoy)' │ '92737' │ '36000000063' │ '36.000000063' │ '3338532005842431' │ '0.003338532005842431' │    'POL'    │ '0xab650050e2a1c1bd94af133f5ca649f42f4e3b72c5205fd9d033a3e16b35cc01' │
└─────────┴────────────────────────┴─────────┴───────────────┴────────────────┴────────────────────┴────────────────────────┴─────────────┴──────────────────────────────────────────────────────────────────────┘

💾 [LOGGER] Dados da transação salvos em: logs/testnet_logs.json
npm warn cli npm v11.13.0 does not support Node.js v18.19.1. This version of npm supports the following node versions: `^20.17.0 || >=22.9.0`. You can find the latest version at https://nodejs.org/.

[1/3] Aprovando Token na Fuji...
Aprovação concluída! Tx: 0x23f8d69f47ab5e3ddada496baf6415151fd750dab1d66dcd433325dcd5023928
Gas Used: 46318
Gas Price: 0.00000016 Gwei
Transaction Fee: 0.00000000000741088 AVAX

[2/3] Depositando Token no Notary da Fuji...
Depósito realizado! ID: 29
Gas Used: 56848
Gas Price: 0.00000016 Gwei
Transaction Fee: 0.00000000000909568 AVAX

[3/3] Nó executando a ponte na Amoy...
Execução concluída! Tx: 0x9ccf09167db132bb001441c49767d04af996fff1376dd089c085c1432c6e123e
Gas Used: 92737
Gas Price: 30.000000063 Gwei
Transaction Fee: 0.002782110005842431 POL
Saldo Amoy ANTES: 2.802
Saldo Amoy DEPOIS: 2.803

--- Resumo de gás (fluxo cross-chain completo) ---
┌─────────┬────────────────────────┬─────────┬───────────────┬────────────────┬────────────────────┬────────────────────────┬─────────────┬──────────────────────────────────────────────────────────────────────┐
│ (index) │          step          │ gasUsed │  gasPriceWei  │  gasPriceGwei  │ transactionFeeWei  │     transactionFee     │ nativeToken │                                txHash                                │
├─────────┼────────────────────────┼─────────┼───────────────┼────────────────┼────────────────────┼────────────────────────┼─────────────┼──────────────────────────────────────────────────────────────────────┤
│    0    │    'approve (Fuji)'    │ '46318' │     '160'     │  '0.00000016'  │     '7410880'      │ '0.00000000000741088'  │   'AVAX'    │ '0x23f8d69f47ab5e3ddada496baf6415151fd750dab1d66dcd433325dcd5023928' │
│    1    │    'deposit (Fuji)'    │ '56848' │     '160'     │  '0.00000016'  │     '9095680'      │ '0.00000000000909568'  │   'AVAX'    │ '0x58b414d05cb8cd497b67a011164f470617df5108081554333189bb26d073bafd' │
│    2    │ 'executeBridge (Amoy)' │ '92737' │ '30000000063' │ '30.000000063' │ '2782110005842431' │ '0.002782110005842431' │    'POL'    │ '0x9ccf09167db132bb001441c49767d04af996fff1376dd089c085c1432c6e123e' │
└─────────┴────────────────────────┴─────────┴───────────────┴────────────────┴────────────────────┴────────────────────────┴─────────────┴──────────────────────────────────────────────────────────────────────┘

💾 [LOGGER] Dados da transação salvos em: logs/testnet_logs.json
npm warn cli npm v11.13.0 does not support Node.js v18.19.1. This version of npm supports the following node versions: `^20.17.0 || >=22.9.0`. You can find the latest version at https://nodejs.org/.

[1/3] Aprovando Token na Fuji...
Aprovação concluída! Tx: 0x1ffdd5e0bba8994f318395838e53473e6cf6d8683888a5c751d6a9cc984ef052
Gas Used: 46318
Gas Price: 0.00000016 Gwei
Transaction Fee: 0.00000000000741088 AVAX

[2/3] Depositando Token no Notary da Fuji...
Depósito realizado! ID: 30
Gas Used: 56848
Gas Price: 0.00000016 Gwei
Transaction Fee: 0.00000000000909568 AVAX

[3/3] Nó executando a ponte na Amoy...
Execução concluída! Tx: 0xd474af13cd364696c8d8f5afc098f9aa61e6de62ce3ca0c0feced478ae2ef07a
Gas Used: 92737
Gas Price: 70.687500042 Gwei
Transaction Fee: 0.006555346691394954 POL
Saldo Amoy ANTES: 2.802
Saldo Amoy DEPOIS: 2.803

--- Resumo de gás (fluxo cross-chain completo) ---
┌─────────┬────────────────────────┬─────────┬───────────────┬────────────────┬────────────────────┬────────────────────────┬─────────────┬──────────────────────────────────────────────────────────────────────┐
│ (index) │          step          │ gasUsed │  gasPriceWei  │  gasPriceGwei  │ transactionFeeWei  │     transactionFee     │ nativeToken │                                txHash                                │
├─────────┼────────────────────────┼─────────┼───────────────┼────────────────┼────────────────────┼────────────────────────┼─────────────┼──────────────────────────────────────────────────────────────────────┤
│    0    │    'approve (Fuji)'    │ '46318' │     '160'     │  '0.00000016'  │     '7410880'      │ '0.00000000000741088'  │   'AVAX'    │ '0x1ffdd5e0bba8994f318395838e53473e6cf6d8683888a5c751d6a9cc984ef052' │
│    1    │    'deposit (Fuji)'    │ '56848' │     '160'     │  '0.00000016'  │     '9095680'      │ '0.00000000000909568'  │   'AVAX'    │ '0xa80f4415a7d552db2a0e1cfd163b8aec381fe70faeec1ca19d6c88942081f48d' │
│    2    │ 'executeBridge (Amoy)' │ '92737' │ '70687500042' │ '70.687500042' │ '6555346691394954' │ '0.006555346691394954' │    'POL'    │ '0xd474af13cd364696c8d8f5afc098f9aa61e6de62ce3ca0c0feced478ae2ef07a' │
└─────────┴────────────────────────┴─────────┴───────────────┴────────────────┴────────────────────┴────────────────────────┴─────────────┴──────────────────────────────────────────────────────────────────────┘

💾 [LOGGER] Dados da transação salvos em: logs/testnet_logs.json
npm warn cli npm v11.13.0 does not support Node.js v18.19.1. This version of npm supports the following node versions: `^20.17.0 || >=22.9.0`. You can find the latest version at https://nodejs.org/.

[1/3] Aprovando Token na Fuji...
Aprovação concluída! Tx: 0xa5272779303e9080fe4e8090c0154795996df9af6386b2449f2554026b10fc44
Gas Used: 46318
Gas Price: 0.00000016 Gwei
Transaction Fee: 0.00000000000741088 AVAX

[2/3] Depositando Token no Notary da Fuji...
Depósito realizado! ID: 31
Gas Used: 56848
Gas Price: 0.00000016 Gwei
Transaction Fee: 0.00000000000909568 AVAX

[3/3] Nó executando a ponte na Amoy...
Execução concluída! Tx: 0x063a1d15b4b69fbe2c490396924161e79082febf55a5bc599c0a4419e70e5254
Gas Used: 92737
Gas Price: 30.000000063 Gwei
Transaction Fee: 0.002782110005842431 POL
Saldo Amoy ANTES: 2.802
Saldo Amoy DEPOIS: 2.803

--- Resumo de gás (fluxo cross-chain completo) ---
┌─────────┬────────────────────────┬─────────┬───────────────┬────────────────┬────────────────────┬────────────────────────┬─────────────┬──────────────────────────────────────────────────────────────────────┐
│ (index) │          step          │ gasUsed │  gasPriceWei  │  gasPriceGwei  │ transactionFeeWei  │     transactionFee     │ nativeToken │                                txHash                                │
├─────────┼────────────────────────┼─────────┼───────────────┼────────────────┼────────────────────┼────────────────────────┼─────────────┼──────────────────────────────────────────────────────────────────────┤
│    0    │    'approve (Fuji)'    │ '46318' │     '160'     │  '0.00000016'  │     '7410880'      │ '0.00000000000741088'  │   'AVAX'    │ '0xa5272779303e9080fe4e8090c0154795996df9af6386b2449f2554026b10fc44' │
│    1    │    'deposit (Fuji)'    │ '56848' │     '160'     │  '0.00000016'  │     '9095680'      │ '0.00000000000909568'  │   'AVAX'    │ '0x5c824c362a977588d6dbd0e2cc7910d7e30b82f50008e2405b2cfcc9a068c692' │
│    2    │ 'executeBridge (Amoy)' │ '92737' │ '30000000063' │ '30.000000063' │ '2782110005842431' │ '0.002782110005842431' │    'POL'    │ '0x063a1d15b4b69fbe2c490396924161e79082febf55a5bc599c0a4419e70e5254' │
└─────────┴────────────────────────┴─────────┴───────────────┴────────────────┴────────────────────┴────────────────────────┴─────────────┴──────────────────────────────────────────────────────────────────────┘

💾 [LOGGER] Dados da transação salvos em: logs/testnet_logs.json
npm warn cli npm v11.13.0 does not support Node.js v18.19.1. This version of npm supports the following node versions: `^20.17.0 || >=22.9.0`. You can find the latest version at https://nodejs.org/.

[1/3] Aprovando Token na Fuji...
Aprovação concluída! Tx: 0x4076060ebb996f24e2d0dbe762e25677a1051c7c7129245e936b88eb5f5baa07
Gas Used: 46318
Gas Price: 0.00000016 Gwei
Transaction Fee: 0.00000000000741088 AVAX

[2/3] Depositando Token no Notary da Fuji...
Depósito realizado! ID: 32
Gas Used: 56848
Gas Price: 0.00000016 Gwei
Transaction Fee: 0.00000000000909568 AVAX

[3/3] Nó executando a ponte na Amoy...
Execução concluída! Tx: 0x83e8f64c12d0182e901db299957afaa9c3f5d0217ee3841a769ea2251305cc0b
Gas Used: 92737
Gas Price: 30.000000063 Gwei
Transaction Fee: 0.002782110005842431 POL
Saldo Amoy ANTES: 2.802
Saldo Amoy DEPOIS: 2.803

--- Resumo de gás (fluxo cross-chain completo) ---
┌─────────┬────────────────────────┬─────────┬───────────────┬────────────────┬────────────────────┬────────────────────────┬─────────────┬──────────────────────────────────────────────────────────────────────┐
│ (index) │          step          │ gasUsed │  gasPriceWei  │  gasPriceGwei  │ transactionFeeWei  │     transactionFee     │ nativeToken │                                txHash                                │
├─────────┼────────────────────────┼─────────┼───────────────┼────────────────┼────────────────────┼────────────────────────┼─────────────┼──────────────────────────────────────────────────────────────────────┤
│    0    │    'approve (Fuji)'    │ '46318' │     '160'     │  '0.00000016'  │     '7410880'      │ '0.00000000000741088'  │   'AVAX'    │ '0x4076060ebb996f24e2d0dbe762e25677a1051c7c7129245e936b88eb5f5baa07' │
│    1    │    'deposit (Fuji)'    │ '56848' │     '160'     │  '0.00000016'  │     '9095680'      │ '0.00000000000909568'  │   'AVAX'    │ '0xc2a43ce65f658f516ce4938f6454d328d40f6f3c65185f3510bc1bb060ded831' │
│    2    │ 'executeBridge (Amoy)' │ '92737' │ '30000000063' │ '30.000000063' │ '2782110005842431' │ '0.002782110005842431' │    'POL'    │ '0x83e8f64c12d0182e901db299957afaa9c3f5d0217ee3841a769ea2251305cc0b' │
└─────────┴────────────────────────┴─────────┴───────────────┴────────────────┴────────────────────┴────────────────────────┴─────────────┴──────────────────────────────────────────────────────────────────────┘

💾 [LOGGER] Dados da transação salvos em: logs/testnet_logs.json
npm warn cli npm v11.13.0 does not support Node.js v18.19.1. This version of npm supports the following node versions: `^20.17.0 || >=22.9.0`. You can find the latest version at https://nodejs.org/.

[1/3] Aprovando Token na Fuji...
Aprovação concluída! Tx: 0x427d311579a069cd87215c40e992795e96b917219b79f184b84a515bf28a10c0
Gas Used: 46318
Gas Price: 0.00000016 Gwei
Transaction Fee: 0.00000000000741088 AVAX

[2/3] Depositando Token no Notary da Fuji...
Depósito realizado! ID: 33
Gas Used: 56848
Gas Price: 0.00000016 Gwei
Transaction Fee: 0.00000000000909568 AVAX

[3/3] Nó executando a ponte na Amoy...
Execução concluída! Tx: 0xb1c6490c81a935917929584a2e612e7405558e42f203bc70daaf3f6696d36daa
Gas Used: 92737
Gas Price: 30.000000063 Gwei
Transaction Fee: 0.002782110005842431 POL
Saldo Amoy ANTES: 2.802
Saldo Amoy DEPOIS: 2.802

--- Resumo de gás (fluxo cross-chain completo) ---
┌─────────┬────────────────────────┬─────────┬───────────────┬────────────────┬────────────────────┬────────────────────────┬─────────────┬──────────────────────────────────────────────────────────────────────┐
│ (index) │          step          │ gasUsed │  gasPriceWei  │  gasPriceGwei  │ transactionFeeWei  │     transactionFee     │ nativeToken │                                txHash                                │
├─────────┼────────────────────────┼─────────┼───────────────┼────────────────┼────────────────────┼────────────────────────┼─────────────┼──────────────────────────────────────────────────────────────────────┤
│    0    │    'approve (Fuji)'    │ '46318' │     '160'     │  '0.00000016'  │     '7410880'      │ '0.00000000000741088'  │   'AVAX'    │ '0x427d311579a069cd87215c40e992795e96b917219b79f184b84a515bf28a10c0' │
│    1    │    'deposit (Fuji)'    │ '56848' │     '160'     │  '0.00000016'  │     '9095680'      │ '0.00000000000909568'  │   'AVAX'    │ '0x46b2cc563ef590738549e166641842a91493adf34e02a4c660bb9337278e9734' │
│    2    │ 'executeBridge (Amoy)' │ '92737' │ '30000000063' │ '30.000000063' │ '2782110005842431' │ '0.002782110005842431' │    'POL'    │ '0xb1c6490c81a935917929584a2e612e7405558e42f203bc70daaf3f6696d36daa' │
└─────────┴────────────────────────┴─────────┴───────────────┴────────────────┴────────────────────┴────────────────────────┴─────────────┴──────────────────────────────────────────────────────────────────────┘

💾 [LOGGER] Dados da transação salvos em: logs/testnet_logs.json
npm warn cli npm v11.13.0 does not support Node.js v18.19.1. This version of npm supports the following node versions: `^20.17.0 || >=22.9.0`. You can find the latest version at https://nodejs.org/.

[1/3] Aprovando Token na Fuji...
Aprovação concluída! Tx: 0x75b418a4dcab8fd09eeed57748c7d55ff6a8736369131cc92645222ff51c266b
Gas Used: 46318
Gas Price: 0.00000016 Gwei
Transaction Fee: 0.00000000000741088 AVAX

[2/3] Depositando Token no Notary da Fuji...
Depósito realizado! ID: 34
Gas Used: 56848
Gas Price: 0.00000016 Gwei
Transaction Fee: 0.00000000000909568 AVAX

[3/3] Nó executando a ponte na Amoy...
Execução concluída! Tx: 0x05693895876df714c1ccef51dadaac7ba42ad8f9b3b33d55311ee156de1f868a
Gas Used: 92737
Gas Price: 60.000000063 Gwei
Transaction Fee: 0.005564220005842431 POL
Saldo Amoy ANTES: 2.802
Saldo Amoy DEPOIS: 2.803

--- Resumo de gás (fluxo cross-chain completo) ---
┌─────────┬────────────────────────┬─────────┬───────────────┬────────────────┬────────────────────┬────────────────────────┬─────────────┬──────────────────────────────────────────────────────────────────────┐
│ (index) │          step          │ gasUsed │  gasPriceWei  │  gasPriceGwei  │ transactionFeeWei  │     transactionFee     │ nativeToken │                                txHash                                │
├─────────┼────────────────────────┼─────────┼───────────────┼────────────────┼────────────────────┼────────────────────────┼─────────────┼──────────────────────────────────────────────────────────────────────┤
│    0    │    'approve (Fuji)'    │ '46318' │     '160'     │  '0.00000016'  │     '7410880'      │ '0.00000000000741088'  │   'AVAX'    │ '0x75b418a4dcab8fd09eeed57748c7d55ff6a8736369131cc92645222ff51c266b' │
│    1    │    'deposit (Fuji)'    │ '56848' │     '160'     │  '0.00000016'  │     '9095680'      │ '0.00000000000909568'  │   'AVAX'    │ '0x460d2f185dae61d507a153cc97f03b4e93b97c000f69e89dacd079ec78a91875' │
│    2    │ 'executeBridge (Amoy)' │ '92737' │ '60000000063' │ '60.000000063' │ '5564220005842431' │ '0.005564220005842431' │    'POL'    │ '0x05693895876df714c1ccef51dadaac7ba42ad8f9b3b33d55311ee156de1f868a' │
└─────────┴────────────────────────┴─────────┴───────────────┴────────────────┴────────────────────┴────────────────────────┴─────────────┴──────────────────────────────────────────────────────────────────────┘

💾 [LOGGER] Dados da transação salvos em: logs/testnet_logs.json
npm warn cli npm v11.13.0 does not support Node.js v18.19.1. This version of npm supports the following node versions: `^20.17.0 || >=22.9.0`. You can find the latest version at https://nodejs.org/.

[1/3] Aprovando Token na Fuji...
Aprovação concluída! Tx: 0xbf35d3a37261859885f62ec6c27daf656e56f442a2f33fd686724432540f293f
Gas Used: 46318
Gas Price: 0.00000016 Gwei
Transaction Fee: 0.00000000000741088 AVAX

[2/3] Depositando Token no Notary da Fuji...
Depósito realizado! ID: 35
Gas Used: 56848
Gas Price: 0.00000016 Gwei
Transaction Fee: 0.00000000000909568 AVAX

[3/3] Nó executando a ponte na Amoy...
Execução concluída! Tx: 0x1245084646ce52b732e7a671aae4b8ff592587ef0e9002771ddcb7b15a90fb33
Gas Used: 92737
Gas Price: 30.000000063 Gwei
Transaction Fee: 0.002782110005842431 POL
Saldo Amoy ANTES: 2.802
Saldo Amoy DEPOIS: 2.803

--- Resumo de gás (fluxo cross-chain completo) ---
┌─────────┬────────────────────────┬─────────┬───────────────┬────────────────┬────────────────────┬────────────────────────┬─────────────┬──────────────────────────────────────────────────────────────────────┐
│ (index) │          step          │ gasUsed │  gasPriceWei  │  gasPriceGwei  │ transactionFeeWei  │     transactionFee     │ nativeToken │                                txHash                                │
├─────────┼────────────────────────┼─────────┼───────────────┼────────────────┼────────────────────┼────────────────────────┼─────────────┼──────────────────────────────────────────────────────────────────────┤
│    0    │    'approve (Fuji)'    │ '46318' │     '160'     │  '0.00000016'  │     '7410880'      │ '0.00000000000741088'  │   'AVAX'    │ '0xbf35d3a37261859885f62ec6c27daf656e56f442a2f33fd686724432540f293f' │
│    1    │    'deposit (Fuji)'    │ '56848' │     '160'     │  '0.00000016'  │     '9095680'      │ '0.00000000000909568'  │   'AVAX'    │ '0xebdd8114990448b4a77e0d25f264549e28d435b4bfbda35f10605ddc0ca0d832' │
│    2    │ 'executeBridge (Amoy)' │ '92737' │ '30000000063' │ '30.000000063' │ '2782110005842431' │ '0.002782110005842431' │    'POL'    │ '0x1245084646ce52b732e7a671aae4b8ff592587ef0e9002771ddcb7b15a90fb33' │
└─────────┴────────────────────────┴─────────┴───────────────┴────────────────┴────────────────────┴────────────────────────┴─────────────┴──────────────────────────────────────────────────────────────────────┘

💾 [LOGGER] Dados da transação salvos em: logs/testnet_logs.json
npm warn cli npm v11.13.0 does not support Node.js v18.19.1. This version of npm supports the following node versions: `^20.17.0 || >=22.9.0`. You can find the latest version at https://nodejs.org/.

[1/3] Aprovando Token na Fuji...
Aprovação concluída! Tx: 0xbf91cfafe7b63422daa2bc131c03c5d4a9730c74704dcc51b511ceee87c219b1
Gas Used: 46318
Gas Price: 0.00000016 Gwei
Transaction Fee: 0.00000000000741088 AVAX

[2/3] Depositando Token no Notary da Fuji...
Depósito realizado! ID: 36
Gas Used: 56848
Gas Price: 0.00000016 Gwei
Transaction Fee: 0.00000000000909568 AVAX

[3/3] Nó executando a ponte na Amoy...
Execução concluída! Tx: 0xece7325641aaec2a5bd06f6d17943419681d2553b3f9080ca41e8ca38b6ffbdd
Gas Used: 92737
Gas Price: 30.000000063 Gwei
Transaction Fee: 0.002782110005842431 POL
Saldo Amoy ANTES: 2.802
Saldo Amoy DEPOIS: 2.803

--- Resumo de gás (fluxo cross-chain completo) ---
┌─────────┬────────────────────────┬─────────┬───────────────┬────────────────┬────────────────────┬────────────────────────┬─────────────┬──────────────────────────────────────────────────────────────────────┐
│ (index) │          step          │ gasUsed │  gasPriceWei  │  gasPriceGwei  │ transactionFeeWei  │     transactionFee     │ nativeToken │                                txHash                                │
├─────────┼────────────────────────┼─────────┼───────────────┼────────────────┼────────────────────┼────────────────────────┼─────────────┼──────────────────────────────────────────────────────────────────────┤
│    0    │    'approve (Fuji)'    │ '46318' │     '160'     │  '0.00000016'  │     '7410880'      │ '0.00000000000741088'  │   'AVAX'    │ '0xbf91cfafe7b63422daa2bc131c03c5d4a9730c74704dcc51b511ceee87c219b1' │
│    1    │    'deposit (Fuji)'    │ '56848' │     '160'     │  '0.00000016'  │     '9095680'      │ '0.00000000000909568'  │   'AVAX'    │ '0x080f1b4dc49a414ea406579667474bab7e4f63f3f829be0312144e51f2790931' │
│    2    │ 'executeBridge (Amoy)' │ '92737' │ '30000000063' │ '30.000000063' │ '2782110005842431' │ '0.002782110005842431' │    'POL'    │ '0xece7325641aaec2a5bd06f6d17943419681d2553b3f9080ca41e8ca38b6ffbdd' │
└─────────┴────────────────────────┴─────────┴───────────────┴────────────────┴────────────────────┴────────────────────────┴─────────────┴──────────────────────────────────────────────────────────────────────┘

💾 [LOGGER] Dados da transação salvos em: logs/testnet_logs.json
npm warn cli npm v11.13.0 does not support Node.js v18.19.1. This version of npm supports the following node versions: `^20.17.0 || >=22.9.0`. You can find the latest version at https://nodejs.org/.

[1/3] Aprovando Token na Fuji...
Aprovação concluída! Tx: 0xdea0cb66d010bf541c0f5e0206df38f067fd71182758b04eed7e75d5f8fa4b9d
Gas Used: 46318
Gas Price: 0.00000016 Gwei
Transaction Fee: 0.00000000000741088 AVAX

[2/3] Depositando Token no Notary da Fuji...
Depósito realizado! ID: 37
Gas Used: 56848
Gas Price: 0.00000016 Gwei
Transaction Fee: 0.00000000000909568 AVAX

[3/3] Nó executando a ponte na Amoy...
Execução concluída! Tx: 0xf2718392fc1bd71a7886fddb230487dac1f2529a6ad3021b375058d282310d68
Gas Used: 92737
Gas Price: 30.000000063 Gwei
Transaction Fee: 0.002782110005842431 POL
Saldo Amoy ANTES: 2.802
Saldo Amoy DEPOIS: 2.803

--- Resumo de gás (fluxo cross-chain completo) ---
┌─────────┬────────────────────────┬─────────┬───────────────┬────────────────┬────────────────────┬────────────────────────┬─────────────┬──────────────────────────────────────────────────────────────────────┐
│ (index) │          step          │ gasUsed │  gasPriceWei  │  gasPriceGwei  │ transactionFeeWei  │     transactionFee     │ nativeToken │                                txHash                                │
├─────────┼────────────────────────┼─────────┼───────────────┼────────────────┼────────────────────┼────────────────────────┼─────────────┼──────────────────────────────────────────────────────────────────────┤
│    0    │    'approve (Fuji)'    │ '46318' │     '160'     │  '0.00000016'  │     '7410880'      │ '0.00000000000741088'  │   'AVAX'    │ '0xdea0cb66d010bf541c0f5e0206df38f067fd71182758b04eed7e75d5f8fa4b9d' │
│    1    │    'deposit (Fuji)'    │ '56848' │     '160'     │  '0.00000016'  │     '9095680'      │ '0.00000000000909568'  │   'AVAX'    │ '0xa9c7919595008bdf55a1a8c4f1c9f4e46096679c061e9b0d85a30523a5f356a9' │
│    2    │ 'executeBridge (Amoy)' │ '92737' │ '30000000063' │ '30.000000063' │ '2782110005842431' │ '0.002782110005842431' │    'POL'    │ '0xf2718392fc1bd71a7886fddb230487dac1f2529a6ad3021b375058d282310d68' │
└─────────┴────────────────────────┴─────────┴───────────────┴────────────────┴────────────────────┴────────────────────────┴─────────────┴──────────────────────────────────────────────────────────────────────┘

💾 [LOGGER] Dados da transação salvos em: logs/testnet_logs.json
npm warn cli npm v11.13.0 does not support Node.js v18.19.1. This version of npm supports the following node versions: `^20.17.0 || >=22.9.0`. You can find the latest version at https://nodejs.org/.

[1/3] Aprovando Token na Fuji...
Aprovação concluída! Tx: 0xbb3d500a8eb2c132f4f94e5d8cf145442fc20ccb98f5a162a83bb9e8abc4975a
Gas Used: 46318
Gas Price: 0.00000016 Gwei
Transaction Fee: 0.00000000000741088 AVAX

[2/3] Depositando Token no Notary da Fuji...
Depósito realizado! ID: 38
Gas Used: 56848
Gas Price: 0.00000016 Gwei
Transaction Fee: 0.00000000000909568 AVAX

[3/3] Nó executando a ponte na Amoy...
Execução concluída! Tx: 0x6c8f07c6edb1de136eb55b7e3cb98c6f77768ff6913e121464aa7442d323e4f9
Gas Used: 92737
Gas Price: 47.520000095 Gwei
Transaction Fee: 0.004406862248810015 POL
Saldo Amoy ANTES: 2.802
Saldo Amoy DEPOIS: 2.803

--- Resumo de gás (fluxo cross-chain completo) ---
┌─────────┬────────────────────────┬─────────┬───────────────┬────────────────┬────────────────────┬────────────────────────┬─────────────┬──────────────────────────────────────────────────────────────────────┐
│ (index) │          step          │ gasUsed │  gasPriceWei  │  gasPriceGwei  │ transactionFeeWei  │     transactionFee     │ nativeToken │                                txHash                                │
├─────────┼────────────────────────┼─────────┼───────────────┼────────────────┼────────────────────┼────────────────────────┼─────────────┼──────────────────────────────────────────────────────────────────────┤
│    0    │    'approve (Fuji)'    │ '46318' │     '160'     │  '0.00000016'  │     '7410880'      │ '0.00000000000741088'  │   'AVAX'    │ '0xbb3d500a8eb2c132f4f94e5d8cf145442fc20ccb98f5a162a83bb9e8abc4975a' │
│    1    │    'deposit (Fuji)'    │ '56848' │     '160'     │  '0.00000016'  │     '9095680'      │ '0.00000000000909568'  │   'AVAX'    │ '0xfba24808e17063a449a7bb92840b73ba0c4ce33ae4ec5f4c479a36c7f4449534' │
│    2    │ 'executeBridge (Amoy)' │ '92737' │ '47520000095' │ '47.520000095' │ '4406862248810015' │ '0.004406862248810015' │    'POL'    │ '0x6c8f07c6edb1de136eb55b7e3cb98c6f77768ff6913e121464aa7442d323e4f9' │
└─────────┴────────────────────────┴─────────┴───────────────┴────────────────┴────────────────────┴────────────────────────┴─────────────┴──────────────────────────────────────────────────────────────────────┘

💾 [LOGGER] Dados da transação salvos em: logs/testnet_logs.json
npm warn cli npm v11.13.0 does not support Node.js v18.19.1. This version of npm supports the following node versions: `^20.17.0 || >=22.9.0`. You can find the latest version at https://nodejs.org/.

[1/3] Aprovando Token na Fuji...
Aprovação concluída! Tx: 0xda2dbf4e60b9ad30fa5697334d5a11cec7204a116c40293aa0250ceca7305af8
Gas Used: 46318
Gas Price: 0.00000016 Gwei
Transaction Fee: 0.00000000000741088 AVAX

[2/3] Depositando Token no Notary da Fuji...
Depósito realizado! ID: 39
Gas Used: 56848
Gas Price: 0.00000016 Gwei
Transaction Fee: 0.00000000000909568 AVAX

[3/3] Nó executando a ponte na Amoy...
Execução concluída! Tx: 0x41a3ee8cedd50b183b9f2dd63e5d3dec8e888436ef9e7fec16d8adeec4a4452a
Gas Used: 92737
Gas Price: 25.000000063 Gwei
Transaction Fee: 0.002318425005842431 POL
Saldo Amoy ANTES: 2.802
Saldo Amoy DEPOIS: 2.802

--- Resumo de gás (fluxo cross-chain completo) ---
┌─────────┬────────────────────────┬─────────┬───────────────┬────────────────┬────────────────────┬────────────────────────┬─────────────┬──────────────────────────────────────────────────────────────────────┐
│ (index) │          step          │ gasUsed │  gasPriceWei  │  gasPriceGwei  │ transactionFeeWei  │     transactionFee     │ nativeToken │                                txHash                                │
├─────────┼────────────────────────┼─────────┼───────────────┼────────────────┼────────────────────┼────────────────────────┼─────────────┼──────────────────────────────────────────────────────────────────────┤
│    0    │    'approve (Fuji)'    │ '46318' │     '160'     │  '0.00000016'  │     '7410880'      │ '0.00000000000741088'  │   'AVAX'    │ '0xda2dbf4e60b9ad30fa5697334d5a11cec7204a116c40293aa0250ceca7305af8' │
│    1    │    'deposit (Fuji)'    │ '56848' │     '160'     │  '0.00000016'  │     '9095680'      │ '0.00000000000909568'  │   'AVAX'    │ '0x332c793048ae3eff4f4bf1eaa35f60033840e6d99814a77c42ad272bbb814667' │
│    2    │ 'executeBridge (Amoy)' │ '92737' │ '25000000063' │ '25.000000063' │ '2318425005842431' │ '0.002318425005842431' │    'POL'    │ '0x41a3ee8cedd50b183b9f2dd63e5d3dec8e888436ef9e7fec16d8adeec4a4452a' │
└─────────┴────────────────────────┴─────────┴───────────────┴────────────────┴────────────────────┴────────────────────────┴─────────────┴──────────────────────────────────────────────────────────────────────┘

💾 [LOGGER] Dados da transação salvos em: logs/testnet_logs.json
npm warn cli npm v11.13.0 does not support Node.js v18.19.1. This version of npm supports the following node versions: `^20.17.0 || >=22.9.0`. You can find the latest version at https://nodejs.org/.

[1/3] Aprovando Token na Fuji...
Aprovação concluída! Tx: 0x35c89c2b40f1862d361684edb7766d910849dfaf26f81c80309a48a109668a1d
Gas Used: 46318
Gas Price: 0.00000016 Gwei
Transaction Fee: 0.00000000000741088 AVAX

[2/3] Depositando Token no Notary da Fuji...
Depósito realizado! ID: 40
Gas Used: 56848
Gas Price: 0.00000016 Gwei
Transaction Fee: 0.00000000000909568 AVAX

[3/3] Nó executando a ponte na Amoy...
Execução concluída! Tx: 0x3a9f1ca4d72ea210e8b203c83c12b1c8a86920f716936f26ec0a9857b157ca94
Gas Used: 92737
Gas Price: 60.000000126 Gwei
Transaction Fee: 0.005564220011684862 POL
Saldo Amoy ANTES: 2.802
Saldo Amoy DEPOIS: 2.802

--- Resumo de gás (fluxo cross-chain completo) ---
┌─────────┬────────────────────────┬─────────┬───────────────┬────────────────┬────────────────────┬────────────────────────┬─────────────┬──────────────────────────────────────────────────────────────────────┐
│ (index) │          step          │ gasUsed │  gasPriceWei  │  gasPriceGwei  │ transactionFeeWei  │     transactionFee     │ nativeToken │                                txHash                                │
├─────────┼────────────────────────┼─────────┼───────────────┼────────────────┼────────────────────┼────────────────────────┼─────────────┼──────────────────────────────────────────────────────────────────────┤
│    0    │    'approve (Fuji)'    │ '46318' │     '160'     │  '0.00000016'  │     '7410880'      │ '0.00000000000741088'  │   'AVAX'    │ '0x35c89c2b40f1862d361684edb7766d910849dfaf26f81c80309a48a109668a1d' │
│    1    │    'deposit (Fuji)'    │ '56848' │     '160'     │  '0.00000016'  │     '9095680'      │ '0.00000000000909568'  │   'AVAX'    │ '0x216450a80cd4b94e22f18289f2247c8ea72317dd17108aab9e1b89d993e4c8ee' │
│    2    │ 'executeBridge (Amoy)' │ '92737' │ '60000000126' │ '60.000000126' │ '5564220011684862' │ '0.005564220011684862' │    'POL'    │ '0x3a9f1ca4d72ea210e8b203c83c12b1c8a86920f716936f26ec0a9857b157ca94' │
└─────────┴────────────────────────┴─────────┴───────────────┴────────────────┴────────────────────┴────────────────────────┴─────────────┴──────────────────────────────────────────────────────────────────────┘

💾 [LOGGER] Dados da transação salvos em: logs/testnet_logs.json
npm warn cli npm v11.13.0 does not support Node.js v18.19.1. This version of npm supports the following node versions: `^20.17.0 || >=22.9.0`. You can find the latest version at https://nodejs.org/.

[1/3] Aprovando Token na Fuji...
Aprovação concluída! Tx: 0xc52ee9ed82f608003d8d8473f82a57f359ee86aa0298c64e02e39065af5b732d
Gas Used: 46318
Gas Price: 0.00000016 Gwei
Transaction Fee: 0.00000000000741088 AVAX

[2/3] Depositando Token no Notary da Fuji...
Depósito realizado! ID: 41
Gas Used: 56848
Gas Price: 0.00000016 Gwei
Transaction Fee: 0.00000000000909568 AVAX

[3/3] Nó executando a ponte na Amoy...
Execução concluída! Tx: 0x57ef65747e396b2e0b9b88ea7cf9b5a6dd2d5caceb9ffe7f16bf8d16abfb58a6
Gas Used: 92737
Gas Price: 403.920000012 Gwei
Transaction Fee: 0.037458329041112844 POL
Saldo Amoy ANTES: 2.802
Saldo Amoy DEPOIS: 2.803

--- Resumo de gás (fluxo cross-chain completo) ---
┌─────────┬────────────────────────┬─────────┬────────────────┬─────────────────┬─────────────────────┬────────────────────────┬─────────────┬──────────────────────────────────────────────────────────────────────┐
│ (index) │          step          │ gasUsed │  gasPriceWei   │  gasPriceGwei   │  transactionFeeWei  │     transactionFee     │ nativeToken │                                txHash                                │
├─────────┼────────────────────────┼─────────┼────────────────┼─────────────────┼─────────────────────┼────────────────────────┼─────────────┼──────────────────────────────────────────────────────────────────────┤
│    0    │    'approve (Fuji)'    │ '46318' │     '160'      │  '0.00000016'   │      '7410880'      │ '0.00000000000741088'  │   'AVAX'    │ '0xc52ee9ed82f608003d8d8473f82a57f359ee86aa0298c64e02e39065af5b732d' │
│    1    │    'deposit (Fuji)'    │ '56848' │     '160'      │  '0.00000016'   │      '9095680'      │ '0.00000000000909568'  │   'AVAX'    │ '0x93023ad3a5cfeff4d8805b05e3c86208fc0e59fe645e1f2edcb89f75fc4e1075' │
│    2    │ 'executeBridge (Amoy)' │ '92737' │ '403920000012' │ '403.920000012' │ '37458329041112844' │ '0.037458329041112844' │    'POL'    │ '0x57ef65747e396b2e0b9b88ea7cf9b5a6dd2d5caceb9ffe7f16bf8d16abfb58a6' │
└─────────┴────────────────────────┴─────────┴────────────────┴─────────────────┴─────────────────────┴────────────────────────┴─────────────┴──────────────────────────────────────────────────────────────────────┘

💾 [LOGGER] Dados da transação salvos em: logs/testnet_logs.json
npm warn cli npm v11.13.0 does not support Node.js v18.19.1. This version of npm supports the following node versions: `^20.17.0 || >=22.9.0`. You can find the latest version at https://nodejs.org/.

[1/3] Aprovando Token na Fuji...
Aprovação concluída! Tx: 0xb618ca639f0087e5354c26ca08070243e7688358080a9600280b9466c8523ed2
Gas Used: 46318
Gas Price: 0.00000016 Gwei
Transaction Fee: 0.00000000000741088 AVAX

[2/3] Depositando Token no Notary da Fuji...
Depósito realizado! ID: 42
Gas Used: 56848
Gas Price: 0.00000016 Gwei
Transaction Fee: 0.00000000000909568 AVAX

[3/3] Nó executando a ponte na Amoy...
Execução concluída! Tx: 0x4f35724d73d9538cb41f38e492f2e2c464bfae71dda7904fcc899328ede8e6f2
Gas Used: 92737
Gas Price: 30.000000063 Gwei
Transaction Fee: 0.002782110005842431 POL
Saldo Amoy ANTES: 2.802
Saldo Amoy DEPOIS: 2.803

--- Resumo de gás (fluxo cross-chain completo) ---
┌─────────┬────────────────────────┬─────────┬───────────────┬────────────────┬────────────────────┬────────────────────────┬─────────────┬──────────────────────────────────────────────────────────────────────┐
│ (index) │          step          │ gasUsed │  gasPriceWei  │  gasPriceGwei  │ transactionFeeWei  │     transactionFee     │ nativeToken │                                txHash                                │
├─────────┼────────────────────────┼─────────┼───────────────┼────────────────┼────────────────────┼────────────────────────┼─────────────┼──────────────────────────────────────────────────────────────────────┤
│    0    │    'approve (Fuji)'    │ '46318' │     '160'     │  '0.00000016'  │     '7410880'      │ '0.00000000000741088'  │   'AVAX'    │ '0xb618ca639f0087e5354c26ca08070243e7688358080a9600280b9466c8523ed2' │
│    1    │    'deposit (Fuji)'    │ '56848' │     '160'     │  '0.00000016'  │     '9095680'      │ '0.00000000000909568'  │   'AVAX'    │ '0x7c8bf1c03886466b22a439cbaa39bdd5f36023c294a5fbb61c2139d1bb049cd5' │
│    2    │ 'executeBridge (Amoy)' │ '92737' │ '30000000063' │ '30.000000063' │ '2782110005842431' │ '0.002782110005842431' │    'POL'    │ '0x4f35724d73d9538cb41f38e492f2e2c464bfae71dda7904fcc899328ede8e6f2' │
└─────────┴────────────────────────┴─────────┴───────────────┴────────────────┴────────────────────┴────────────────────────┴─────────────┴──────────────────────────────────────────────────────────────────────┘

💾 [LOGGER] Dados da transação salvos em: logs/testnet_logs.json
npm warn cli npm v11.13.0 does not support Node.js v18.19.1. This version of npm supports the following node versions: `^20.17.0 || >=22.9.0`. You can find the latest version at https://nodejs.org/.

[1/3] Aprovando Token na Fuji...
Aprovação concluída! Tx: 0xd87856005b67cb00f3e1bc80c550a42d91ed7c4cf9692fe959d254317354ca06
Gas Used: 46318
Gas Price: 0.00000016 Gwei
Transaction Fee: 0.00000000000741088 AVAX

[2/3] Depositando Token no Notary da Fuji...
Depósito realizado! ID: 43
Gas Used: 56848
Gas Price: 0.00000016 Gwei
Transaction Fee: 0.00000000000909568 AVAX

[3/3] Nó executando a ponte na Amoy...
Execução concluída! Tx: 0xa310bf6eb25e3e60dbe4f8c11991ac3147c26b1ae34d9ea73b50049225595b7b
Gas Used: 92737
Gas Price: 30.000000063 Gwei
Transaction Fee: 0.002782110005842431 POL
Saldo Amoy ANTES: 2.802
Saldo Amoy DEPOIS: 2.803

--- Resumo de gás (fluxo cross-chain completo) ---
┌─────────┬────────────────────────┬─────────┬───────────────┬────────────────┬────────────────────┬────────────────────────┬─────────────┬──────────────────────────────────────────────────────────────────────┐
│ (index) │          step          │ gasUsed │  gasPriceWei  │  gasPriceGwei  │ transactionFeeWei  │     transactionFee     │ nativeToken │                                txHash                                │
├─────────┼────────────────────────┼─────────┼───────────────┼────────────────┼────────────────────┼────────────────────────┼─────────────┼──────────────────────────────────────────────────────────────────────┤
│    0    │    'approve (Fuji)'    │ '46318' │     '160'     │  '0.00000016'  │     '7410880'      │ '0.00000000000741088'  │   'AVAX'    │ '0xd87856005b67cb00f3e1bc80c550a42d91ed7c4cf9692fe959d254317354ca06' │
│    1    │    'deposit (Fuji)'    │ '56848' │     '160'     │  '0.00000016'  │     '9095680'      │ '0.00000000000909568'  │   'AVAX'    │ '0xc3f4977b60931d00a6c12d39c49ca34fad7f373b1467a95aabb8d0a1758d3eac' │
│    2    │ 'executeBridge (Amoy)' │ '92737' │ '30000000063' │ '30.000000063' │ '2782110005842431' │ '0.002782110005842431' │    'POL'    │ '0xa310bf6eb25e3e60dbe4f8c11991ac3147c26b1ae34d9ea73b50049225595b7b' │
└─────────┴────────────────────────┴─────────┴───────────────┴────────────────┴────────────────────┴────────────────────────┴─────────────┴──────────────────────────────────────────────────────────────────────┘

💾 [LOGGER] Dados da transação salvos em: logs/testnet_logs.json
npm warn cli npm v11.13.0 does not support Node.js v18.19.1. This version of npm supports the following node versions: `^20.17.0 || >=22.9.0`. You can find the latest version at https://nodejs.org/.

[1/3] Aprovando Token na Fuji...
Aprovação concluída! Tx: 0x51cb04661407639882515b6ce135577f6a177e663b3cef34b7fa19090766d59b
Gas Used: 46318
Gas Price: 0.00000016 Gwei
Transaction Fee: 0.00000000000741088 AVAX

[2/3] Depositando Token no Notary da Fuji...
Depósito realizado! ID: 44
Gas Used: 56848
Gas Price: 0.00000016 Gwei
Transaction Fee: 0.00000000000909568 AVAX

[3/3] Nó executando a ponte na Amoy...
Execução concluída! Tx: 0x4371495b90ed75724392c57ab6c3ec2ce4cbace2c8376265cb56c952173cd7db
Gas Used: 92737
Gas Price: 30.750000063 Gwei
Transaction Fee: 0.002851662755842431 POL
Saldo Amoy ANTES: 2.802
Saldo Amoy DEPOIS: 2.803

--- Resumo de gás (fluxo cross-chain completo) ---
┌─────────┬────────────────────────┬─────────┬───────────────┬────────────────┬────────────────────┬────────────────────────┬─────────────┬──────────────────────────────────────────────────────────────────────┐
│ (index) │          step          │ gasUsed │  gasPriceWei  │  gasPriceGwei  │ transactionFeeWei  │     transactionFee     │ nativeToken │                                txHash                                │
├─────────┼────────────────────────┼─────────┼───────────────┼────────────────┼────────────────────┼────────────────────────┼─────────────┼──────────────────────────────────────────────────────────────────────┤
│    0    │    'approve (Fuji)'    │ '46318' │     '160'     │  '0.00000016'  │     '7410880'      │ '0.00000000000741088'  │   'AVAX'    │ '0x51cb04661407639882515b6ce135577f6a177e663b3cef34b7fa19090766d59b' │
│    1    │    'deposit (Fuji)'    │ '56848' │     '160'     │  '0.00000016'  │     '9095680'      │ '0.00000000000909568'  │   'AVAX'    │ '0x2f720f3806f73ea7e6ba7d40575d4365330c45f19d58dfc007c95ac7def19c2c' │
│    2    │ 'executeBridge (Amoy)' │ '92737' │ '30750000063' │ '30.750000063' │ '2851662755842431' │ '0.002851662755842431' │    'POL'    │ '0x4371495b90ed75724392c57ab6c3ec2ce4cbace2c8376265cb56c952173cd7db' │
└─────────┴────────────────────────┴─────────┴───────────────┴────────────────┴────────────────────┴────────────────────────┴─────────────┴──────────────────────────────────────────────────────────────────────┘

💾 [LOGGER] Dados da transação salvos em: logs/testnet_logs.json
npm warn cli npm v11.13.0 does not support Node.js v18.19.1. This version of npm supports the following node versions: `^20.17.0 || >=22.9.0`. You can find the latest version at https://nodejs.org/.

[1/3] Aprovando Token na Fuji...
Aprovação concluída! Tx: 0x0a0f1adcbe265821ccd3dc049b6fc02455b4d1b057dea8363ba3ac1855a2d95e
Gas Used: 46318
Gas Price: 0.00000016 Gwei
Transaction Fee: 0.00000000000741088 AVAX

[2/3] Depositando Token no Notary da Fuji...
Depósito realizado! ID: 45
Gas Used: 56848
Gas Price: 0.00000016 Gwei
Transaction Fee: 0.00000000000909568 AVAX

[3/3] Nó executando a ponte na Amoy...
Execução concluída! Tx: 0x9573cb201388b9b8178dae2ecd8da81f85b68f21ee6529812479e63ea3543868
Gas Used: 92737
Gas Price: 30.000000063 Gwei
Transaction Fee: 0.002782110005842431 POL
Saldo Amoy ANTES: 2.802
Saldo Amoy DEPOIS: 2.803

--- Resumo de gás (fluxo cross-chain completo) ---
┌─────────┬────────────────────────┬─────────┬───────────────┬────────────────┬────────────────────┬────────────────────────┬─────────────┬──────────────────────────────────────────────────────────────────────┐
│ (index) │          step          │ gasUsed │  gasPriceWei  │  gasPriceGwei  │ transactionFeeWei  │     transactionFee     │ nativeToken │                                txHash                                │
├─────────┼────────────────────────┼─────────┼───────────────┼────────────────┼────────────────────┼────────────────────────┼─────────────┼──────────────────────────────────────────────────────────────────────┤
│    0    │    'approve (Fuji)'    │ '46318' │     '160'     │  '0.00000016'  │     '7410880'      │ '0.00000000000741088'  │   'AVAX'    │ '0x0a0f1adcbe265821ccd3dc049b6fc02455b4d1b057dea8363ba3ac1855a2d95e' │
│    1    │    'deposit (Fuji)'    │ '56848' │     '160'     │  '0.00000016'  │     '9095680'      │ '0.00000000000909568'  │   'AVAX'    │ '0xa811cfa3b93f50a3d0197ab19c28a40bcd289ce351699fe8c5ba47a8acc7d896' │
│    2    │ 'executeBridge (Amoy)' │ '92737' │ '30000000063' │ '30.000000063' │ '2782110005842431' │ '0.002782110005842431' │    'POL'    │ '0x9573cb201388b9b8178dae2ecd8da81f85b68f21ee6529812479e63ea3543868' │
└─────────┴────────────────────────┴─────────┴───────────────┴────────────────┴────────────────────┴────────────────────────┴─────────────┴──────────────────────────────────────────────────────────────────────┘

💾 [LOGGER] Dados da transação salvos em: logs/testnet_logs.json
npm warn cli npm v11.13.0 does not support Node.js v18.19.1. This version of npm supports the following node versions: `^20.17.0 || >=22.9.0`. You can find the latest version at https://nodejs.org/.

[1/3] Aprovando Token na Fuji...
Aprovação concluída! Tx: 0x233eba9a4990c232d3f304428e67584e1dd5b6ec00fb7aafb752c5748b3d7d09
Gas Used: 46318
Gas Price: 0.00000016 Gwei
Transaction Fee: 0.00000000000741088 AVAX

[2/3] Depositando Token no Notary da Fuji...
Depósito realizado! ID: 46
Gas Used: 56848
Gas Price: 0.00000016 Gwei
Transaction Fee: 0.00000000000909568 AVAX

[3/3] Nó executando a ponte na Amoy...
Execução concluída! Tx: 0x56a482186ecadb305b54736d991f4b5dd29dfcc62965cfe129440ddff1345ddc
Gas Used: 92737
Gas Price: 30.000000063 Gwei
Transaction Fee: 0.002782110005842431 POL
Saldo Amoy ANTES: 2.802
Saldo Amoy DEPOIS: 2.802

--- Resumo de gás (fluxo cross-chain completo) ---
┌─────────┬────────────────────────┬─────────┬───────────────┬────────────────┬────────────────────┬────────────────────────┬─────────────┬──────────────────────────────────────────────────────────────────────┐
│ (index) │          step          │ gasUsed │  gasPriceWei  │  gasPriceGwei  │ transactionFeeWei  │     transactionFee     │ nativeToken │                                txHash                                │
├─────────┼────────────────────────┼─────────┼───────────────┼────────────────┼────────────────────┼────────────────────────┼─────────────┼──────────────────────────────────────────────────────────────────────┤
│    0    │    'approve (Fuji)'    │ '46318' │     '160'     │  '0.00000016'  │     '7410880'      │ '0.00000000000741088'  │   'AVAX'    │ '0x233eba9a4990c232d3f304428e67584e1dd5b6ec00fb7aafb752c5748b3d7d09' │
│    1    │    'deposit (Fuji)'    │ '56848' │     '160'     │  '0.00000016'  │     '9095680'      │ '0.00000000000909568'  │   'AVAX'    │ '0x7eaa4e548bb98758ebd0ab40647b571ddd5ed540ab4b7d08391eb41b31277753' │
│    2    │ 'executeBridge (Amoy)' │ '92737' │ '30000000063' │ '30.000000063' │ '2782110005842431' │ '0.002782110005842431' │    'POL'    │ '0x56a482186ecadb305b54736d991f4b5dd29dfcc62965cfe129440ddff1345ddc' │
└─────────┴────────────────────────┴─────────┴───────────────┴────────────────┴────────────────────┴────────────────────────┴─────────────┴──────────────────────────────────────────────────────────────────────┘

💾 [LOGGER] Dados da transação salvos em: logs/testnet_logs.json
npm warn cli npm v11.13.0 does not support Node.js v18.19.1. This version of npm supports the following node versions: `^20.17.0 || >=22.9.0`. You can find the latest version at https://nodejs.org/.

[1/3] Aprovando Token na Fuji...
Aprovação concluída! Tx: 0x3ddf0433052693884447196fda771540d23bfc71a859e7930c699b97cf1d1210
Gas Used: 46318
Gas Price: 0.00000016 Gwei
Transaction Fee: 0.00000000000741088 AVAX

[2/3] Depositando Token no Notary da Fuji...
Depósito realizado! ID: 47
Gas Used: 56848
Gas Price: 0.00000016 Gwei
Transaction Fee: 0.00000000000909568 AVAX

[3/3] Nó executando a ponte na Amoy...
Execução concluída! Tx: 0xfd969670dfae09fd33800e5f4f0c0d59f882dd3bf8f99a169091200b422c662a
Gas Used: 92737
Gas Price: 60.000000063 Gwei
Transaction Fee: 0.005564220005842431 POL
Saldo Amoy ANTES: 2.802
Saldo Amoy DEPOIS: 2.802

--- Resumo de gás (fluxo cross-chain completo) ---
┌─────────┬────────────────────────┬─────────┬───────────────┬────────────────┬────────────────────┬────────────────────────┬─────────────┬──────────────────────────────────────────────────────────────────────┐
│ (index) │          step          │ gasUsed │  gasPriceWei  │  gasPriceGwei  │ transactionFeeWei  │     transactionFee     │ nativeToken │                                txHash                                │
├─────────┼────────────────────────┼─────────┼───────────────┼────────────────┼────────────────────┼────────────────────────┼─────────────┼──────────────────────────────────────────────────────────────────────┤
│    0    │    'approve (Fuji)'    │ '46318' │     '160'     │  '0.00000016'  │     '7410880'      │ '0.00000000000741088'  │   'AVAX'    │ '0x3ddf0433052693884447196fda771540d23bfc71a859e7930c699b97cf1d1210' │
│    1    │    'deposit (Fuji)'    │ '56848' │     '160'     │  '0.00000016'  │     '9095680'      │ '0.00000000000909568'  │   'AVAX'    │ '0x57f7736a5adfd9aec8c42075dcec61f7e57f9ffefc22f35e2aa00bd1be5c443f' │
│    2    │ 'executeBridge (Amoy)' │ '92737' │ '60000000063' │ '60.000000063' │ '5564220005842431' │ '0.005564220005842431' │    'POL'    │ '0xfd969670dfae09fd33800e5f4f0c0d59f882dd3bf8f99a169091200b422c662a' │
└─────────┴────────────────────────┴─────────┴───────────────┴────────────────┴────────────────────┴────────────────────────┴─────────────┴──────────────────────────────────────────────────────────────────────┘

💾 [LOGGER] Dados da transação salvos em: logs/testnet_logs.json
npm warn cli npm v11.13.0 does not support Node.js v18.19.1. This version of npm supports the following node versions: `^20.17.0 || >=22.9.0`. You can find the latest version at https://nodejs.org/.

[1/3] Aprovando Token na Fuji...
Aprovação concluída! Tx: 0x7fabdd9d214de1d86e5e4a6249a543477b189e091d13307b5a88b28f7c3a6cbc
Gas Used: 46318
Gas Price: 0.00000016 Gwei
Transaction Fee: 0.00000000000741088 AVAX

[2/3] Depositando Token no Notary da Fuji...
Depósito realizado! ID: 48
Gas Used: 56848
Gas Price: 0.00000016 Gwei
Transaction Fee: 0.00000000000909568 AVAX

[3/3] Nó executando a ponte na Amoy...
Execução concluída! Tx: 0x76939998332a139dba5436d6a97366076718143744525eddeb67ea299492c515
Gas Used: 92737
Gas Price: 55.137500125 Gwei
Transaction Fee: 0.005113286349092125 POL
Saldo Amoy ANTES: 2.802
Saldo Amoy DEPOIS: 2.803

--- Resumo de gás (fluxo cross-chain completo) ---
┌─────────┬────────────────────────┬─────────┬───────────────┬────────────────┬────────────────────┬────────────────────────┬─────────────┬──────────────────────────────────────────────────────────────────────┐
│ (index) │          step          │ gasUsed │  gasPriceWei  │  gasPriceGwei  │ transactionFeeWei  │     transactionFee     │ nativeToken │                                txHash                                │
├─────────┼────────────────────────┼─────────┼───────────────┼────────────────┼────────────────────┼────────────────────────┼─────────────┼──────────────────────────────────────────────────────────────────────┤
│    0    │    'approve (Fuji)'    │ '46318' │     '160'     │  '0.00000016'  │     '7410880'      │ '0.00000000000741088'  │   'AVAX'    │ '0x7fabdd9d214de1d86e5e4a6249a543477b189e091d13307b5a88b28f7c3a6cbc' │
│    1    │    'deposit (Fuji)'    │ '56848' │     '160'     │  '0.00000016'  │     '9095680'      │ '0.00000000000909568'  │   'AVAX'    │ '0xa87ba036a8182d335b4013c36f766e1d793533b0b144462b5ba9753754c991a3' │
│    2    │ 'executeBridge (Amoy)' │ '92737' │ '55137500125' │ '55.137500125' │ '5113286349092125' │ '0.005113286349092125' │    'POL'    │ '0x76939998332a139dba5436d6a97366076718143744525eddeb67ea299492c515' │
└─────────┴────────────────────────┴─────────┴───────────────┴────────────────┴────────────────────┴────────────────────────┴─────────────┴──────────────────────────────────────────────────────────────────────┘

💾 [LOGGER] Dados da transação salvos em: logs/testnet_logs.json
npm warn cli npm v11.13.0 does not support Node.js v18.19.1. This version of npm supports the following node versions: `^20.17.0 || >=22.9.0`. You can find the latest version at https://nodejs.org/.

[1/3] Aprovando Token na Fuji...
Aprovação concluída! Tx: 0x9ff87190ab0f9f9016411ade917643d0bdc6e130e859faa00bae260ae1687cbe
Gas Used: 46318
Gas Price: 0.00000016 Gwei
Transaction Fee: 0.00000000000741088 AVAX

[2/3] Depositando Token no Notary da Fuji...
Depósito realizado! ID: 49
Gas Used: 56848
Gas Price: 0.00000016 Gwei
Transaction Fee: 0.00000000000909568 AVAX

[3/3] Nó executando a ponte na Amoy...
Execução concluída! Tx: 0x57f377a99a75d70a078633d4afcaf0c5df4226ed71f3431199b414d2014114e9
Gas Used: 92737
Gas Price: 51.875000031 Gwei
Transaction Fee: 0.004810731877874847 POL
Saldo Amoy ANTES: 2.802
Saldo Amoy DEPOIS: 2.803

--- Resumo de gás (fluxo cross-chain completo) ---
┌─────────┬────────────────────────┬─────────┬───────────────┬────────────────┬────────────────────┬────────────────────────┬─────────────┬──────────────────────────────────────────────────────────────────────┐
│ (index) │          step          │ gasUsed │  gasPriceWei  │  gasPriceGwei  │ transactionFeeWei  │     transactionFee     │ nativeToken │                                txHash                                │
├─────────┼────────────────────────┼─────────┼───────────────┼────────────────┼────────────────────┼────────────────────────┼─────────────┼──────────────────────────────────────────────────────────────────────┤
│    0    │    'approve (Fuji)'    │ '46318' │     '160'     │  '0.00000016'  │     '7410880'      │ '0.00000000000741088'  │   'AVAX'    │ '0x9ff87190ab0f9f9016411ade917643d0bdc6e130e859faa00bae260ae1687cbe' │
│    1    │    'deposit (Fuji)'    │ '56848' │     '160'     │  '0.00000016'  │     '9095680'      │ '0.00000000000909568'  │   'AVAX'    │ '0xf446e10d1b82700919827e9fe9ac41903698a22148ffaf3bd8bcf8e690e9ecf4' │
│    2    │ 'executeBridge (Amoy)' │ '92737' │ '51875000031' │ '51.875000031' │ '4810731877874847' │ '0.004810731877874847' │    'POL'    │ '0x57f377a99a75d70a078633d4afcaf0c5df4226ed71f3431199b414d2014114e9' │
└─────────┴────────────────────────┴─────────┴───────────────┴────────────────┴────────────────────┴────────────────────────┴─────────────┴──────────────────────────────────────────────────────────────────────┘

💾 [LOGGER] Dados da transação salvos em: logs/testnet_logs.json
npm warn cli npm v11.13.0 does not support Node.js v18.19.1. This version of npm supports the following node versions: `^20.17.0 || >=22.9.0`. You can find the latest version at https://nodejs.org/.

[1/3] Aprovando Token na Fuji...
Aprovação concluída! Tx: 0x413a67b6f3c3f60aeaf2a78af7c6a2f8721038430ae7c873ba17aa0a17f00eaa
Gas Used: 46318
Gas Price: 0.00000016 Gwei
Transaction Fee: 0.00000000000741088 AVAX

[2/3] Depositando Token no Notary da Fuji...
Depósito realizado! ID: 50
Gas Used: 56848
Gas Price: 0.00000016 Gwei
Transaction Fee: 0.00000000000909568 AVAX

[3/3] Nó executando a ponte na Amoy...
Execução concluída! Tx: 0x5a581c19cf0eb0b65617301bf58a670d6ac89cea896b7a395345ae68246ef1a7
Gas Used: 92737
Gas Price: 30.000000063 Gwei
Transaction Fee: 0.002782110005842431 POL
Saldo Amoy ANTES: 2.802
Saldo Amoy DEPOIS: 2.802

--- Resumo de gás (fluxo cross-chain completo) ---
┌─────────┬────────────────────────┬─────────┬───────────────┬────────────────┬────────────────────┬────────────────────────┬─────────────┬──────────────────────────────────────────────────────────────────────┐
│ (index) │          step          │ gasUsed │  gasPriceWei  │  gasPriceGwei  │ transactionFeeWei  │     transactionFee     │ nativeToken │                                txHash                                │
├─────────┼────────────────────────┼─────────┼───────────────┼────────────────┼────────────────────┼────────────────────────┼─────────────┼──────────────────────────────────────────────────────────────────────┤
│    0    │    'approve (Fuji)'    │ '46318' │     '160'     │  '0.00000016'  │     '7410880'      │ '0.00000000000741088'  │   'AVAX'    │ '0x413a67b6f3c3f60aeaf2a78af7c6a2f8721038430ae7c873ba17aa0a17f00eaa' │
│    1    │    'deposit (Fuji)'    │ '56848' │     '160'     │  '0.00000016'  │     '9095680'      │ '0.00000000000909568'  │   'AVAX'    │ '0xf570105e53d98904189e24c408453c68778e97ac92a3921ca1c5b750fdf947a4' │
│    2    │ 'executeBridge (Amoy)' │ '92737' │ '30000000063' │ '30.000000063' │ '2782110005842431' │ '0.002782110005842431' │    'POL'    │ '0x5a581c19cf0eb0b65617301bf58a670d6ac89cea896b7a395345ae68246ef1a7' │
└─────────┴────────────────────────┴─────────┴───────────────┴────────────────┴────────────────────┴────────────────────────┴─────────────┴──────────────────────────────────────────────────────────────────────┘

💾 [LOGGER] Dados da transação salvos em: logs/testnet_logs.json
npm warn cli npm v11.13.0 does not support Node.js v18.19.1. This version of npm supports the following node versions: `^20.17.0 || >=22.9.0`. You can find the latest version at https://nodejs.org/.

[1/3] Aprovando Token na Fuji...
Aprovação concluída! Tx: 0x842b4d0688a37805cf2952de0e4c33e0aefa4bb8e4f8db874428ae172e78a3f5
Gas Used: 46318
Gas Price: 0.00000016 Gwei
Transaction Fee: 0.00000000000741088 AVAX

[2/3] Depositando Token no Notary da Fuji...
Depósito realizado! ID: 51
Gas Used: 56848
Gas Price: 0.00000016 Gwei
Transaction Fee: 0.00000000000909568 AVAX

[3/3] Nó executando a ponte na Amoy...
Execução concluída! Tx: 0x8767f7d647cc56a1fb9e36208b5768d21eaba82ed0fb563990baac3d99ba0459
Gas Used: 92737
Gas Price: 32.000000063 Gwei
Transaction Fee: 0.002967584005842431 POL
Saldo Amoy ANTES: 2.802
Saldo Amoy DEPOIS: 2.803

--- Resumo de gás (fluxo cross-chain completo) ---
┌─────────┬────────────────────────┬─────────┬───────────────┬────────────────┬────────────────────┬────────────────────────┬─────────────┬──────────────────────────────────────────────────────────────────────┐
│ (index) │          step          │ gasUsed │  gasPriceWei  │  gasPriceGwei  │ transactionFeeWei  │     transactionFee     │ nativeToken │                                txHash                                │
├─────────┼────────────────────────┼─────────┼───────────────┼────────────────┼────────────────────┼────────────────────────┼─────────────┼──────────────────────────────────────────────────────────────────────┤
│    0    │    'approve (Fuji)'    │ '46318' │     '160'     │  '0.00000016'  │     '7410880'      │ '0.00000000000741088'  │   'AVAX'    │ '0x842b4d0688a37805cf2952de0e4c33e0aefa4bb8e4f8db874428ae172e78a3f5' │
│    1    │    'deposit (Fuji)'    │ '56848' │     '160'     │  '0.00000016'  │     '9095680'      │ '0.00000000000909568'  │   'AVAX'    │ '0xedb88f974b489f87a301a555673adc4bc4c2f21873534e5ca81769bf2e4fbaa7' │
│    2    │ 'executeBridge (Amoy)' │ '92737' │ '32000000063' │ '32.000000063' │ '2967584005842431' │ '0.002967584005842431' │    'POL'    │ '0x8767f7d647cc56a1fb9e36208b5768d21eaba82ed0fb563990baac3d99ba0459' │
└─────────┴────────────────────────┴─────────┴───────────────┴────────────────┴────────────────────┴────────────────────────┴─────────────┴──────────────────────────────────────────────────────────────────────┘

💾 [LOGGER] Dados da transação salvos em: logs/testnet_logs.json
npm warn cli npm v11.13.0 does not support Node.js v18.19.1. This version of npm supports the following node versions: `^20.17.0 || >=22.9.0`. You can find the latest version at https://nodejs.org/.

[1/3] Aprovando Token na Fuji...
Aprovação concluída! Tx: 0xa0d076c7f22aa2f27b32d9e2a0e81fe1e477017fecc60bf3860f4ab0e17162d5
Gas Used: 46318
Gas Price: 0.00000016 Gwei
Transaction Fee: 0.00000000000741088 AVAX

[2/3] Depositando Token no Notary da Fuji...
Depósito realizado! ID: 52
Gas Used: 56848
Gas Price: 0.00000016 Gwei
Transaction Fee: 0.00000000000909568 AVAX

[3/3] Nó executando a ponte na Amoy...
Execução concluída! Tx: 0xefb59d07fdebc55105261003cb3d6f6e859dd92f5493588a94031c7b63f1a711
Gas Used: 92737
Gas Price: 66.423591864 Gwei
Transaction Fee: 0.006159924638691768 POL
Saldo Amoy ANTES: 2.802
Saldo Amoy DEPOIS: 2.803

--- Resumo de gás (fluxo cross-chain completo) ---
┌─────────┬────────────────────────┬─────────┬───────────────┬────────────────┬────────────────────┬────────────────────────┬─────────────┬──────────────────────────────────────────────────────────────────────┐
│ (index) │          step          │ gasUsed │  gasPriceWei  │  gasPriceGwei  │ transactionFeeWei  │     transactionFee     │ nativeToken │                                txHash                                │
├─────────┼────────────────────────┼─────────┼───────────────┼────────────────┼────────────────────┼────────────────────────┼─────────────┼──────────────────────────────────────────────────────────────────────┤
│    0    │    'approve (Fuji)'    │ '46318' │     '160'     │  '0.00000016'  │     '7410880'      │ '0.00000000000741088'  │   'AVAX'    │ '0xa0d076c7f22aa2f27b32d9e2a0e81fe1e477017fecc60bf3860f4ab0e17162d5' │
│    1    │    'deposit (Fuji)'    │ '56848' │     '160'     │  '0.00000016'  │     '9095680'      │ '0.00000000000909568'  │   'AVAX'    │ '0xe6ccaeaaaf5d8161194f484cf238b72cc541840fa737c695fd8f8efeea342272' │
│    2    │ 'executeBridge (Amoy)' │ '92737' │ '66423591864' │ '66.423591864' │ '6159924638691768' │ '0.006159924638691768' │    'POL'    │ '0xefb59d07fdebc55105261003cb3d6f6e859dd92f5493588a94031c7b63f1a711' │
└─────────┴────────────────────────┴─────────┴───────────────┴────────────────┴────────────────────┴────────────────────────┴─────────────┴──────────────────────────────────────────────────────────────────────┘

💾 [LOGGER] Dados da transação salvos em: logs/testnet_logs.json
npm warn cli npm v11.13.0 does not support Node.js v18.19.1. This version of npm supports the following node versions: `^20.17.0 || >=22.9.0`. You can find the latest version at https://nodejs.org/.

[1/3] Aprovando Token na Fuji...
Aprovação concluída! Tx: 0xa8be926b060e92d55e12fcd549e0b7d17edfdd7666ebbbd254026acf724cee0f
Gas Used: 46318
Gas Price: 0.00000016 Gwei
Transaction Fee: 0.00000000000741088 AVAX

[2/3] Depositando Token no Notary da Fuji...
Depósito realizado! ID: 53
Gas Used: 56848
Gas Price: 0.00000016 Gwei
Transaction Fee: 0.00000000000909568 AVAX

[3/3] Nó executando a ponte na Amoy...
Execução concluída! Tx: 0x006585ab3e05f51d2c837150b68f4d4580ea9fe04aade90bf5b33fc8277b3a15
Gas Used: 92737
Gas Price: 299.387655354 Gwei
Transaction Fee: 0.027764312994563898 POL
Saldo Amoy ANTES: 2.802
Saldo Amoy DEPOIS: 2.802

--- Resumo de gás (fluxo cross-chain completo) ---
┌─────────┬────────────────────────┬─────────┬────────────────┬─────────────────┬─────────────────────┬────────────────────────┬─────────────┬──────────────────────────────────────────────────────────────────────┐
│ (index) │          step          │ gasUsed │  gasPriceWei   │  gasPriceGwei   │  transactionFeeWei  │     transactionFee     │ nativeToken │                                txHash                                │
├─────────┼────────────────────────┼─────────┼────────────────┼─────────────────┼─────────────────────┼────────────────────────┼─────────────┼──────────────────────────────────────────────────────────────────────┤
│    0    │    'approve (Fuji)'    │ '46318' │     '160'      │  '0.00000016'   │      '7410880'      │ '0.00000000000741088'  │   'AVAX'    │ '0xa8be926b060e92d55e12fcd549e0b7d17edfdd7666ebbbd254026acf724cee0f' │
│    1    │    'deposit (Fuji)'    │ '56848' │     '160'      │  '0.00000016'   │      '9095680'      │ '0.00000000000909568'  │   'AVAX'    │ '0x28a93db2780c9dfa556bdff44b82bbeced958da71b1d33907320d6b0cf479a35' │
│    2    │ 'executeBridge (Amoy)' │ '92737' │ '299387655354' │ '299.387655354' │ '27764312994563898' │ '0.027764312994563898' │    'POL'    │ '0x006585ab3e05f51d2c837150b68f4d4580ea9fe04aade90bf5b33fc8277b3a15' │
└─────────┴────────────────────────┴─────────┴────────────────┴─────────────────┴─────────────────────┴────────────────────────┴─────────────┴──────────────────────────────────────────────────────────────────────┘


💾 [LOGGER] Dados da transação salvos em: logs/testnet_logs.json
npm warn cli npm v11.13.0 does not support Node.js v18.19.1. This version of npm supports the following node versions: `^20.17.0 || >=22.9.0`. You can find the latest version at https://nodejs.org/.

[1/3] Aprovando Token na Fuji...
Aprovação concluída! Tx: 0xeab7f4c015be6720083f6551c48cd882d2adab547ebb69c1aeef7166a0fe386c
Gas Used: 46318
Gas Price: 0.00000016 Gwei
Transaction Fee: 0.00000000000741088 AVAX

[2/3] Depositando Token no Notary da Fuji...
Depósito realizado! ID: 54
Gas Used: 56848
Gas Price: 0.00000016 Gwei
Transaction Fee: 0.00000000000909568 AVAX

[3/3] Nó executando a ponte na Amoy...
Execução concluída! Tx: 0x677f91a6d007cc97bfd16c781a0910aa416161240b52b7867c99f41fe61600ca
Gas Used: 92737
Gas Price: 30.000000063 Gwei
Transaction Fee: 0.002782110005842431 POL
Saldo Amoy ANTES: 2.802
Saldo Amoy DEPOIS: 2.802

--- Resumo de gás (fluxo cross-chain completo) ---
┌─────────┬────────────────────────┬─────────┬───────────────┬────────────────┬────────────────────┬────────────────────────┬─────────────┬──────────────────────────────────────────────────────────────────────┐
│ (index) │          step          │ gasUsed │  gasPriceWei  │  gasPriceGwei  │ transactionFeeWei  │     transactionFee     │ nativeToken │                                txHash                                │
├─────────┼────────────────────────┼─────────┼───────────────┼────────────────┼────────────────────┼────────────────────────┼─────────────┼──────────────────────────────────────────────────────────────────────┤
│    0    │    'approve (Fuji)'    │ '46318' │     '160'     │  '0.00000016'  │     '7410880'      │ '0.00000000000741088'  │   'AVAX'    │ '0xeab7f4c015be6720083f6551c48cd882d2adab547ebb69c1aeef7166a0fe386c' │
│    1    │    'deposit (Fuji)'    │ '56848' │     '160'     │  '0.00000016'  │     '9095680'      │ '0.00000000000909568'  │   'AVAX'    │ '0x39d65f827c878245eb9acd358348859df97bf9482ce75cf82f7129f44e43a306' │
│    2    │ 'executeBridge (Amoy)' │ '92737' │ '30000000063' │ '30.000000063' │ '2782110005842431' │ '0.002782110005842431' │    'POL'    │ '0x677f91a6d007cc97bfd16c781a0910aa416161240b52b7867c99f41fe61600ca' │
└─────────┴────────────────────────┴─────────┴───────────────┴────────────────┴────────────────────┴────────────────────────┴─────────────┴──────────────────────────────────────────────────────────────────────┘
//atrasado
💾 [LOGGER] Dados da transação salvos em: logs/testnet_logs.json
npm warn cli npm v11.13.0 does not support Node.js v18.19.1. This version of npm supports the following node versions: `^20.17.0 || >=22.9.0`. You can find the latest version at https://nodejs.org/.

[1/3] Aprovando Token na Fuji...
Aprovação concluída! Tx: 0x4eefd5eeb2b74087ffbf4a1ce305473b71e5c2a8932f65ac669ed997c0002b28
Gas Used: 46318
Gas Price: 0.00000016 Gwei
Transaction Fee: 0.00000000000741088 AVAX

[2/3] Depositando Token no Notary da Fuji...
Depósito realizado! ID: 55
Gas Used: 56848
Gas Price: 0.00000016 Gwei
Transaction Fee: 0.00000000000909568 AVAX

[3/3] Nó executando a ponte na Amoy...
Execução concluída! Tx: 0xc9094d0cd33dd1a199b898918cc30af4b83a93ddd23a18e108f5d3f48026ad2e
Gas Used: 92737
Gas Price: 56.250000015 Gwei
Transaction Fee: 0.005216456251391055 POL
Saldo Amoy ANTES: 2.802
Saldo Amoy DEPOIS: 2.803

--- Resumo de gás (fluxo cross-chain completo) ---
┌─────────┬────────────────────────┬─────────┬───────────────┬────────────────┬────────────────────┬────────────────────────┬─────────────┬──────────────────────────────────────────────────────────────────────┐
│ (index) │          step          │ gasUsed │  gasPriceWei  │  gasPriceGwei  │ transactionFeeWei  │     transactionFee     │ nativeToken │                                txHash                                │
├─────────┼────────────────────────┼─────────┼───────────────┼────────────────┼────────────────────┼────────────────────────┼─────────────┼──────────────────────────────────────────────────────────────────────┤
│    0    │    'approve (Fuji)'    │ '46318' │     '160'     │  '0.00000016'  │     '7410880'      │ '0.00000000000741088'  │   'AVAX'    │ '0x4eefd5eeb2b74087ffbf4a1ce305473b71e5c2a8932f65ac669ed997c0002b28' │
│    1    │    'deposit (Fuji)'    │ '56848' │     '160'     │  '0.00000016'  │     '9095680'      │ '0.00000000000909568'  │   'AVAX'    │ '0x91e8e6d5d2f2ed07f26a853826160d32b240cfdafcacea8fc0ad6aa5334886d0' │
│    2    │ 'executeBridge (Amoy)' │ '92737' │ '56250000015' │ '56.250000015' │ '5216456251391055' │ '0.005216456251391055' │    'POL'    │ '0xc9094d0cd33dd1a199b898918cc30af4b83a93ddd23a18e108f5d3f48026ad2e' │
└─────────┴────────────────────────┴─────────┴───────────────┴────────────────┴────────────────────┴────────────────────────┴─────────────┴──────────────────────────────────────────────────────────────────────┘

💾 [LOGGER] Dados da transação salvos em: logs/testnet_logs.json
npm warn cli npm v11.13.0 does not support Node.js v18.19.1. This version of npm supports the following node versions: `^20.17.0 || >=22.9.0`. You can find the latest version at https://nodejs.org/.

[1/3] Aprovando Token na Fuji...
Aprovação concluída! Tx: 0xd697d05ad4097ba14210555bc9e6bcae857f7309a2c727d758791e34a0f0b0ca
Gas Used: 46318
Gas Price: 0.00000016 Gwei
Transaction Fee: 0.00000000000741088 AVAX

[2/3] Depositando Token no Notary da Fuji...
Depósito realizado! ID: 56
Gas Used: 56848
Gas Price: 0.00000016 Gwei
Transaction Fee: 0.00000000000909568 AVAX

[3/3] Nó executando a ponte na Amoy...
Error: execution reverted (unknown custom error) (action="estimateGas", data="0x0f2e5b6c", reason=null, transaction={ "data": "0xdd0398f2000000000000000000000000000000000000000000000000000000000000a8690000000000000000000000000000000000000000000000000000000000000038000000000000000000000000cab0ef91bee323d1a617c0a027ee753afd6997e40000000000000000000000009519d6907a1d682555ccad7d4d4405ff27b874e400000000000000000000000000000000000000000000000000038d7ea4c68000", "from": "0x9519D6907a1d682555Ccad7d4D4405fF27B874e4", "to": "0xE5E932587bc1bE6BD7b0c0fA65c64038C7a08BC8" }, invocation=null, revert=null, code=CALL_EXCEPTION, version=6.14.3)
    at makeError (/home/josecarlos/codigos/Notary-Mechanism/node_modules/ethers/src.ts/utils/errors.ts:698:21)
    at getBuiltinCallException (/home/josecarlos/codigos/Notary-Mechanism/node_modules/ethers/src.ts/abi/abi-coder.ts:118:21)
    at Function.getBuiltinCallException (/home/josecarlos/codigos/Notary-Mechanism/node_modules/ethers/src.ts/abi/abi-coder.ts:235:16)
    at JsonRpcProvider.getRpcError (/home/josecarlos/codigos/Notary-Mechanism/node_modules/ethers/src.ts/providers/provider-jsonrpc.ts:1016:32)
    at /home/josecarlos/codigos/Notary-Mechanism/node_modules/ethers/src.ts/providers/provider-jsonrpc.ts:571:45
    at processTicksAndRejections (node:internal/process/task_queues:95:5) {
  code: 'CALL_EXCEPTION',
  action: 'estimateGas',
  data: '0x0f2e5b6c',
  reason: null,
  transaction: {
    to: '0xE5E932587bc1bE6BD7b0c0fA65c64038C7a08BC8',
    data: '0xdd0398f2000000000000000000000000000000000000000000000000000000000000a8690000000000000000000000000000000000000000000000000000000000000038000000000000000000000000cab0ef91bee323d1a617c0a027ee753afd6997e40000000000000000000000009519d6907a1d682555ccad7d4d4405ff27b874e400000000000000000000000000000000000000000000000000038d7ea4c68000',
    from: '0x9519D6907a1d682555Ccad7d4D4405fF27B874e4'
  },
  invocation: null,
  revert: null,
  shortMessage: 'execution reverted (unknown custom error)',
  info: {
    error: { code: 3, message: 'execution reverted', data: '0x0f2e5b6c' },
    payload: {
      method: 'eth_estimateGas',
      params: [Array],
      id: 7,
      jsonrpc: '2.0'
    }
  }
}
npm warn cli npm v11.13.0 does not support Node.js v18.19.1. This version of npm supports the following node versions: `^20.17.0 || >=22.9.0`. You can find the latest version at https://nodejs.org/.

[1/3] Aprovando Token na Fuji...
Aprovação concluída! Tx: 0xa7fc69090b6f039d232e43262025f2e1d7f402d841c9e8a046e95b5ef772b793
Gas Used: 46318
Gas Price: 0.00000016 Gwei
Transaction Fee: 0.00000000000741088 AVAX

[2/3] Depositando Token no Notary da Fuji...
Depósito realizado! ID: 57
Gas Used: 56848
Gas Price: 0.00000016 Gwei
Transaction Fee: 0.00000000000909568 AVAX

[3/3] Nó executando a ponte na Amoy...
Execução concluída! Tx: 0x617247e1462dc0c3bd2cd6f4f7dc1422eac58430e9a3f726469937df373c6ffd
Gas Used: 92737
Gas Price: 56.250000015 Gwei
Transaction Fee: 0.005216456251391055 POL
Saldo Amoy ANTES: 2.801
Saldo Amoy DEPOIS: 2.802

--- Resumo de gás (fluxo cross-chain completo) ---
┌─────────┬────────────────────────┬─────────┬───────────────┬────────────────┬────────────────────┬────────────────────────┬─────────────┬──────────────────────────────────────────────────────────────────────┐
│ (index) │          step          │ gasUsed │  gasPriceWei  │  gasPriceGwei  │ transactionFeeWei  │     transactionFee     │ nativeToken │                                txHash                                │
├─────────┼────────────────────────┼─────────┼───────────────┼────────────────┼────────────────────┼────────────────────────┼─────────────┼──────────────────────────────────────────────────────────────────────┤
│    0    │    'approve (Fuji)'    │ '46318' │     '160'     │  '0.00000016'  │     '7410880'      │ '0.00000000000741088'  │   'AVAX'    │ '0xa7fc69090b6f039d232e43262025f2e1d7f402d841c9e8a046e95b5ef772b793' │
│    1    │    'deposit (Fuji)'    │ '56848' │     '160'     │  '0.00000016'  │     '9095680'      │ '0.00000000000909568'  │   'AVAX'    │ '0xdbb10679f8dc13c115a8a4208ef80db407b342d3b19871b3c67c76e1cc69dc85' │
│    2    │ 'executeBridge (Amoy)' │ '92737' │ '56250000015' │ '56.250000015' │ '5216456251391055' │ '0.005216456251391055' │    'POL'    │ '0x617247e1462dc0c3bd2cd6f4f7dc1422eac58430e9a3f726469937df373c6ffd' │
└─────────┴────────────────────────┴─────────┴───────────────┴────────────────┴────────────────────┴────────────────────────┴─────────────┴──────────────────────────────────────────────────────────────────────┘

💾 [LOGGER] Dados da transação salvos em: logs/testnet_logs.json
npm warn cli npm v11.13.0 does not support Node.js v18.19.1. This version of npm supports the following node versions: `^20.17.0 || >=22.9.0`. You can find the latest version at https://nodejs.org/.

[1/3] Aprovando Token na Fuji...
Aprovação concluída! Tx: 0x87f4396c475e40d58bf3f8ff7372e1afc89177fb95d82c5fdf1be29578efbcc0
Gas Used: 46318
Gas Price: 0.00000016 Gwei
Transaction Fee: 0.00000000000741088 AVAX

[2/3] Depositando Token no Notary da Fuji...
Depósito realizado! ID: 58
Gas Used: 56848
Gas Price: 0.00000016 Gwei
Transaction Fee: 0.00000000000909568 AVAX

[3/3] Nó executando a ponte na Amoy...
Execução concluída! Tx: 0xb3acd91007f8d0fad00d352e1a36181243bdebf0d00f7600d83325fa252ccc9b
Gas Used: 92737
Gas Price: 56.250000078 Gwei
Transaction Fee: 0.005216456257233486 POL
Saldo Amoy ANTES: 2.801
Saldo Amoy DEPOIS: 2.802

--- Resumo de gás (fluxo cross-chain completo) ---
┌─────────┬────────────────────────┬─────────┬───────────────┬────────────────┬────────────────────┬────────────────────────┬─────────────┬──────────────────────────────────────────────────────────────────────┐
│ (index) │          step          │ gasUsed │  gasPriceWei  │  gasPriceGwei  │ transactionFeeWei  │     transactionFee     │ nativeToken │                                txHash                                │
├─────────┼────────────────────────┼─────────┼───────────────┼────────────────┼────────────────────┼────────────────────────┼─────────────┼──────────────────────────────────────────────────────────────────────┤
│    0    │    'approve (Fuji)'    │ '46318' │     '160'     │  '0.00000016'  │     '7410880'      │ '0.00000000000741088'  │   'AVAX'    │ '0x87f4396c475e40d58bf3f8ff7372e1afc89177fb95d82c5fdf1be29578efbcc0' │
│    1    │    'deposit (Fuji)'    │ '56848' │     '160'     │  '0.00000016'  │     '9095680'      │ '0.00000000000909568'  │   'AVAX'    │ '0xeaf8784b038731345038cb64240fa598b3ee84723acc7453260304598eceeaf7' │
│    2    │ 'executeBridge (Amoy)' │ '92737' │ '56250000078' │ '56.250000078' │ '5216456257233486' │ '0.005216456257233486' │    'POL'    │ '0xb3acd91007f8d0fad00d352e1a36181243bdebf0d00f7600d83325fa252ccc9b' │
└─────────┴────────────────────────┴─────────┴───────────────┴────────────────┴────────────────────┴────────────────────────┴─────────────┴──────────────────────────────────────────────────────────────────────┘

💾 [LOGGER] Dados da transação salvos em: logs/testnet_logs.json
npm warn cli npm v11.13.0 does not support Node.js v18.19.1. This version of npm supports the following node versions: `^20.17.0 || >=22.9.0`. You can find the latest version at https://nodejs.org/.

[1/3] Aprovando Token na Fuji...
Aprovação concluída! Tx: 0x48327f43aadb53ef4ed368a4378d813e4655c482526c2d15082828fb21277b1b
Gas Used: 46318
Gas Price: 0.00000016 Gwei
Transaction Fee: 0.00000000000741088 AVAX

[2/3] Depositando Token no Notary da Fuji...
Depósito realizado! ID: 59
Gas Used: 56848
Gas Price: 0.00000016 Gwei
Transaction Fee: 0.00000000000909568 AVAX

[3/3] Nó executando a ponte na Amoy...
Error: execution reverted (unknown custom error) (action="estimateGas", data="0x0f2e5b6c", reason=null, transaction={ "data": "0xdd0398f2000000000000000000000000000000000000000000000000000000000000a869000000000000000000000000000000000000000000000000000000000000003b000000000000000000000000cab0ef91bee323d1a617c0a027ee753afd6997e40000000000000000000000009519d6907a1d682555ccad7d4d4405ff27b874e400000000000000000000000000000000000000000000000000038d7ea4c68000", "from": "0x9519D6907a1d682555Ccad7d4D4405fF27B874e4", "to": "0xE5E932587bc1bE6BD7b0c0fA65c64038C7a08BC8" }, invocation=null, revert=null, code=CALL_EXCEPTION, version=6.14.3)
    at makeError (/home/josecarlos/codigos/Notary-Mechanism/node_modules/ethers/src.ts/utils/errors.ts:698:21)
    at getBuiltinCallException (/home/josecarlos/codigos/Notary-Mechanism/node_modules/ethers/src.ts/abi/abi-coder.ts:118:21)
    at Function.getBuiltinCallException (/home/josecarlos/codigos/Notary-Mechanism/node_modules/ethers/src.ts/abi/abi-coder.ts:235:16)
    at JsonRpcProvider.getRpcError (/home/josecarlos/codigos/Notary-Mechanism/node_modules/ethers/src.ts/providers/provider-jsonrpc.ts:1016:32)
    at /home/josecarlos/codigos/Notary-Mechanism/node_modules/ethers/src.ts/providers/provider-jsonrpc.ts:571:45
    at processTicksAndRejections (node:internal/process/task_queues:95:5) {
  code: 'CALL_EXCEPTION',
  action: 'estimateGas',
  data: '0x0f2e5b6c',
  reason: null,
  transaction: {
    to: '0xE5E932587bc1bE6BD7b0c0fA65c64038C7a08BC8',
    data: '0xdd0398f2000000000000000000000000000000000000000000000000000000000000a869000000000000000000000000000000000000000000000000000000000000003b000000000000000000000000cab0ef91bee323d1a617c0a027ee753afd6997e40000000000000000000000009519d6907a1d682555ccad7d4d4405ff27b874e400000000000000000000000000000000000000000000000000038d7ea4c68000',
    from: '0x9519D6907a1d682555Ccad7d4D4405fF27B874e4'
  },
  invocation: null,
  revert: null,
  shortMessage: 'execution reverted (unknown custom error)',
  info: {
    error: { code: 3, message: 'execution reverted', data: '0x0f2e5b6c' },
    payload: {
      method: 'eth_estimateGas',
      params: [Array],
      id: 7,
      jsonrpc: '2.0'
    }
  }
}
npm warn cli npm v11.13.0 does not support Node.js v18.19.1. This version of npm supports the following node versions: `^20.17.0 || >=22.9.0`. You can find the latest version at https://nodejs.org/.

[1/3] Aprovando Token na Fuji...
Aprovação concluída! Tx: 0x17076aa0c33f36a21ab158164450a9d5666e8b27ff78f233a5bbb5cf04c74d96
Gas Used: 46318
Gas Price: 0.00000016 Gwei
Transaction Fee: 0.00000000000741088 AVAX

[2/3] Depositando Token no Notary da Fuji...
Depósito realizado! ID: 60
Gas Used: 56848
Gas Price: 0.00000016 Gwei
Transaction Fee: 0.00000000000909568 AVAX

[3/3] Nó executando a ponte na Amoy...
Execução concluída! Tx: 0xf0162630f14387f22b042d60b2821b76f55311c78153488aa6c58f2249d9be85
Gas Used: 92737
Gas Price: 56.250000078 Gwei
Transaction Fee: 0.005216456257233486 POL
Saldo Amoy ANTES: 2.8
Saldo Amoy DEPOIS: 2.801

--- Resumo de gás (fluxo cross-chain completo) ---
┌─────────┬────────────────────────┬─────────┬───────────────┬────────────────┬────────────────────┬────────────────────────┬─────────────┬──────────────────────────────────────────────────────────────────────┐
│ (index) │          step          │ gasUsed │  gasPriceWei  │  gasPriceGwei  │ transactionFeeWei  │     transactionFee     │ nativeToken │                                txHash                                │
├─────────┼────────────────────────┼─────────┼───────────────┼────────────────┼────────────────────┼────────────────────────┼─────────────┼──────────────────────────────────────────────────────────────────────┤
│    0    │    'approve (Fuji)'    │ '46318' │     '160'     │  '0.00000016'  │     '7410880'      │ '0.00000000000741088'  │   'AVAX'    │ '0x17076aa0c33f36a21ab158164450a9d5666e8b27ff78f233a5bbb5cf04c74d96' │
│    1    │    'deposit (Fuji)'    │ '56848' │     '160'     │  '0.00000016'  │     '9095680'      │ '0.00000000000909568'  │   'AVAX'    │ '0x82486d3cd50d015e48a668bcd8ed83b5146c44b41420995423f922a0a8a50da2' │
│    2    │ 'executeBridge (Amoy)' │ '92737' │ '56250000078' │ '56.250000078' │ '5216456257233486' │ '0.005216456257233486' │    'POL'    │ '0xf0162630f14387f22b042d60b2821b76f55311c78153488aa6c58f2249d9be85' │
└─────────┴────────────────────────┴─────────┴───────────────┴────────────────┴────────────────────┴────────────────────────┴─────────────┴──────────────────────────────────────────────────────────────────────┘

💾 [LOGGER] Dados da transação salvos em: logs/testnet_logs.json
npm warn cli npm v11.13.0 does not support Node.js v18.19.1. This version of npm supports the following node versions: `^20.17.0 || >=22.9.0`. You can find the latest version at https://nodejs.org/.

[1/3] Aprovando Token na Fuji...
Aprovação concluída! Tx: 0x552bac1a5fa6c900758060b06b5cd5516d89dc88706a8e3ce8feb251c11313f6
Gas Used: 46318
Gas Price: 0.00000016 Gwei
Transaction Fee: 0.00000000000741088 AVAX

[2/3] Depositando Token no Notary da Fuji...
Depósito realizado! ID: 61
Gas Used: 56848
Gas Price: 0.00000016 Gwei
Transaction Fee: 0.00000000000909568 AVAX

[3/3] Nó executando a ponte na Amoy...
Execução concluída! Tx: 0xef78a58cb30bf6ce220b3de133cef6eee64dd7ef49c83e1572bd2dd681da0b19
Gas Used: 92737
Gas Price: 56.250000078 Gwei
Transaction Fee: 0.005216456257233486 POL
Saldo Amoy ANTES: 2.8
Saldo Amoy DEPOIS: 2.801

--- Resumo de gás (fluxo cross-chain completo) ---
┌─────────┬────────────────────────┬─────────┬───────────────┬────────────────┬────────────────────┬────────────────────────┬─────────────┬──────────────────────────────────────────────────────────────────────┐
│ (index) │          step          │ gasUsed │  gasPriceWei  │  gasPriceGwei  │ transactionFeeWei  │     transactionFee     │ nativeToken │                                txHash                                │
├─────────┼────────────────────────┼─────────┼───────────────┼────────────────┼────────────────────┼────────────────────────┼─────────────┼──────────────────────────────────────────────────────────────────────┤
│    0    │    'approve (Fuji)'    │ '46318' │     '160'     │  '0.00000016'  │     '7410880'      │ '0.00000000000741088'  │   'AVAX'    │ '0x552bac1a5fa6c900758060b06b5cd5516d89dc88706a8e3ce8feb251c11313f6' │
│    1    │    'deposit (Fuji)'    │ '56848' │     '160'     │  '0.00000016'  │     '9095680'      │ '0.00000000000909568'  │   'AVAX'    │ '0xf617bd7c20774c0d5004cc0a718ac242d6ffa776247c3f2af5ed8d6d787500af' │
│    2    │ 'executeBridge (Amoy)' │ '92737' │ '56250000078' │ '56.250000078' │ '5216456257233486' │ '0.005216456257233486' │    'POL'    │ '0xef78a58cb30bf6ce220b3de133cef6eee64dd7ef49c83e1572bd2dd681da0b19' │
└─────────┴────────────────────────┴─────────┴───────────────┴────────────────┴────────────────────┴────────────────────────┴─────────────┴──────────────────────────────────────────────────────────────────────┘

💾 [LOGGER] Dados da transação salvos em: logs/testnet_logs.json
npm warn cli npm v11.13.0 does not support Node.js v18.19.1. This version of npm supports the following node versions: `^20.17.0 || >=22.9.0`. You can find the latest version at https://nodejs.org/.

[1/3] Aprovando Token na Fuji...
Aprovação concluída! Tx: 0x9e1332266377141492a6d9eb355aa9156689c2f00b17f867ae3a31444a24a4a4
Gas Used: 46318
Gas Price: 0.00000016 Gwei
Transaction Fee: 0.00000000000741088 AVAX

[2/3] Depositando Token no Notary da Fuji...
Depósito realizado! ID: 62
Gas Used: 56848
Gas Price: 0.00000016 Gwei
Transaction Fee: 0.00000000000909568 AVAX

[3/3] Nó executando a ponte na Amoy...
Error: execution reverted (unknown custom error) (action="estimateGas", data="0x0f2e5b6c", reason=null, transaction={ "data": "0xdd0398f2000000000000000000000000000000000000000000000000000000000000a869000000000000000000000000000000000000000000000000000000000000003e000000000000000000000000cab0ef91bee323d1a617c0a027ee753afd6997e40000000000000000000000009519d6907a1d682555ccad7d4d4405ff27b874e400000000000000000000000000000000000000000000000000038d7ea4c68000", "from": "0x9519D6907a1d682555Ccad7d4D4405fF27B874e4", "to": "0xE5E932587bc1bE6BD7b0c0fA65c64038C7a08BC8" }, invocation=null, revert=null, code=CALL_EXCEPTION, version=6.14.3)
    at makeError (/home/josecarlos/codigos/Notary-Mechanism/node_modules/ethers/src.ts/utils/errors.ts:698:21)
    at getBuiltinCallException (/home/josecarlos/codigos/Notary-Mechanism/node_modules/ethers/src.ts/abi/abi-coder.ts:118:21)
    at Function.getBuiltinCallException (/home/josecarlos/codigos/Notary-Mechanism/node_modules/ethers/src.ts/abi/abi-coder.ts:235:16)
    at JsonRpcProvider.getRpcError (/home/josecarlos/codigos/Notary-Mechanism/node_modules/ethers/src.ts/providers/provider-jsonrpc.ts:1016:32)
    at /home/josecarlos/codigos/Notary-Mechanism/node_modules/ethers/src.ts/providers/provider-jsonrpc.ts:571:45
    at processTicksAndRejections (node:internal/process/task_queues:95:5) {
  code: 'CALL_EXCEPTION',
  action: 'estimateGas',
  data: '0x0f2e5b6c',
  reason: null,
  transaction: {
    to: '0xE5E932587bc1bE6BD7b0c0fA65c64038C7a08BC8',
    data: '0xdd0398f2000000000000000000000000000000000000000000000000000000000000a869000000000000000000000000000000000000000000000000000000000000003e000000000000000000000000cab0ef91bee323d1a617c0a027ee753afd6997e40000000000000000000000009519d6907a1d682555ccad7d4d4405ff27b874e400000000000000000000000000000000000000000000000000038d7ea4c68000',
    from: '0x9519D6907a1d682555Ccad7d4D4405fF27B874e4'
  },
  invocation: null,
  revert: null,
  shortMessage: 'execution reverted (unknown custom error)',
  info: {
    error: { code: 3, message: 'execution reverted', data: '0x0f2e5b6c' },
    payload: {
      method: 'eth_estimateGas',
      params: [Array],
      id: 7,
      jsonrpc: '2.0'
    }
  }
}
//atrasado
npm warn cli npm v11.13.0 does not support Node.js v18.19.1. This version of npm supports the following node versions: `^20.17.0 || >=22.9.0`. You can find the latest version at https://nodejs.org/.

[1/3] Aprovando Token na Fuji...
Aprovação concluída! Tx: 0xf14fff4a5288ef32202bfcbefc23d2735dc2f9de6c420140e7dd4143ee25c06a
Gas Used: 46318
Gas Price: 0.00000016 Gwei
Transaction Fee: 0.00000000000741088 AVAX

[2/3] Depositando Token no Notary da Fuji...
Depósito realizado! ID: 63
Gas Used: 56848
Gas Price: 0.00000016 Gwei
Transaction Fee: 0.00000000000909568 AVAX

[3/3] Nó executando a ponte na Amoy...
Execução concluída! Tx: 0x0b7d6a6cfe89ed746afd0cbfa99edd960c4c12b16d3ae8d3620aa23d96617c77
Gas Used: 92737
Gas Price: 43.12500007 Gwei
Transaction Fee: 0.00399928313149159 POL
Saldo Amoy ANTES: 2.799
Saldo Amoy DEPOIS: 2.8

--- Resumo de gás (fluxo cross-chain completo) ---
┌─────────┬────────────────────────┬─────────┬───────────────┬───────────────┬────────────────────┬───────────────────────┬─────────────┬──────────────────────────────────────────────────────────────────────┐
│ (index) │          step          │ gasUsed │  gasPriceWei  │ gasPriceGwei  │ transactionFeeWei  │    transactionFee     │ nativeToken │                                txHash                                │
├─────────┼────────────────────────┼─────────┼───────────────┼───────────────┼────────────────────┼───────────────────────┼─────────────┼──────────────────────────────────────────────────────────────────────┤
│    0    │    'approve (Fuji)'    │ '46318' │     '160'     │ '0.00000016'  │     '7410880'      │ '0.00000000000741088' │   'AVAX'    │ '0xf14fff4a5288ef32202bfcbefc23d2735dc2f9de6c420140e7dd4143ee25c06a' │
│    1    │    'deposit (Fuji)'    │ '56848' │     '160'     │ '0.00000016'  │     '9095680'      │ '0.00000000000909568' │   'AVAX'    │ '0x601b12556627ecc05e8a4840e2438d2f9c54dae3c1021e2ad78c6900708b15a0' │
│    2    │ 'executeBridge (Amoy)' │ '92737' │ '43125000070' │ '43.12500007' │ '3999283131491590' │ '0.00399928313149159' │    'POL'    │ '0x0b7d6a6cfe89ed746afd0cbfa99edd960c4c12b16d3ae8d3620aa23d96617c77' │
└─────────┴────────────────────────┴─────────┴───────────────┴───────────────┴────────────────────┴───────────────────────┴─────────────┴──────────────────────────────────────────────────────────────────────┘

💾 [LOGGER] Dados da transação salvos em: logs/testnet_logs.json
npm warn cli npm v11.13.0 does not support Node.js v18.19.1. This version of npm supports the following node versions: `^20.17.0 || >=22.9.0`. You can find the latest version at https://nodejs.org/.

[1/3] Aprovando Token na Fuji...
Aprovação concluída! Tx: 0x75033f51dfe35e551a00b4bac3e3e5185940eaaf41c15b4ce037c711694d1773
Gas Used: 46318
Gas Price: 0.00000016 Gwei
Transaction Fee: 0.00000000000741088 AVAX

[2/3] Depositando Token no Notary da Fuji...
Depósito realizado! ID: 64
Gas Used: 56848
Gas Price: 0.00000016 Gwei
Transaction Fee: 0.00000000000909568 AVAX

[3/3] Nó executando a ponte na Amoy...
Execução concluída! Tx: 0xdc1e1c1a8adb4cbf66ed7ec14be30318d7dc364c012941034ca89c42d4189388
Gas Used: 92737
Gas Price: 30.000000126 Gwei
Transaction Fee: 0.002782110011684862 POL
Saldo Amoy ANTES: 2.799
Saldo Amoy DEPOIS: 2.8

--- Resumo de gás (fluxo cross-chain completo) ---
┌─────────┬────────────────────────┬─────────┬───────────────┬────────────────┬────────────────────┬────────────────────────┬─────────────┬──────────────────────────────────────────────────────────────────────┐
│ (index) │          step          │ gasUsed │  gasPriceWei  │  gasPriceGwei  │ transactionFeeWei  │     transactionFee     │ nativeToken │                                txHash                                │
├─────────┼────────────────────────┼─────────┼───────────────┼────────────────┼────────────────────┼────────────────────────┼─────────────┼──────────────────────────────────────────────────────────────────────┤
│    0    │    'approve (Fuji)'    │ '46318' │     '160'     │  '0.00000016'  │     '7410880'      │ '0.00000000000741088'  │   'AVAX'    │ '0x75033f51dfe35e551a00b4bac3e3e5185940eaaf41c15b4ce037c711694d1773' │
│    1    │    'deposit (Fuji)'    │ '56848' │     '160'     │  '0.00000016'  │     '9095680'      │ '0.00000000000909568'  │   'AVAX'    │ '0x05f46494a38c715e60316fb07c26ac4192d39258c1330bb0ecd0a5c959537328' │
│    2    │ 'executeBridge (Amoy)' │ '92737' │ '30000000126' │ '30.000000126' │ '2782110011684862' │ '0.002782110011684862' │    'POL'    │ '0xdc1e1c1a8adb4cbf66ed7ec14be30318d7dc364c012941034ca89c42d4189388' │
└─────────┴────────────────────────┴─────────┴───────────────┴────────────────┴────────────────────┴────────────────────────┴─────────────┴──────────────────────────────────────────────────────────────────────┘

💾 [LOGGER] Dados da transação salvos em: logs/testnet_logs.json
npm warn cli npm v11.13.0 does not support Node.js v18.19.1. This version of npm supports the following node versions: `^20.17.0 || >=22.9.0`. You can find the latest version at https://nodejs.org/.

[1/3] Aprovando Token na Fuji...
Aprovação concluída! Tx: 0x2e65657bde2fe9f76eac7f5ef043dcb6ee2b3ae2a13199d3729f0780775781a4
Gas Used: 46318
Gas Price: 0.00000016 Gwei
Transaction Fee: 0.00000000000741088 AVAX

[2/3] Depositando Token no Notary da Fuji...
Depósito realizado! ID: 65
Gas Used: 56848
Gas Price: 0.00000016 Gwei
Transaction Fee: 0.00000000000909568 AVAX

[3/3] Nó executando a ponte na Amoy...
Execução concluída! Tx: 0x2ee4aa89b2b6d3aaa681ca70bf77cb43b4b0ed6300f78c6dc33ea958fac72c3e
Gas Used: 92737
Gas Price: 48.608877583 Gwei
Transaction Fee: 0.004507841480414671 POL
Saldo Amoy ANTES: 2.799
Saldo Amoy DEPOIS: 2.799

--- Resumo de gás (fluxo cross-chain completo) ---
┌─────────┬────────────────────────┬─────────┬───────────────┬────────────────┬────────────────────┬────────────────────────┬─────────────┬──────────────────────────────────────────────────────────────────────┐
│ (index) │          step          │ gasUsed │  gasPriceWei  │  gasPriceGwei  │ transactionFeeWei  │     transactionFee     │ nativeToken │                                txHash                                │
├─────────┼────────────────────────┼─────────┼───────────────┼────────────────┼────────────────────┼────────────────────────┼─────────────┼──────────────────────────────────────────────────────────────────────┤
│    0    │    'approve (Fuji)'    │ '46318' │     '160'     │  '0.00000016'  │     '7410880'      │ '0.00000000000741088'  │   'AVAX'    │ '0x2e65657bde2fe9f76eac7f5ef043dcb6ee2b3ae2a13199d3729f0780775781a4' │
│    1    │    'deposit (Fuji)'    │ '56848' │     '160'     │  '0.00000016'  │     '9095680'      │ '0.00000000000909568'  │   'AVAX'    │ '0x48f55d1076c55a57da47aede62bb2874e715b6240122bba790d652736a9b748f' │
│    2    │ 'executeBridge (Amoy)' │ '92737' │ '48608877583' │ '48.608877583' │ '4507841480414671' │ '0.004507841480414671' │    'POL'    │ '0x2ee4aa89b2b6d3aaa681ca70bf77cb43b4b0ed6300f78c6dc33ea958fac72c3e' │
└─────────┴────────────────────────┴─────────┴───────────────┴────────────────┴────────────────────┴────────────────────────┴─────────────┴──────────────────────────────────────────────────────────────────────┘

💾 [LOGGER] Dados da transação salvos em: logs/testnet_logs.json
npm warn cli npm v11.13.0 does not support Node.js v18.19.1. This version of npm supports the following node versions: `^20.17.0 || >=22.9.0`. You can find the latest version at https://nodejs.org/.

[1/3] Aprovando Token na Fuji...
Aprovação concluída! Tx: 0x08d7389017b7e1cc059d53ad6c632a745f2e33c28141875c8d182a156daa9815
Gas Used: 46318
Gas Price: 0.00000016 Gwei
Transaction Fee: 0.00000000000741088 AVAX

[2/3] Depositando Token no Notary da Fuji...
Depósito realizado! ID: 66
Gas Used: 56848
Gas Price: 0.00000016 Gwei
Transaction Fee: 0.00000000000909568 AVAX

[3/3] Nó executando a ponte na Amoy...
Execução concluída! Tx: 0x35cb9a304712aa55ee24167cc5b1b11f27216a8229990e2d576965b882955fbd
Gas Used: 92737
Gas Price: 48.257420354 Gwei
Transaction Fee: 0.004475248391368898 POL
Saldo Amoy ANTES: 2.799
Saldo Amoy DEPOIS: 2.8

--- Resumo de gás (fluxo cross-chain completo) ---
┌─────────┬────────────────────────┬─────────┬───────────────┬────────────────┬────────────────────┬────────────────────────┬─────────────┬──────────────────────────────────────────────────────────────────────┐
│ (index) │          step          │ gasUsed │  gasPriceWei  │  gasPriceGwei  │ transactionFeeWei  │     transactionFee     │ nativeToken │                                txHash                                │
├─────────┼────────────────────────┼─────────┼───────────────┼────────────────┼────────────────────┼────────────────────────┼─────────────┼──────────────────────────────────────────────────────────────────────┤
│    0    │    'approve (Fuji)'    │ '46318' │     '160'     │  '0.00000016'  │     '7410880'      │ '0.00000000000741088'  │   'AVAX'    │ '0x08d7389017b7e1cc059d53ad6c632a745f2e33c28141875c8d182a156daa9815' │
│    1    │    'deposit (Fuji)'    │ '56848' │     '160'     │  '0.00000016'  │     '9095680'      │ '0.00000000000909568'  │   'AVAX'    │ '0xa81302e9310c685bee5ec1c172067a89502b3f19a3512eb653d95fb34f39be62' │
│    2    │ 'executeBridge (Amoy)' │ '92737' │ '48257420354' │ '48.257420354' │ '4475248391368898' │ '0.004475248391368898' │    'POL'    │ '0x35cb9a304712aa55ee24167cc5b1b11f27216a8229990e2d576965b882955fbd' │
└─────────┴────────────────────────┴─────────┴───────────────┴────────────────┴────────────────────┴────────────────────────┴─────────────┴──────────────────────────────────────────────────────────────────────┘

💾 [LOGGER] Dados da transação salvos em: logs/testnet_logs.json
npm warn cli npm v11.13.0 does not support Node.js v18.19.1. This version of npm supports the following node versions: `^20.17.0 || >=22.9.0`. You can find the latest version at https://nodejs.org/.

[1/3] Aprovando Token na Fuji...
Aprovação concluída! Tx: 0x651cde9a28a8d39c1389b56d935ba3327ec8db48db299abca96ff6970e4032c2
Gas Used: 46318
Gas Price: 0.00000016 Gwei
Transaction Fee: 0.00000000000741088 AVAX

[2/3] Depositando Token no Notary da Fuji...
Depósito realizado! ID: 67
Gas Used: 56848
Gas Price: 0.00000016 Gwei
Transaction Fee: 0.00000000000909568 AVAX

[3/3] Nó executando a ponte na Amoy...
Execução concluída! Tx: 0xc38960900e018dcb2988461d75014cc9d09fd2736ee5071119952f99a2569802
Gas Used: 92737
Gas Price: 57.128489901 Gwei
Transaction Fee: 0.005297924767949037 POL
Saldo Amoy ANTES: 2.799
Saldo Amoy DEPOIS: 2.8

--- Resumo de gás (fluxo cross-chain completo) ---
┌─────────┬────────────────────────┬─────────┬───────────────┬────────────────┬────────────────────┬────────────────────────┬─────────────┬──────────────────────────────────────────────────────────────────────┐
│ (index) │          step          │ gasUsed │  gasPriceWei  │  gasPriceGwei  │ transactionFeeWei  │     transactionFee     │ nativeToken │                                txHash                                │
├─────────┼────────────────────────┼─────────┼───────────────┼────────────────┼────────────────────┼────────────────────────┼─────────────┼──────────────────────────────────────────────────────────────────────┤
│    0    │    'approve (Fuji)'    │ '46318' │     '160'     │  '0.00000016'  │     '7410880'      │ '0.00000000000741088'  │   'AVAX'    │ '0x651cde9a28a8d39c1389b56d935ba3327ec8db48db299abca96ff6970e4032c2' │
│    1    │    'deposit (Fuji)'    │ '56848' │     '160'     │  '0.00000016'  │     '9095680'      │ '0.00000000000909568'  │   'AVAX'    │ '0xf105187788570d2f1a876e1048c6e90446921f9564028dac6c891ad4ceab062b' │
│    2    │ 'executeBridge (Amoy)' │ '92737' │ '57128489901' │ '57.128489901' │ '5297924767949037' │ '0.005297924767949037' │    'POL'    │ '0xc38960900e018dcb2988461d75014cc9d09fd2736ee5071119952f99a2569802' │
└─────────┴────────────────────────┴─────────┴───────────────┴────────────────┴────────────────────┴────────────────────────┴─────────────┴──────────────────────────────────────────────────────────────────────┘

💾 [LOGGER] Dados da transação salvos em: logs/testnet_logs.json
npm warn cli npm v11.13.0 does not support Node.js v18.19.1. This version of npm supports the following node versions: `^20.17.0 || >=22.9.0`. You can find the latest version at https://nodejs.org/.

[1/3] Aprovando Token na Fuji...
Aprovação concluída! Tx: 0xcc74cc8aa60f2144d74bd5a453d3313e97548e0335aa31dfe4217dfa08b2b40f
Gas Used: 46318
Gas Price: 0.00000016 Gwei
Transaction Fee: 0.00000000000741088 AVAX

[2/3] Depositando Token no Notary da Fuji...
Depósito realizado! ID: 68
Gas Used: 56848
Gas Price: 0.00000016 Gwei
Transaction Fee: 0.00000000000909568 AVAX

[3/3] Nó executando a ponte na Amoy...
Execução concluída! Tx: 0x65973f280ffdba6d1bead8d45ee162de35b291d3d4f10befcd75549802374216
Gas Used: 92737
Gas Price: 33.750000062 Gwei
Transaction Fee: 0.003129873755749694 POL
Saldo Amoy ANTES: 2.799
Saldo Amoy DEPOIS: 2.8

--- Resumo de gás (fluxo cross-chain completo) ---
┌─────────┬────────────────────────┬─────────┬───────────────┬────────────────┬────────────────────┬────────────────────────┬─────────────┬──────────────────────────────────────────────────────────────────────┐
│ (index) │          step          │ gasUsed │  gasPriceWei  │  gasPriceGwei  │ transactionFeeWei  │     transactionFee     │ nativeToken │                                txHash                                │
├─────────┼────────────────────────┼─────────┼───────────────┼────────────────┼────────────────────┼────────────────────────┼─────────────┼──────────────────────────────────────────────────────────────────────┤
│    0    │    'approve (Fuji)'    │ '46318' │     '160'     │  '0.00000016'  │     '7410880'      │ '0.00000000000741088'  │   'AVAX'    │ '0xcc74cc8aa60f2144d74bd5a453d3313e97548e0335aa31dfe4217dfa08b2b40f' │
│    1    │    'deposit (Fuji)'    │ '56848' │     '160'     │  '0.00000016'  │     '9095680'      │ '0.00000000000909568'  │   'AVAX'    │ '0x07e788bcef90dbd48d007cc245c61d34c564871e32cc19e7fab4d11dfc7333c8' │
│    2    │ 'executeBridge (Amoy)' │ '92737' │ '33750000062' │ '33.750000062' │ '3129873755749694' │ '0.003129873755749694' │    'POL'    │ '0x65973f280ffdba6d1bead8d45ee162de35b291d3d4f10befcd75549802374216' │
└─────────┴────────────────────────┴─────────┴───────────────┴────────────────┴────────────────────┴────────────────────────┴─────────────┴──────────────────────────────────────────────────────────────────────┘

💾 [LOGGER] Dados da transação salvos em: logs/testnet_logs.json
npm warn cli npm v11.13.0 does not support Node.js v18.19.1. This version of npm supports the following node versions: `^20.17.0 || >=22.9.0`. You can find the latest version at https://nodejs.org/.

[1/3] Aprovando Token na Fuji...
Aprovação concluída! Tx: 0x7392acf20cf80d67439416db2386cfed2fdb1d8c5208affa365532789be6e48a
Gas Used: 46318
Gas Price: 0.00000016 Gwei
Transaction Fee: 0.00000000000741088 AVAX

[2/3] Depositando Token no Notary da Fuji...
Depósito realizado! ID: 69
Gas Used: 56848
Gas Price: 0.00000016 Gwei
Transaction Fee: 0.00000000000909568 AVAX

[3/3] Nó executando a ponte na Amoy...
Execução concluída! Tx: 0x04c6f2194bbd5774a976f40835dd3048186721a340edff1018a1fdefb0a71235
Gas Used: 92737
Gas Price: 44.211750076 Gwei
Transaction Fee: 0.004100065066798012 POL
Saldo Amoy ANTES: 2.799
Saldo Amoy DEPOIS: 2.8

--- Resumo de gás (fluxo cross-chain completo) ---
┌─────────┬────────────────────────┬─────────┬───────────────┬────────────────┬────────────────────┬────────────────────────┬─────────────┬──────────────────────────────────────────────────────────────────────┐
│ (index) │          step          │ gasUsed │  gasPriceWei  │  gasPriceGwei  │ transactionFeeWei  │     transactionFee     │ nativeToken │                                txHash                                │
├─────────┼────────────────────────┼─────────┼───────────────┼────────────────┼────────────────────┼────────────────────────┼─────────────┼──────────────────────────────────────────────────────────────────────┤
│    0    │    'approve (Fuji)'    │ '46318' │     '160'     │  '0.00000016'  │     '7410880'      │ '0.00000000000741088'  │   'AVAX'    │ '0x7392acf20cf80d67439416db2386cfed2fdb1d8c5208affa365532789be6e48a' │
│    1    │    'deposit (Fuji)'    │ '56848' │     '160'     │  '0.00000016'  │     '9095680'      │ '0.00000000000909568'  │   'AVAX'    │ '0x56658e72653e36ba098d965d49a828ffb56e1681d808dcaacf14cfb03b9ae288' │
│    2    │ 'executeBridge (Amoy)' │ '92737' │ '44211750076' │ '44.211750076' │ '4100065066798012' │ '0.004100065066798012' │    'POL'    │ '0x04c6f2194bbd5774a976f40835dd3048186721a340edff1018a1fdefb0a71235' │
└─────────┴────────────────────────┴─────────┴───────────────┴────────────────┴────────────────────┴────────────────────────┴─────────────┴──────────────────────────────────────────────────────────────────────┘

💾 [LOGGER] Dados da transação salvos em: logs/testnet_logs.json
npm warn cli npm v11.13.0 does not support Node.js v18.19.1. This version of npm supports the following node versions: `^20.17.0 || >=22.9.0`. You can find the latest version at https://nodejs.org/.

[1/3] Aprovando Token na Fuji...
Aprovação concluída! Tx: 0x06243ac9d0ec6f6ab61657f1f43e5240133a2f98de47c74370efcd8c17f8f275
Gas Used: 46318
Gas Price: 0.00000016 Gwei
Transaction Fee: 0.00000000000741088 AVAX

[2/3] Depositando Token no Notary da Fuji...
Depósito realizado! ID: 70
Gas Used: 56848
Gas Price: 0.00000016 Gwei
Transaction Fee: 0.00000000000909568 AVAX

[3/3] Nó executando a ponte na Amoy...
Execução concluída! Tx: 0xece8017de05e59b46237dae43ef24ee014567f7298271fd2fb688e0a8fef929b
Gas Used: 92737
Gas Price: 80.84000013 Gwei
Transaction Fee: 0.00749685909205581 POL
Saldo Amoy ANTES: 2.799
Saldo Amoy DEPOIS: 2.8

--- Resumo de gás (fluxo cross-chain completo) ---
┌─────────┬────────────────────────┬─────────┬───────────────┬───────────────┬────────────────────┬───────────────────────┬─────────────┬──────────────────────────────────────────────────────────────────────┐
│ (index) │          step          │ gasUsed │  gasPriceWei  │ gasPriceGwei  │ transactionFeeWei  │    transactionFee     │ nativeToken │                                txHash                                │
├─────────┼────────────────────────┼─────────┼───────────────┼───────────────┼────────────────────┼───────────────────────┼─────────────┼──────────────────────────────────────────────────────────────────────┤
│    0    │    'approve (Fuji)'    │ '46318' │     '160'     │ '0.00000016'  │     '7410880'      │ '0.00000000000741088' │   'AVAX'    │ '0x06243ac9d0ec6f6ab61657f1f43e5240133a2f98de47c74370efcd8c17f8f275' │
│    1    │    'deposit (Fuji)'    │ '56848' │     '160'     │ '0.00000016'  │     '9095680'      │ '0.00000000000909568' │   'AVAX'    │ '0x5f0616b1457493e8d83d084f43c63d0a0ea8227bb7221894a33c828d6cfb0a60' │
│    2    │ 'executeBridge (Amoy)' │ '92737' │ '80840000130' │ '80.84000013' │ '7496859092055810' │ '0.00749685909205581' │    'POL'    │ '0xece8017de05e59b46237dae43ef24ee014567f7298271fd2fb688e0a8fef929b' │
└─────────┴────────────────────────┴─────────┴───────────────┴───────────────┴────────────────────┴───────────────────────┴─────────────┴──────────────────────────────────────────────────────────────────────┘

💾 [LOGGER] Dados da transação salvos em: logs/testnet_logs.json
npm warn cli npm v11.13.0 does not support Node.js v18.19.1. This version of npm supports the following node versions: `^20.17.0 || >=22.9.0`. You can find the latest version at https://nodejs.org/.

[1/3] Aprovando Token na Fuji...
Aprovação concluída! Tx: 0xbba4d12590e8b7fe3bf0fd4cca16f890a2392469f69dd30092b9d85abb36156b
Gas Used: 46318
Gas Price: 0.00000016 Gwei
Transaction Fee: 0.00000000000741088 AVAX

[2/3] Depositando Token no Notary da Fuji...
Depósito realizado! ID: 71
Gas Used: 56848
Gas Price: 0.00000016 Gwei
Transaction Fee: 0.00000000000909568 AVAX

[3/3] Nó executando a ponte na Amoy...
Execução concluída! Tx: 0x45be4932f523f5bb1f2a36eab36840fbc241e33959c100fbb1e9e286394833c9
Gas Used: 92737
Gas Price: 30.000000063 Gwei
Transaction Fee: 0.002782110005842431 POL
Saldo Amoy ANTES: 2.799
Saldo Amoy DEPOIS: 2.8

--- Resumo de gás (fluxo cross-chain completo) ---
┌─────────┬────────────────────────┬─────────┬───────────────┬────────────────┬────────────────────┬────────────────────────┬─────────────┬──────────────────────────────────────────────────────────────────────┐
│ (index) │          step          │ gasUsed │  gasPriceWei  │  gasPriceGwei  │ transactionFeeWei  │     transactionFee     │ nativeToken │                                txHash                                │
├─────────┼────────────────────────┼─────────┼───────────────┼────────────────┼────────────────────┼────────────────────────┼─────────────┼──────────────────────────────────────────────────────────────────────┤
│    0    │    'approve (Fuji)'    │ '46318' │     '160'     │  '0.00000016'  │     '7410880'      │ '0.00000000000741088'  │   'AVAX'    │ '0xbba4d12590e8b7fe3bf0fd4cca16f890a2392469f69dd30092b9d85abb36156b' │
│    1    │    'deposit (Fuji)'    │ '56848' │     '160'     │  '0.00000016'  │     '9095680'      │ '0.00000000000909568'  │   'AVAX'    │ '0xee4fc542f4d84e6a5d958d4f4a1da144676b7507d5249a530fef832c9d45f929' │
│    2    │ 'executeBridge (Amoy)' │ '92737' │ '30000000063' │ '30.000000063' │ '2782110005842431' │ '0.002782110005842431' │    'POL'    │ '0x45be4932f523f5bb1f2a36eab36840fbc241e33959c100fbb1e9e286394833c9' │
└─────────┴────────────────────────┴─────────┴───────────────┴────────────────┴────────────────────┴────────────────────────┴─────────────┴──────────────────────────────────────────────────────────────────────┘

💾 [LOGGER] Dados da transação salvos em: logs/testnet_logs.json
npm warn cli npm v11.13.0 does not support Node.js v18.19.1. This version of npm supports the following node versions: `^20.17.0 || >=22.9.0`. You can find the latest version at https://nodejs.org/.

[1/3] Aprovando Token na Fuji...
Aprovação concluída! Tx: 0x8bafae1a48ec1f84d7204cc0e219d1ff0e6f6afd73e087c93a2382f5d7bd2f74
Gas Used: 46318
Gas Price: 0.00000016 Gwei
Transaction Fee: 0.00000000000741088 AVAX

[2/3] Depositando Token no Notary da Fuji...
Depósito realizado! ID: 72
Gas Used: 56848
Gas Price: 0.00000016 Gwei
Transaction Fee: 0.00000000000909568 AVAX

[3/3] Nó executando a ponte na Amoy...
Execução concluída! Tx: 0x5b1d1218b93da070d8941c567ba2b4ed1a6467a6ad67a7001dbf8984f68c2b73
Gas Used: 92737
Gas Price: 30.000000063 Gwei
Transaction Fee: 0.002782110005842431 POL
Saldo Amoy ANTES: 2.799
Saldo Amoy DEPOIS: 2.799

--- Resumo de gás (fluxo cross-chain completo) ---
┌─────────┬────────────────────────┬─────────┬───────────────┬────────────────┬────────────────────┬────────────────────────┬─────────────┬──────────────────────────────────────────────────────────────────────┐
│ (index) │          step          │ gasUsed │  gasPriceWei  │  gasPriceGwei  │ transactionFeeWei  │     transactionFee     │ nativeToken │                                txHash                                │
├─────────┼────────────────────────┼─────────┼───────────────┼────────────────┼────────────────────┼────────────────────────┼─────────────┼──────────────────────────────────────────────────────────────────────┤
│    0    │    'approve (Fuji)'    │ '46318' │     '160'     │  '0.00000016'  │     '7410880'      │ '0.00000000000741088'  │   'AVAX'    │ '0x8bafae1a48ec1f84d7204cc0e219d1ff0e6f6afd73e087c93a2382f5d7bd2f74' │
│    1    │    'deposit (Fuji)'    │ '56848' │     '160'     │  '0.00000016'  │     '9095680'      │ '0.00000000000909568'  │   'AVAX'    │ '0x1894a456d044acbff4794b4c3a9a3cd9a1117a97c7006c37f175bd1c671e80f1' │
│    2    │ 'executeBridge (Amoy)' │ '92737' │ '30000000063' │ '30.000000063' │ '2782110005842431' │ '0.002782110005842431' │    'POL'    │ '0x5b1d1218b93da070d8941c567ba2b4ed1a6467a6ad67a7001dbf8984f68c2b73' │
└─────────┴────────────────────────┴─────────┴───────────────┴────────────────┴────────────────────┴────────────────────────┴─────────────┴──────────────────────────────────────────────────────────────────────┘

💾 [LOGGER] Dados da transação salvos em: logs/testnet_logs.json
npm warn cli npm v11.13.0 does not support Node.js v18.19.1. This version of npm supports the following node versions: `^20.17.0 || >=22.9.0`. You can find the latest version at https://nodejs.org/.

[1/3] Aprovando Token na Fuji...
Aprovação concluída! Tx: 0x68f046f2c132a2e43d8177b73c04c42bc4b0ef5c2b8e3ef02b7d974e32f7afed
Gas Used: 46318
Gas Price: 0.00000016 Gwei
Transaction Fee: 0.00000000000741088 AVAX

[2/3] Depositando Token no Notary da Fuji...
Depósito realizado! ID: 73
Gas Used: 56848
Gas Price: 0.00000016 Gwei
Transaction Fee: 0.00000000000909568 AVAX

[3/3] Nó executando a ponte na Amoy...
Execução concluída! Tx: 0x9d713d3460f9fd550d2e5b4e7074c8b8d52739e32839c0ec6c4817c8c653cfad
Gas Used: 92737
Gas Price: 31.000000063 Gwei
Transaction Fee: 0.002874847005842431 POL
Saldo Amoy ANTES: 2.799
Saldo Amoy DEPOIS: 2.8

--- Resumo de gás (fluxo cross-chain completo) ---
┌─────────┬────────────────────────┬─────────┬───────────────┬────────────────┬────────────────────┬────────────────────────┬─────────────┬──────────────────────────────────────────────────────────────────────┐
│ (index) │          step          │ gasUsed │  gasPriceWei  │  gasPriceGwei  │ transactionFeeWei  │     transactionFee     │ nativeToken │                                txHash                                │
├─────────┼────────────────────────┼─────────┼───────────────┼────────────────┼────────────────────┼────────────────────────┼─────────────┼──────────────────────────────────────────────────────────────────────┤
│    0    │    'approve (Fuji)'    │ '46318' │     '160'     │  '0.00000016'  │     '7410880'      │ '0.00000000000741088'  │   'AVAX'    │ '0x68f046f2c132a2e43d8177b73c04c42bc4b0ef5c2b8e3ef02b7d974e32f7afed' │
│    1    │    'deposit (Fuji)'    │ '56848' │     '160'     │  '0.00000016'  │     '9095680'      │ '0.00000000000909568'  │   'AVAX'    │ '0xa9a7b680a0102e9afd079e25d264ce607c09fb1d7316ae0adecfd6525f26daa0' │
│    2    │ 'executeBridge (Amoy)' │ '92737' │ '31000000063' │ '31.000000063' │ '2874847005842431' │ '0.002874847005842431' │    'POL'    │ '0x9d713d3460f9fd550d2e5b4e7074c8b8d52739e32839c0ec6c4817c8c653cfad' │
└─────────┴────────────────────────┴─────────┴───────────────┴────────────────┴────────────────────┴────────────────────────┴─────────────┴──────────────────────────────────────────────────────────────────────┘

💾 [LOGGER] Dados da transação salvos em: logs/testnet_logs.json
npm warn cli npm v11.13.0 does not support Node.js v18.19.1. This version of npm supports the following node versions: `^20.17.0 || >=22.9.0`. You can find the latest version at https://nodejs.org/.

[1/3] Aprovando Token na Fuji...
Aprovação concluída! Tx: 0xc5a8fdd245b5fa88b15b3d784dba6bca58a204e39d28630b625525ae3f180b0b
Gas Used: 46318
Gas Price: 0.00000016 Gwei
Transaction Fee: 0.00000000000741088 AVAX

[2/3] Depositando Token no Notary da Fuji...
Depósito realizado! ID: 74
Gas Used: 56848
Gas Price: 0.00000016 Gwei
Transaction Fee: 0.00000000000909568 AVAX

[3/3] Nó executando a ponte na Amoy...
Execução concluída! Tx: 0x5cccb00072cc7ed40d784750a8bf69c965306da5dc1abfb5f5060f921cbe6c4f
Gas Used: 92737
Gas Price: 30.000000063 Gwei
Transaction Fee: 0.002782110005842431 POL
Saldo Amoy ANTES: 2.799
Saldo Amoy DEPOIS: 2.8

--- Resumo de gás (fluxo cross-chain completo) ---
┌─────────┬────────────────────────┬─────────┬───────────────┬────────────────┬────────────────────┬────────────────────────┬─────────────┬──────────────────────────────────────────────────────────────────────┐
│ (index) │          step          │ gasUsed │  gasPriceWei  │  gasPriceGwei  │ transactionFeeWei  │     transactionFee     │ nativeToken │                                txHash                                │
├─────────┼────────────────────────┼─────────┼───────────────┼────────────────┼────────────────────┼────────────────────────┼─────────────┼──────────────────────────────────────────────────────────────────────┤
│    0    │    'approve (Fuji)'    │ '46318' │     '160'     │  '0.00000016'  │     '7410880'      │ '0.00000000000741088'  │   'AVAX'    │ '0xc5a8fdd245b5fa88b15b3d784dba6bca58a204e39d28630b625525ae3f180b0b' │
│    1    │    'deposit (Fuji)'    │ '56848' │     '160'     │  '0.00000016'  │     '9095680'      │ '0.00000000000909568'  │   'AVAX'    │ '0x24efcce202b705a474aaca37f3925527f2e276f70b13510b884908a660f17238' │
│    2    │ 'executeBridge (Amoy)' │ '92737' │ '30000000063' │ '30.000000063' │ '2782110005842431' │ '0.002782110005842431' │    'POL'    │ '0x5cccb00072cc7ed40d784750a8bf69c965306da5dc1abfb5f5060f921cbe6c4f' │
└─────────┴────────────────────────┴─────────┴───────────────┴────────────────┴────────────────────┴────────────────────────┴─────────────┴──────────────────────────────────────────────────────────────────────┘

💾 [LOGGER] Dados da transação salvos em: logs/testnet_logs.json
npm warn cli npm v11.13.0 does not support Node.js v18.19.1. This version of npm supports the following node versions: `^20.17.0 || >=22.9.0`. You can find the latest version at https://nodejs.org/.

[1/3] Aprovando Token na Fuji...
Aprovação concluída! Tx: 0x783b2e5ce1e94797774d81a7d3abaf4eb74196c03c399285873db9776f5d17cf
Gas Used: 46318
Gas Price: 0.00000016 Gwei
Transaction Fee: 0.00000000000741088 AVAX

[2/3] Depositando Token no Notary da Fuji...
Depósito realizado! ID: 75
Gas Used: 56848
Gas Price: 0.00000016 Gwei
Transaction Fee: 0.00000000000909568 AVAX

[3/3] Nó executando a ponte na Amoy...
Execução concluída! Tx: 0xbd4fc0b19872f33a31cec42f1d05aa757c3ba64efc29f0435f87a52f9ffb0fa6
Gas Used: 92737
Gas Price: 30.000000063 Gwei
Transaction Fee: 0.002782110005842431 POL
Saldo Amoy ANTES: 2.799
Saldo Amoy DEPOIS: 2.8

--- Resumo de gás (fluxo cross-chain completo) ---
┌─────────┬────────────────────────┬─────────┬───────────────┬────────────────┬────────────────────┬────────────────────────┬─────────────┬──────────────────────────────────────────────────────────────────────┐
│ (index) │          step          │ gasUsed │  gasPriceWei  │  gasPriceGwei  │ transactionFeeWei  │     transactionFee     │ nativeToken │                                txHash                                │
├─────────┼────────────────────────┼─────────┼───────────────┼────────────────┼────────────────────┼────────────────────────┼─────────────┼──────────────────────────────────────────────────────────────────────┤
│    0    │    'approve (Fuji)'    │ '46318' │     '160'     │  '0.00000016'  │     '7410880'      │ '0.00000000000741088'  │   'AVAX'    │ '0x783b2e5ce1e94797774d81a7d3abaf4eb74196c03c399285873db9776f5d17cf' │
│    1    │    'deposit (Fuji)'    │ '56848' │     '160'     │  '0.00000016'  │     '9095680'      │ '0.00000000000909568'  │   'AVAX'    │ '0xb3a2860557146859734c0f8da757febc26e2c31dc8a1f4b622e962c5dedbc173' │
│    2    │ 'executeBridge (Amoy)' │ '92737' │ '30000000063' │ '30.000000063' │ '2782110005842431' │ '0.002782110005842431' │    'POL'    │ '0xbd4fc0b19872f33a31cec42f1d05aa757c3ba64efc29f0435f87a52f9ffb0fa6' │
└─────────┴────────────────────────┴─────────┴───────────────┴────────────────┴────────────────────┴────────────────────────┴─────────────┴──────────────────────────────────────────────────────────────────────┘

💾 [LOGGER] Dados da transação salvos em: logs/testnet_logs.json
npm warn cli npm v11.13.0 does not support Node.js v18.19.1. This version of npm supports the following node versions: `^20.17.0 || >=22.9.0`. You can find the latest version at https://nodejs.org/.

[1/3] Aprovando Token na Fuji...
Aprovação concluída! Tx: 0x4a6aefb7b4f734983c327e6f82b063019ace6686d523d58fec4cbce3aad75168
Gas Used: 46318
Gas Price: 0.00000016 Gwei
Transaction Fee: 0.00000000000741088 AVAX

[2/3] Depositando Token no Notary da Fuji...
Depósito realizado! ID: 76
Gas Used: 56848
Gas Price: 0.00000016 Gwei
Transaction Fee: 0.00000000000909568 AVAX

[3/3] Nó executando a ponte na Amoy...
Execução concluída! Tx: 0xd16ddf42bced9c6dd8c2c443a602b8a5352714e665c1c3485d99daf7905fc2b1
Gas Used: 92737
Gas Price: 50.000000063 Gwei
Transaction Fee: 0.004636850005842431 POL
Saldo Amoy ANTES: 2.799
Saldo Amoy DEPOIS: 2.799

--- Resumo de gás (fluxo cross-chain completo) ---
┌─────────┬────────────────────────┬─────────┬───────────────┬────────────────┬────────────────────┬────────────────────────┬─────────────┬──────────────────────────────────────────────────────────────────────┐
│ (index) │          step          │ gasUsed │  gasPriceWei  │  gasPriceGwei  │ transactionFeeWei  │     transactionFee     │ nativeToken │                                txHash                                │
├─────────┼────────────────────────┼─────────┼───────────────┼────────────────┼────────────────────┼────────────────────────┼─────────────┼──────────────────────────────────────────────────────────────────────┤
│    0    │    'approve (Fuji)'    │ '46318' │     '160'     │  '0.00000016'  │     '7410880'      │ '0.00000000000741088'  │   'AVAX'    │ '0x4a6aefb7b4f734983c327e6f82b063019ace6686d523d58fec4cbce3aad75168' │
│    1    │    'deposit (Fuji)'    │ '56848' │     '160'     │  '0.00000016'  │     '9095680'      │ '0.00000000000909568'  │   'AVAX'    │ '0x5084a08d207654d1ac51a42db29bb68479a727425ac2e9d1b14931491eb2c985' │
│    2    │ 'executeBridge (Amoy)' │ '92737' │ '50000000063' │ '50.000000063' │ '4636850005842431' │ '0.004636850005842431' │    'POL'    │ '0xd16ddf42bced9c6dd8c2c443a602b8a5352714e665c1c3485d99daf7905fc2b1' │
└─────────┴────────────────────────┴─────────┴───────────────┴────────────────┴────────────────────┴────────────────────────┴─────────────┴──────────────────────────────────────────────────────────────────────┘

💾 [LOGGER] Dados da transação salvos em: logs/testnet_logs.json
npm warn cli npm v11.13.0 does not support Node.js v18.19.1. This version of npm supports the following node versions: `^20.17.0 || >=22.9.0`. You can find the latest version at https://nodejs.org/.

[1/3] Aprovando Token na Fuji...
Aprovação concluída! Tx: 0x5ec8148c976ea7f9f09fdaaf46af67aa0e76f5787b8f1a79096c428b182b9820
Gas Used: 46318
Gas Price: 0.00000016 Gwei
Transaction Fee: 0.00000000000741088 AVAX

[2/3] Depositando Token no Notary da Fuji...
Depósito realizado! ID: 77
Gas Used: 56848
Gas Price: 0.00000016 Gwei
Transaction Fee: 0.00000000000909568 AVAX

[3/3] Nó executando a ponte na Amoy...
Execução concluída! Tx: 0x119a43b9efacda28feb7309497746278db000c06931e8065673aafe71a6051ff
Gas Used: 92737
Gas Price: 35.437886152 Gwei
Transaction Fee: 0.003286403248078024 POL
Saldo Amoy ANTES: 2.799
Saldo Amoy DEPOIS: 2.8

--- Resumo de gás (fluxo cross-chain completo) ---
┌─────────┬────────────────────────┬─────────┬───────────────┬────────────────┬────────────────────┬────────────────────────┬─────────────┬──────────────────────────────────────────────────────────────────────┐
│ (index) │          step          │ gasUsed │  gasPriceWei  │  gasPriceGwei  │ transactionFeeWei  │     transactionFee     │ nativeToken │                                txHash                                │
├─────────┼────────────────────────┼─────────┼───────────────┼────────────────┼────────────────────┼────────────────────────┼─────────────┼──────────────────────────────────────────────────────────────────────┤
│    0    │    'approve (Fuji)'    │ '46318' │     '160'     │  '0.00000016'  │     '7410880'      │ '0.00000000000741088'  │   'AVAX'    │ '0x5ec8148c976ea7f9f09fdaaf46af67aa0e76f5787b8f1a79096c428b182b9820' │
│    1    │    'deposit (Fuji)'    │ '56848' │     '160'     │  '0.00000016'  │     '9095680'      │ '0.00000000000909568'  │   'AVAX'    │ '0x64b13359ba08548a32a1521670fb39029a78e8c66b297ed5917043cedf195373' │
│    2    │ 'executeBridge (Amoy)' │ '92737' │ '35437886152' │ '35.437886152' │ '3286403248078024' │ '0.003286403248078024' │    'POL'    │ '0x119a43b9efacda28feb7309497746278db000c06931e8065673aafe71a6051ff' │
└─────────┴────────────────────────┴─────────┴───────────────┴────────────────┴────────────────────┴────────────────────────┴─────────────┴──────────────────────────────────────────────────────────────────────┘

💾 [LOGGER] Dados da transação salvos em: logs/testnet_logs.json
npm warn cli npm v11.13.0 does not support Node.js v18.19.1. This version of npm supports the following node versions: `^20.17.0 || >=22.9.0`. You can find the latest version at https://nodejs.org/.

[1/3] Aprovando Token na Fuji...
Aprovação concluída! Tx: 0xb8046d38079a515656b9f8a71ded6e7620b79b0b602567f69eb4e1fc31c91de3
Gas Used: 46318
Gas Price: 0.00000016 Gwei
Transaction Fee: 0.00000000000741088 AVAX

[2/3] Depositando Token no Notary da Fuji...
Depósito realizado! ID: 78
Gas Used: 56848
Gas Price: 0.00000016 Gwei
Transaction Fee: 0.00000000000909568 AVAX

[3/3] Nó executando a ponte na Amoy...
Execução concluída! Tx: 0x23d93f696250bd254635789b4975641c0c3fbcc932da23040101be9881ab5214
Gas Used: 92737
Gas Price: 30.000000031 Gwei
Transaction Fee: 0.002782110002874847 POL
Saldo Amoy ANTES: 2.799
Saldo Amoy DEPOIS: 2.8

--- Resumo de gás (fluxo cross-chain completo) ---
┌─────────┬────────────────────────┬─────────┬───────────────┬────────────────┬────────────────────┬────────────────────────┬─────────────┬──────────────────────────────────────────────────────────────────────┐
│ (index) │          step          │ gasUsed │  gasPriceWei  │  gasPriceGwei  │ transactionFeeWei  │     transactionFee     │ nativeToken │                                txHash                                │
├─────────┼────────────────────────┼─────────┼───────────────┼────────────────┼────────────────────┼────────────────────────┼─────────────┼──────────────────────────────────────────────────────────────────────┤
│    0    │    'approve (Fuji)'    │ '46318' │     '160'     │  '0.00000016'  │     '7410880'      │ '0.00000000000741088'  │   'AVAX'    │ '0xb8046d38079a515656b9f8a71ded6e7620b79b0b602567f69eb4e1fc31c91de3' │
│    1    │    'deposit (Fuji)'    │ '56848' │     '160'     │  '0.00000016'  │     '9095680'      │ '0.00000000000909568'  │   'AVAX'    │ '0xf5d322d3c9b2c5d32413555d36b7b1e2ca9111f003642458d8701018e46af94f' │
│    2    │ 'executeBridge (Amoy)' │ '92737' │ '30000000031' │ '30.000000031' │ '2782110002874847' │ '0.002782110002874847' │    'POL'    │ '0x23d93f696250bd254635789b4975641c0c3fbcc932da23040101be9881ab5214' │
└─────────┴────────────────────────┴─────────┴───────────────┴────────────────┴────────────────────┴────────────────────────┴─────────────┴──────────────────────────────────────────────────────────────────────┘

💾 [LOGGER] Dados da transação salvos em: logs/testnet_logs.json
npm warn cli npm v11.13.0 does not support Node.js v18.19.1. This version of npm supports the following node versions: `^20.17.0 || >=22.9.0`. You can find the latest version at https://nodejs.org/.

[1/3] Aprovando Token na Fuji...
Aprovação concluída! Tx: 0x24b3ea3933136e013c8180c1224f29c729d4fdac1e717bf170e8f2902bcac914
Gas Used: 46318
Gas Price: 0.00000016 Gwei
Transaction Fee: 0.00000000000741088 AVAX

[2/3] Depositando Token no Notary da Fuji...
Depósito realizado! ID: 79
Gas Used: 56848
Gas Price: 0.00000016 Gwei
Transaction Fee: 0.00000000000909568 AVAX

[3/3] Nó executando a ponte na Amoy...
Execução concluída! Tx: 0x6d5e5dd95db7d508185f4377415b9fa5de38215b6230491e8faadda55fee97e5
Gas Used: 92737
Gas Price: 120.000000252 Gwei
Transaction Fee: 0.011128440023369724 POL
Saldo Amoy ANTES: 2.799
Saldo Amoy DEPOIS: 2.8

--- Resumo de gás (fluxo cross-chain completo) ---
┌─────────┬────────────────────────┬─────────┬────────────────┬─────────────────┬─────────────────────┬────────────────────────┬─────────────┬──────────────────────────────────────────────────────────────────────┐
│ (index) │          step          │ gasUsed │  gasPriceWei   │  gasPriceGwei   │  transactionFeeWei  │     transactionFee     │ nativeToken │                                txHash                                │
├─────────┼────────────────────────┼─────────┼────────────────┼─────────────────┼─────────────────────┼────────────────────────┼─────────────┼──────────────────────────────────────────────────────────────────────┤
│    0    │    'approve (Fuji)'    │ '46318' │     '160'      │  '0.00000016'   │      '7410880'      │ '0.00000000000741088'  │   'AVAX'    │ '0x24b3ea3933136e013c8180c1224f29c729d4fdac1e717bf170e8f2902bcac914' │
│    1    │    'deposit (Fuji)'    │ '56848' │     '160'      │  '0.00000016'   │      '9095680'      │ '0.00000000000909568'  │   'AVAX'    │ '0x8425153ab719d969ba7b6c779d3549cdc759062ade915eee060d3e64bbeb9752' │
│    2    │ 'executeBridge (Amoy)' │ '92737' │ '120000000252' │ '120.000000252' │ '11128440023369724' │ '0.011128440023369724' │    'POL'    │ '0x6d5e5dd95db7d508185f4377415b9fa5de38215b6230491e8faadda55fee97e5' │
└─────────┴────────────────────────┴─────────┴────────────────┴─────────────────┴─────────────────────┴────────────────────────┴─────────────┴──────────────────────────────────────────────────────────────────────┘

💾 [LOGGER] Dados da transação salvos em: logs/testnet_logs.json
npm warn cli npm v11.13.0 does not support Node.js v18.19.1. This version of npm supports the following node versions: `^20.17.0 || >=22.9.0`. You can find the latest version at https://nodejs.org/.

[1/3] Aprovando Token na Fuji...
Aprovação concluída! Tx: 0xc8ede76a64a7a4748b368311a2b677be1974e3408cb9c65db851899beddb4c4d
Gas Used: 46318
Gas Price: 0.00000016 Gwei
Transaction Fee: 0.00000000000741088 AVAX

[2/3] Depositando Token no Notary da Fuji...
Depósito realizado! ID: 80
Gas Used: 56848
Gas Price: 0.00000016 Gwei
Transaction Fee: 0.00000000000909568 AVAX

[3/3] Nó executando a ponte na Amoy...
Execução concluída! Tx: 0xc3710c67846cf9469d5a5ddbf1d9fb974f9c7407e2866de560ed6183b229627b
Gas Used: 92737
Gas Price: 240.000000504 Gwei
Transaction Fee: 0.022256880046739448 POL
Saldo Amoy ANTES: 2.799
Saldo Amoy DEPOIS: 2.8

--- Resumo de gás (fluxo cross-chain completo) ---
┌─────────┬────────────────────────┬─────────┬────────────────┬─────────────────┬─────────────────────┬────────────────────────┬─────────────┬──────────────────────────────────────────────────────────────────────┐
│ (index) │          step          │ gasUsed │  gasPriceWei   │  gasPriceGwei   │  transactionFeeWei  │     transactionFee     │ nativeToken │                                txHash                                │
├─────────┼────────────────────────┼─────────┼────────────────┼─────────────────┼─────────────────────┼────────────────────────┼─────────────┼──────────────────────────────────────────────────────────────────────┤
│    0    │    'approve (Fuji)'    │ '46318' │     '160'      │  '0.00000016'   │      '7410880'      │ '0.00000000000741088'  │   'AVAX'    │ '0xc8ede76a64a7a4748b368311a2b677be1974e3408cb9c65db851899beddb4c4d' │
│    1    │    'deposit (Fuji)'    │ '56848' │     '160'      │  '0.00000016'   │      '9095680'      │ '0.00000000000909568'  │   'AVAX'    │ '0x743f0ef820db6c9751ec07f40a2b05195bdf1356de745f92b1fe10ed81018f99' │
│    2    │ 'executeBridge (Amoy)' │ '92737' │ '240000000504' │ '240.000000504' │ '22256880046739448' │ '0.022256880046739448' │    'POL'    │ '0xc3710c67846cf9469d5a5ddbf1d9fb974f9c7407e2866de560ed6183b229627b' │
└─────────┴────────────────────────┴─────────┴────────────────┴─────────────────┴─────────────────────┴────────────────────────┴─────────────┴──────────────────────────────────────────────────────────────────────┘

💾 [LOGGER] Dados da transação salvos em: logs/testnet_logs.json
npm warn cli npm v11.13.0 does not support Node.js v18.19.1. This version of npm supports the following node versions: `^20.17.0 || >=22.9.0`. You can find the latest version at https://nodejs.org/.

[1/3] Aprovando Token na Fuji...
Aprovação concluída! Tx: 0x62ac1c441a9508662fe1b654354c0fabf8294cbf4397323647924c90feab1a01
Gas Used: 46318
Gas Price: 0.00000016 Gwei
Transaction Fee: 0.00000000000741088 AVAX

[2/3] Depositando Token no Notary da Fuji...
Depósito realizado! ID: 81
Gas Used: 56848
Gas Price: 0.00000016 Gwei
Transaction Fee: 0.00000000000909568 AVAX

[3/3] Nó executando a ponte na Amoy...
Execução concluída! Tx: 0xb1dcc484c480512b594e3a9ea36c49d64bd2e115250760c375ef20e974d8103c
Gas Used: 92737
Gas Price: 45.000000094 Gwei
Transaction Fee: 0.004173165008717278 POL
Saldo Amoy ANTES: 2.799
Saldo Amoy DEPOIS: 2.799

--- Resumo de gás (fluxo cross-chain completo) ---
┌─────────┬────────────────────────┬─────────┬───────────────┬────────────────┬────────────────────┬────────────────────────┬─────────────┬──────────────────────────────────────────────────────────────────────┐
│ (index) │          step          │ gasUsed │  gasPriceWei  │  gasPriceGwei  │ transactionFeeWei  │     transactionFee     │ nativeToken │                                txHash                                │
├─────────┼────────────────────────┼─────────┼───────────────┼────────────────┼────────────────────┼────────────────────────┼─────────────┼──────────────────────────────────────────────────────────────────────┤
│    0    │    'approve (Fuji)'    │ '46318' │     '160'     │  '0.00000016'  │     '7410880'      │ '0.00000000000741088'  │   'AVAX'    │ '0x62ac1c441a9508662fe1b654354c0fabf8294cbf4397323647924c90feab1a01' │
│    1    │    'deposit (Fuji)'    │ '56848' │     '160'     │  '0.00000016'  │     '9095680'      │ '0.00000000000909568'  │   'AVAX'    │ '0xe440b58b41f9f0708d5418ba9a8f1ccf2739dc256b5d27fd598dabe6a355e612' │
│    2    │ 'executeBridge (Amoy)' │ '92737' │ '45000000094' │ '45.000000094' │ '4173165008717278' │ '0.004173165008717278' │    'POL'    │ '0xb1dcc484c480512b594e3a9ea36c49d64bd2e115250760c375ef20e974d8103c' │
└─────────┴────────────────────────┴─────────┴───────────────┴────────────────┴────────────────────┴────────────────────────┴─────────────┴──────────────────────────────────────────────────────────────────────┘

💾 [LOGGER] Dados da transação salvos em: logs/testnet_logs.json
npm warn cli npm v11.13.0 does not support Node.js v18.19.1. This version of npm supports the following node versions: `^20.17.0 || >=22.9.0`. You can find the latest version at https://nodejs.org/.

[1/3] Aprovando Token na Fuji...
Aprovação concluída! Tx: 0x9cd43ea848f13f40ee0157befe9d8a003df49ae1531268d399ac99aee15b9b68
Gas Used: 46318
Gas Price: 0.00000016 Gwei
Transaction Fee: 0.00000000000741088 AVAX

[2/3] Depositando Token no Notary da Fuji...
Depósito realizado! ID: 82
Gas Used: 56848
Gas Price: 0.00000016 Gwei
Transaction Fee: 0.00000000000909568 AVAX

[3/3] Nó executando a ponte na Amoy...
Execução concluída! Tx: 0x1de424d0a2feacc4d17482e7fb3cd46d6524c728c138f5b39e9e98d721dcc80f
Gas Used: 92737
Gas Price: 62.25000007 Gwei
Transaction Fee: 0.00577287825649159 POL
Saldo Amoy ANTES: 2.799
Saldo Amoy DEPOIS: 2.8

--- Resumo de gás (fluxo cross-chain completo) ---
┌─────────┬────────────────────────┬─────────┬───────────────┬───────────────┬────────────────────┬───────────────────────┬─────────────┬──────────────────────────────────────────────────────────────────────┐
│ (index) │          step          │ gasUsed │  gasPriceWei  │ gasPriceGwei  │ transactionFeeWei  │    transactionFee     │ nativeToken │                                txHash                                │
├─────────┼────────────────────────┼─────────┼───────────────┼───────────────┼────────────────────┼───────────────────────┼─────────────┼──────────────────────────────────────────────────────────────────────┤
│    0    │    'approve (Fuji)'    │ '46318' │     '160'     │ '0.00000016'  │     '7410880'      │ '0.00000000000741088' │   'AVAX'    │ '0x9cd43ea848f13f40ee0157befe9d8a003df49ae1531268d399ac99aee15b9b68' │
│    1    │    'deposit (Fuji)'    │ '56848' │     '160'     │ '0.00000016'  │     '9095680'      │ '0.00000000000909568' │   'AVAX'    │ '0x2e091a555df3d0c85d7ec87b854beffb966677dcff723501e9147e2cd705e680' │
│    2    │ 'executeBridge (Amoy)' │ '92737' │ '62250000070' │ '62.25000007' │ '5772878256491590' │ '0.00577287825649159' │    'POL'    │ '0x1de424d0a2feacc4d17482e7fb3cd46d6524c728c138f5b39e9e98d721dcc80f' │
└─────────┴────────────────────────┴─────────┴───────────────┴───────────────┴────────────────────┴───────────────────────┴─────────────┴──────────────────────────────────────────────────────────────────────┘

💾 [LOGGER] Dados da transação salvos em: logs/testnet_logs.json
npm warn cli npm v11.13.0 does not support Node.js v18.19.1. This version of npm supports the following node versions: `^20.17.0 || >=22.9.0`. You can find the latest version at https://nodejs.org/.

[1/3] Aprovando Token na Fuji...
Aprovação concluída! Tx: 0x15d6c6d17de12e405f84c430f0e7b3d0edd2dcc429be23e062949b8d3c1f1224
Gas Used: 46318
Gas Price: 0.00000016 Gwei
Transaction Fee: 0.00000000000741088 AVAX

[2/3] Depositando Token no Notary da Fuji...
Depósito realizado! ID: 83
Gas Used: 56848
Gas Price: 0.00000016 Gwei
Transaction Fee: 0.00000000000909568 AVAX

[3/3] Nó executando a ponte na Amoy...
Execução concluída! Tx: 0x95b2a7d92b45a094c32a852ea19d09d5d6835b7e965e03b8afedc07bec8ed8cf
Gas Used: 92737
Gas Price: 30.000000063 Gwei
Transaction Fee: 0.002782110005842431 POL
Saldo Amoy ANTES: 2.799
Saldo Amoy DEPOIS: 2.8

--- Resumo de gás (fluxo cross-chain completo) ---
┌─────────┬────────────────────────┬─────────┬───────────────┬────────────────┬────────────────────┬────────────────────────┬─────────────┬──────────────────────────────────────────────────────────────────────┐
│ (index) │          step          │ gasUsed │  gasPriceWei  │  gasPriceGwei  │ transactionFeeWei  │     transactionFee     │ nativeToken │                                txHash                                │
├─────────┼────────────────────────┼─────────┼───────────────┼────────────────┼────────────────────┼────────────────────────┼─────────────┼──────────────────────────────────────────────────────────────────────┤
│    0    │    'approve (Fuji)'    │ '46318' │     '160'     │  '0.00000016'  │     '7410880'      │ '0.00000000000741088'  │   'AVAX'    │ '0x15d6c6d17de12e405f84c430f0e7b3d0edd2dcc429be23e062949b8d3c1f1224' │
│    1    │    'deposit (Fuji)'    │ '56848' │     '160'     │  '0.00000016'  │     '9095680'      │ '0.00000000000909568'  │   'AVAX'    │ '0xb452c0423d504651acb52351a237a83461457617595dee0f4c9263a89125ebfd' │
│    2    │ 'executeBridge (Amoy)' │ '92737' │ '30000000063' │ '30.000000063' │ '2782110005842431' │ '0.002782110005842431' │    'POL'    │ '0x95b2a7d92b45a094c32a852ea19d09d5d6835b7e965e03b8afedc07bec8ed8cf' │
└─────────┴────────────────────────┴─────────┴───────────────┴────────────────┴────────────────────┴────────────────────────┴─────────────┴──────────────────────────────────────────────────────────────────────┘

💾 [LOGGER] Dados da transação salvos em: logs/testnet_logs.json
npm warn cli npm v11.13.0 does not support Node.js v18.19.1. This version of npm supports the following node versions: `^20.17.0 || >=22.9.0`. You can find the latest version at https://nodejs.org/.

[1/3] Aprovando Token na Fuji...
Aprovação concluída! Tx: 0x359fc1fc726cadcba7dbb6d51edcfdf39916a5c92d7dbba73a44a9b8b5880fed
Gas Used: 46318
Gas Price: 0.00000016 Gwei
Transaction Fee: 0.00000000000741088 AVAX

[2/3] Depositando Token no Notary da Fuji...
Depósito realizado! ID: 84
Gas Used: 56848
Gas Price: 0.00000016 Gwei
Transaction Fee: 0.00000000000909568 AVAX

[3/3] Nó executando a ponte na Amoy...
Execução concluída! Tx: 0x6e856b8b28b03ca6aae2e21a174d62eac949b1c6dfd171ed768af6952f12c3c6
Gas Used: 92737
Gas Price: 30.000000063 Gwei
Transaction Fee: 0.002782110005842431 POL
Saldo Amoy ANTES: 2.799
Saldo Amoy DEPOIS: 2.8

--- Resumo de gás (fluxo cross-chain completo) ---
┌─────────┬────────────────────────┬─────────┬───────────────┬────────────────┬────────────────────┬────────────────────────┬─────────────┬──────────────────────────────────────────────────────────────────────┐
│ (index) │          step          │ gasUsed │  gasPriceWei  │  gasPriceGwei  │ transactionFeeWei  │     transactionFee     │ nativeToken │                                txHash                                │
├─────────┼────────────────────────┼─────────┼───────────────┼────────────────┼────────────────────┼────────────────────────┼─────────────┼──────────────────────────────────────────────────────────────────────┤
│    0    │    'approve (Fuji)'    │ '46318' │     '160'     │  '0.00000016'  │     '7410880'      │ '0.00000000000741088'  │   'AVAX'    │ '0x359fc1fc726cadcba7dbb6d51edcfdf39916a5c92d7dbba73a44a9b8b5880fed' │
│    1    │    'deposit (Fuji)'    │ '56848' │     '160'     │  '0.00000016'  │     '9095680'      │ '0.00000000000909568'  │   'AVAX'    │ '0x242779ac68a7d65b9b4e762f1f5c2c75f24f8e69e73f18d5d26f52a4387b96dc' │
│    2    │ 'executeBridge (Amoy)' │ '92737' │ '30000000063' │ '30.000000063' │ '2782110005842431' │ '0.002782110005842431' │    'POL'    │ '0x6e856b8b28b03ca6aae2e21a174d62eac949b1c6dfd171ed768af6952f12c3c6' │
└─────────┴────────────────────────┴─────────┴───────────────┴────────────────┴────────────────────┴────────────────────────┴─────────────┴──────────────────────────────────────────────────────────────────────┘

💾 [LOGGER] Dados da transação salvos em: logs/testnet_logs.json
npm warn cli npm v11.13.0 does not support Node.js v18.19.1. This version of npm supports the following node versions: `^20.17.0 || >=22.9.0`. You can find the latest version at https://nodejs.org/.

[1/3] Aprovando Token na Fuji...
Aprovação concluída! Tx: 0x39b1324a0fd733812f95dec6cdf062c62430f6e9e6bc275d4628ad1aa40b2d33
Gas Used: 46318
Gas Price: 0.00000016 Gwei
Transaction Fee: 0.00000000000741088 AVAX

[2/3] Depositando Token no Notary da Fuji...
Depósito realizado! ID: 85
Gas Used: 56848
Gas Price: 0.00000016 Gwei
Transaction Fee: 0.00000000000909568 AVAX

[3/3] Nó executando a ponte na Amoy...
Execução concluída! Tx: 0xcf56ecb99985bd7f7e5eba828da262b91be0e32d62ee714f96fd9153d45d499d
Gas Used: 92737
Gas Price: 50.000000063 Gwei
Transaction Fee: 0.004636850005842431 POL
Saldo Amoy ANTES: 2.799
Saldo Amoy DEPOIS: 2.8

--- Resumo de gás (fluxo cross-chain completo) ---
┌─────────┬────────────────────────┬─────────┬───────────────┬────────────────┬────────────────────┬────────────────────────┬─────────────┬──────────────────────────────────────────────────────────────────────┐
│ (index) │          step          │ gasUsed │  gasPriceWei  │  gasPriceGwei  │ transactionFeeWei  │     transactionFee     │ nativeToken │                                txHash                                │
├─────────┼────────────────────────┼─────────┼───────────────┼────────────────┼────────────────────┼────────────────────────┼─────────────┼──────────────────────────────────────────────────────────────────────┤
│    0    │    'approve (Fuji)'    │ '46318' │     '160'     │  '0.00000016'  │     '7410880'      │ '0.00000000000741088'  │   'AVAX'    │ '0x39b1324a0fd733812f95dec6cdf062c62430f6e9e6bc275d4628ad1aa40b2d33' │
│    1    │    'deposit (Fuji)'    │ '56848' │     '160'     │  '0.00000016'  │     '9095680'      │ '0.00000000000909568'  │   'AVAX'    │ '0x798774cbe143be818caaeba10bb253c86f872c87a531a34892fea1207d630650' │
│    2    │ 'executeBridge (Amoy)' │ '92737' │ '50000000063' │ '50.000000063' │ '4636850005842431' │ '0.004636850005842431' │    'POL'    │ '0xcf56ecb99985bd7f7e5eba828da262b91be0e32d62ee714f96fd9153d45d499d' │
└─────────┴────────────────────────┴─────────┴───────────────┴────────────────┴────────────────────┴────────────────────────┴─────────────┴──────────────────────────────────────────────────────────────────────┘

💾 [LOGGER] Dados da transação salvos em: logs/testnet_logs.json
npm warn cli npm v11.13.0 does not support Node.js v18.19.1. This version of npm supports the following node versions: `^20.17.0 || >=22.9.0`. You can find the latest version at https://nodejs.org/.

[1/3] Aprovando Token na Fuji...
Aprovação concluída! Tx: 0x37a6eb124473c448151402d23002691d040833ed7a4ba47989e0bb7f4de5367b
Gas Used: 46318
Gas Price: 0.00000016 Gwei
Transaction Fee: 0.00000000000741088 AVAX

[2/3] Depositando Token no Notary da Fuji...
Depósito realizado! ID: 86
Gas Used: 56848
Gas Price: 0.00000016 Gwei
Transaction Fee: 0.00000000000909568 AVAX

[3/3] Nó executando a ponte na Amoy...
Execução concluída! Tx: 0x2ac6234688087be504ba90ea64b313301d3eac54d96f4ad0c9da47d21f70f75d
Gas Used: 92737
Gas Price: 32.000000063 Gwei
Transaction Fee: 0.002967584005842431 POL
Saldo Amoy ANTES: 2.799
Saldo Amoy DEPOIS: 2.8

--- Resumo de gás (fluxo cross-chain completo) ---
┌─────────┬────────────────────────┬─────────┬───────────────┬────────────────┬────────────────────┬────────────────────────┬─────────────┬──────────────────────────────────────────────────────────────────────┐
│ (index) │          step          │ gasUsed │  gasPriceWei  │  gasPriceGwei  │ transactionFeeWei  │     transactionFee     │ nativeToken │                                txHash                                │
├─────────┼────────────────────────┼─────────┼───────────────┼────────────────┼────────────────────┼────────────────────────┼─────────────┼──────────────────────────────────────────────────────────────────────┤
│    0    │    'approve (Fuji)'    │ '46318' │     '160'     │  '0.00000016'  │     '7410880'      │ '0.00000000000741088'  │   'AVAX'    │ '0x37a6eb124473c448151402d23002691d040833ed7a4ba47989e0bb7f4de5367b' │
│    1    │    'deposit (Fuji)'    │ '56848' │     '160'     │  '0.00000016'  │     '9095680'      │ '0.00000000000909568'  │   'AVAX'    │ '0xaca9b590417213c4aafa15c2c12d75f91bd36e1039e0b7b491d7a302f2be2d06' │
│    2    │ 'executeBridge (Amoy)' │ '92737' │ '32000000063' │ '32.000000063' │ '2967584005842431' │ '0.002967584005842431' │    'POL'    │ '0x2ac6234688087be504ba90ea64b313301d3eac54d96f4ad0c9da47d21f70f75d' │
└─────────┴────────────────────────┴─────────┴───────────────┴────────────────┴────────────────────┴────────────────────────┴─────────────┴──────────────────────────────────────────────────────────────────────┘

💾 [LOGGER] Dados da transação salvos em: logs/testnet_logs.json
npm warn cli npm v11.13.0 does not support Node.js v18.19.1. This version of npm supports the following node versions: `^20.17.0 || >=22.9.0`. You can find the latest version at https://nodejs.org/.

[1/3] Aprovando Token na Fuji...
Aprovação concluída! Tx: 0x80e3e113dc83ea7772d1f89306fb71f9f37c15e62c911aa86edae755f3bd1ae4
Gas Used: 46318
Gas Price: 0.00000016 Gwei
Transaction Fee: 0.00000000000741088 AVAX

[2/3] Depositando Token no Notary da Fuji...
Depósito realizado! ID: 87
Gas Used: 56848
Gas Price: 0.00000016 Gwei
Transaction Fee: 0.00000000000909568 AVAX

[3/3] Nó executando a ponte na Amoy...
Execução concluída! Tx: 0xd2d335ddf9071f963d80f2b88cc972096d457d64a661d097fc8d9507c3560557
Gas Used: 92737
Gas Price: 50.000000063 Gwei
Transaction Fee: 0.004636850005842431 POL
Saldo Amoy ANTES: 2.799
Saldo Amoy DEPOIS: 2.8

--- Resumo de gás (fluxo cross-chain completo) ---
┌─────────┬────────────────────────┬─────────┬───────────────┬────────────────┬────────────────────┬────────────────────────┬─────────────┬──────────────────────────────────────────────────────────────────────┐
│ (index) │          step          │ gasUsed │  gasPriceWei  │  gasPriceGwei  │ transactionFeeWei  │     transactionFee     │ nativeToken │                                txHash                                │
├─────────┼────────────────────────┼─────────┼───────────────┼────────────────┼────────────────────┼────────────────────────┼─────────────┼──────────────────────────────────────────────────────────────────────┤
│    0    │    'approve (Fuji)'    │ '46318' │     '160'     │  '0.00000016'  │     '7410880'      │ '0.00000000000741088'  │   'AVAX'    │ '0x80e3e113dc83ea7772d1f89306fb71f9f37c15e62c911aa86edae755f3bd1ae4' │
│    1    │    'deposit (Fuji)'    │ '56848' │     '160'     │  '0.00000016'  │     '9095680'      │ '0.00000000000909568'  │   'AVAX'    │ '0x3e40bae25decbd1e90b38a4863f1c75d5eaac2369364b9578a6bf970ad3efd1a' │
│    2    │ 'executeBridge (Amoy)' │ '92737' │ '50000000063' │ '50.000000063' │ '4636850005842431' │ '0.004636850005842431' │    'POL'    │ '0xd2d335ddf9071f963d80f2b88cc972096d457d64a661d097fc8d9507c3560557' │
└─────────┴────────────────────────┴─────────┴───────────────┴────────────────┴────────────────────┴────────────────────────┴─────────────┴──────────────────────────────────────────────────────────────────────┘

💾 [LOGGER] Dados da transação salvos em: logs/testnet_logs.json
npm warn cli npm v11.13.0 does not support Node.js v18.19.1. This version of npm supports the following node versions: `^20.17.0 || >=22.9.0`. You can find the latest version at https://nodejs.org/.

[1/3] Aprovando Token na Fuji...
Aprovação concluída! Tx: 0xa09b129a9d06372942c31adf2d68e1b5d38c451902bf898c5ce231a7704b4a31
Gas Used: 46318
Gas Price: 0.00000016 Gwei
Transaction Fee: 0.00000000000741088 AVAX

[2/3] Depositando Token no Notary da Fuji...
Depósito realizado! ID: 88
Gas Used: 56848
Gas Price: 0.00000016 Gwei
Transaction Fee: 0.00000000000909568 AVAX

[3/3] Nó executando a ponte na Amoy...
Execução concluída! Tx: 0x2c71b38eefbc889b6f350694d93d346937f598d4bc36298076bf9a30afe74443
Gas Used: 92737
Gas Price: 32.000000126 Gwei
Transaction Fee: 0.002967584011684862 POL
Saldo Amoy ANTES: 2.799
Saldo Amoy DEPOIS: 2.8

--- Resumo de gás (fluxo cross-chain completo) ---
┌─────────┬────────────────────────┬─────────┬───────────────┬────────────────┬────────────────────┬────────────────────────┬─────────────┬──────────────────────────────────────────────────────────────────────┐
│ (index) │          step          │ gasUsed │  gasPriceWei  │  gasPriceGwei  │ transactionFeeWei  │     transactionFee     │ nativeToken │                                txHash                                │
├─────────┼────────────────────────┼─────────┼───────────────┼────────────────┼────────────────────┼────────────────────────┼─────────────┼──────────────────────────────────────────────────────────────────────┤
│    0    │    'approve (Fuji)'    │ '46318' │     '160'     │  '0.00000016'  │     '7410880'      │ '0.00000000000741088'  │   'AVAX'    │ '0xa09b129a9d06372942c31adf2d68e1b5d38c451902bf898c5ce231a7704b4a31' │
│    1    │    'deposit (Fuji)'    │ '56848' │     '160'     │  '0.00000016'  │     '9095680'      │ '0.00000000000909568'  │   'AVAX'    │ '0x3aec7038a1efb0ae40bcadc079b50e7f3db9c380f6485bda7991b3cbb6004735' │
│    2    │ 'executeBridge (Amoy)' │ '92737' │ '32000000126' │ '32.000000126' │ '2967584011684862' │ '0.002967584011684862' │    'POL'    │ '0x2c71b38eefbc889b6f350694d93d346937f598d4bc36298076bf9a30afe74443' │
└─────────┴────────────────────────┴─────────┴───────────────┴────────────────┴────────────────────┴────────────────────────┴─────────────┴──────────────────────────────────────────────────────────────────────┘

💾 [LOGGER] Dados da transação salvos em: logs/testnet_logs.json
npm warn cli npm v11.13.0 does not support Node.js v18.19.1. This version of npm supports the following node versions: `^20.17.0 || >=22.9.0`. You can find the latest version at https://nodejs.org/.

[1/3] Aprovando Token na Fuji...
Aprovação concluída! Tx: 0xb7b12578dfaf1e4ccf6354eb61c8eb03ecc5b0abb7e650e9603ac002adffb106
Gas Used: 46318
Gas Price: 0.00000016 Gwei
Transaction Fee: 0.00000000000741088 AVAX

[2/3] Depositando Token no Notary da Fuji...
Depósito realizado! ID: 89
Gas Used: 56848
Gas Price: 0.00000016 Gwei
Transaction Fee: 0.00000000000909568 AVAX

[3/3] Nó executando a ponte na Amoy...
Execução concluída! Tx: 0xd235cce7196248f4fffc773e34b00ba8bb51e54475bd6744c10034fa0a1e52cc
Gas Used: 92737
Gas Price: 47.884602016 Gwei
Transaction Fee: 0.004440674337157792 POL
Saldo Amoy ANTES: 2.799
Saldo Amoy DEPOIS: 2.799

--- Resumo de gás (fluxo cross-chain completo) ---
┌─────────┬────────────────────────┬─────────┬───────────────┬────────────────┬────────────────────┬────────────────────────┬─────────────┬──────────────────────────────────────────────────────────────────────┐
│ (index) │          step          │ gasUsed │  gasPriceWei  │  gasPriceGwei  │ transactionFeeWei  │     transactionFee     │ nativeToken │                                txHash                                │
├─────────┼────────────────────────┼─────────┼───────────────┼────────────────┼────────────────────┼────────────────────────┼─────────────┼──────────────────────────────────────────────────────────────────────┤
│    0    │    'approve (Fuji)'    │ '46318' │     '160'     │  '0.00000016'  │     '7410880'      │ '0.00000000000741088'  │   'AVAX'    │ '0xb7b12578dfaf1e4ccf6354eb61c8eb03ecc5b0abb7e650e9603ac002adffb106' │
│    1    │    'deposit (Fuji)'    │ '56848' │     '160'     │  '0.00000016'  │     '9095680'      │ '0.00000000000909568'  │   'AVAX'    │ '0x63058f81259bced539925773c1c17c6fbc327881149f85e94a6595dd824be0e9' │
│    2    │ 'executeBridge (Amoy)' │ '92737' │ '47884602016' │ '47.884602016' │ '4440674337157792' │ '0.004440674337157792' │    'POL'    │ '0xd235cce7196248f4fffc773e34b00ba8bb51e54475bd6744c10034fa0a1e52cc' │
└─────────┴────────────────────────┴─────────┴───────────────┴────────────────┴────────────────────┴────────────────────────┴─────────────┴──────────────────────────────────────────────────────────────────────┘

💾 [LOGGER] Dados da transação salvos em: logs/testnet_logs.json
npm warn cli npm v11.13.0 does not support Node.js v18.19.1. This version of npm supports the following node versions: `^20.17.0 || >=22.9.0`. You can find the latest version at https://nodejs.org/.

[1/3] Aprovando Token na Fuji...
Aprovação concluída! Tx: 0x2dbd93e60e2ee58591530035eb8801c99fe67b4a4f23ede4d035c8ce1a67d78c
Gas Used: 46318
Gas Price: 0.00000016 Gwei
Transaction Fee: 0.00000000000741088 AVAX

[2/3] Depositando Token no Notary da Fuji...
Depósito realizado! ID: 90
Gas Used: 56848
Gas Price: 0.00000016 Gwei
Transaction Fee: 0.00000000000909568 AVAX

[3/3] Nó executando a ponte na Amoy...
Execução concluída! Tx: 0x5cac79ca7febfb227fde1bebfd31c325d2086c780a087492100b84a6c396a7bd
Gas Used: 92737
Gas Price: 60.0 Gwei
Transaction Fee: 0.00556422 POL
Saldo Amoy ANTES: 2.799
Saldo Amoy DEPOIS: 2.799

--- Resumo de gás (fluxo cross-chain completo) ---
┌─────────┬────────────────────────┬─────────┬───────────────┬──────────────┬────────────────────┬───────────────────────┬─────────────┬──────────────────────────────────────────────────────────────────────┐
│ (index) │          step          │ gasUsed │  gasPriceWei  │ gasPriceGwei │ transactionFeeWei  │    transactionFee     │ nativeToken │                                txHash                                │
├─────────┼────────────────────────┼─────────┼───────────────┼──────────────┼────────────────────┼───────────────────────┼─────────────┼──────────────────────────────────────────────────────────────────────┤
│    0    │    'approve (Fuji)'    │ '46318' │     '160'     │ '0.00000016' │     '7410880'      │ '0.00000000000741088' │   'AVAX'    │ '0x2dbd93e60e2ee58591530035eb8801c99fe67b4a4f23ede4d035c8ce1a67d78c' │
│    1    │    'deposit (Fuji)'    │ '56848' │     '160'     │ '0.00000016' │     '9095680'      │ '0.00000000000909568' │   'AVAX'    │ '0x9527bfaa9fcf44f4e3d4b6a75a5effb91df2f0d6165a15244231aa13567db3ca' │
│    2    │ 'executeBridge (Amoy)' │ '92737' │ '60000000000' │    '60.0'    │ '5564220000000000' │     '0.00556422'      │    'POL'    │ '0x5cac79ca7febfb227fde1bebfd31c325d2086c780a087492100b84a6c396a7bd' │
└─────────┴────────────────────────┴─────────┴───────────────┴──────────────┴────────────────────┴───────────────────────┴─────────────┴──────────────────────────────────────────────────────────────────────┘

💾 [LOGGER] Dados da transação salvos em: logs/testnet_logs.json
npm warn cli npm v11.13.0 does not support Node.js v18.19.1. This version of npm supports the following node versions: `^20.17.0 || >=22.9.0`. You can find the latest version at https://nodejs.org/.

[1/3] Aprovando Token na Fuji...
Aprovação concluída! Tx: 0xb810d1d86481cb5c32f51927c362dc723be1b41f0fac25bf75443e1fdeba3283
Gas Used: 46318
Gas Price: 0.00000016 Gwei
Transaction Fee: 0.00000000000741088 AVAX

[2/3] Depositando Token no Notary da Fuji...
Depósito realizado! ID: 91
Gas Used: 56848
Gas Price: 0.00000016 Gwei
Transaction Fee: 0.00000000000909568 AVAX

[3/3] Nó executando a ponte na Amoy...
Execução concluída! Tx: 0x223dbb6fc694cdaa25e8b972aceb0d8b4a14b88f622b1802b168bed032d29a8d
Gas Used: 92737
Gas Price: 30.000000063 Gwei
Transaction Fee: 0.002782110005842431 POL
Saldo Amoy ANTES: 2.799
Saldo Amoy DEPOIS: 2.799

--- Resumo de gás (fluxo cross-chain completo) ---
┌─────────┬────────────────────────┬─────────┬───────────────┬────────────────┬────────────────────┬────────────────────────┬─────────────┬──────────────────────────────────────────────────────────────────────┐
│ (index) │          step          │ gasUsed │  gasPriceWei  │  gasPriceGwei  │ transactionFeeWei  │     transactionFee     │ nativeToken │                                txHash                                │
├─────────┼────────────────────────┼─────────┼───────────────┼────────────────┼────────────────────┼────────────────────────┼─────────────┼──────────────────────────────────────────────────────────────────────┤
│    0    │    'approve (Fuji)'    │ '46318' │     '160'     │  '0.00000016'  │     '7410880'      │ '0.00000000000741088'  │   'AVAX'    │ '0xb810d1d86481cb5c32f51927c362dc723be1b41f0fac25bf75443e1fdeba3283' │
│    1    │    'deposit (Fuji)'    │ '56848' │     '160'     │  '0.00000016'  │     '9095680'      │ '0.00000000000909568'  │   'AVAX'    │ '0x1f350ee4abd180ca54d9911b45c9f6fa8fb7783b04cbcb256c7b6aab8e18b9a1' │
│    2    │ 'executeBridge (Amoy)' │ '92737' │ '30000000063' │ '30.000000063' │ '2782110005842431' │ '0.002782110005842431' │    'POL'    │ '0x223dbb6fc694cdaa25e8b972aceb0d8b4a14b88f622b1802b168bed032d29a8d' │
└─────────┴────────────────────────┴─────────┴───────────────┴────────────────┴────────────────────┴────────────────────────┴─────────────┴──────────────────────────────────────────────────────────────────────┘

💾 [LOGGER] Dados da transação salvos em: logs/testnet_logs.json
npm warn cli npm v11.13.0 does not support Node.js v18.19.1. This version of npm supports the following node versions: `^20.17.0 || >=22.9.0`. You can find the latest version at https://nodejs.org/.

[1/3] Aprovando Token na Fuji...
Aprovação concluída! Tx: 0x6e581df1f71a9e5c445f42d4c05296911193ee95921996a700c80d8e1dc5bd70
Gas Used: 46318
Gas Price: 0.00000016 Gwei
Transaction Fee: 0.00000000000741088 AVAX

[2/3] Depositando Token no Notary da Fuji...
Depósito realizado! ID: 92
Gas Used: 56848
Gas Price: 0.00000016 Gwei
Transaction Fee: 0.00000000000909568 AVAX

[3/3] Nó executando a ponte na Amoy...
Execução concluída! Tx: 0x3604a0e770324bf2d785f5e99acd019c71e22f4661cf26748cb83a05d6fe6d8c
Gas Used: 92737
Gas Price: 79.096407395 Gwei
Transaction Fee: 0.007335163532590115 POL
Saldo Amoy ANTES: 2.799
Saldo Amoy DEPOIS: 2.8

--- Resumo de gás (fluxo cross-chain completo) ---
┌─────────┬────────────────────────┬─────────┬───────────────┬────────────────┬────────────────────┬────────────────────────┬─────────────┬──────────────────────────────────────────────────────────────────────┐
│ (index) │          step          │ gasUsed │  gasPriceWei  │  gasPriceGwei  │ transactionFeeWei  │     transactionFee     │ nativeToken │                                txHash                                │
├─────────┼────────────────────────┼─────────┼───────────────┼────────────────┼────────────────────┼────────────────────────┼─────────────┼──────────────────────────────────────────────────────────────────────┤
│    0    │    'approve (Fuji)'    │ '46318' │     '160'     │  '0.00000016'  │     '7410880'      │ '0.00000000000741088'  │   'AVAX'    │ '0x6e581df1f71a9e5c445f42d4c05296911193ee95921996a700c80d8e1dc5bd70' │
│    1    │    'deposit (Fuji)'    │ '56848' │     '160'     │  '0.00000016'  │     '9095680'      │ '0.00000000000909568'  │   'AVAX'    │ '0x06dec130cc80bc57b8890131c66f6c63c28b538d7e7514e31b66d43edc3f7c5a' │
│    2    │ 'executeBridge (Amoy)' │ '92737' │ '79096407395' │ '79.096407395' │ '7335163532590115' │ '0.007335163532590115' │    'POL'    │ '0x3604a0e770324bf2d785f5e99acd019c71e22f4661cf26748cb83a05d6fe6d8c' │
└─────────┴────────────────────────┴─────────┴───────────────┴────────────────┴────────────────────┴────────────────────────┴─────────────┴──────────────────────────────────────────────────────────────────────┘

💾 [LOGGER] Dados da transação salvos em: logs/testnet_logs.json
npm warn cli npm v11.13.0 does not support Node.js v18.19.1. This version of npm supports the following node versions: `^20.17.0 || >=22.9.0`. You can find the latest version at https://nodejs.org/.

[1/3] Aprovando Token na Fuji...
Aprovação concluída! Tx: 0xf436f9edc3caaab0c8dff5ab618800e3e4c953275b4792885ceef5c4bdc5faad
Gas Used: 46318
Gas Price: 0.00000016 Gwei
Transaction Fee: 0.00000000000741088 AVAX

[2/3] Depositando Token no Notary da Fuji...
Depósito realizado! ID: 93
Gas Used: 56848
Gas Price: 0.00000016 Gwei
Transaction Fee: 0.00000000000909568 AVAX

[3/3] Nó executando a ponte na Amoy...
Execução concluída! Tx: 0xa24ea41ca4caea87ef64d5a8b43f3265f1d0916fe46c3806c5a11d23106f9b28
Gas Used: 92737
Gas Price: 54.170348612 Gwei
Transaction Fee: 0.005023595619231044 POL
Saldo Amoy ANTES: 2.799
Saldo Amoy DEPOIS: 2.8

--- Resumo de gás (fluxo cross-chain completo) ---
┌─────────┬────────────────────────┬─────────┬───────────────┬────────────────┬────────────────────┬────────────────────────┬─────────────┬──────────────────────────────────────────────────────────────────────┐
│ (index) │          step          │ gasUsed │  gasPriceWei  │  gasPriceGwei  │ transactionFeeWei  │     transactionFee     │ nativeToken │                                txHash                                │
├─────────┼────────────────────────┼─────────┼───────────────┼────────────────┼────────────────────┼────────────────────────┼─────────────┼──────────────────────────────────────────────────────────────────────┤
│    0    │    'approve (Fuji)'    │ '46318' │     '160'     │  '0.00000016'  │     '7410880'      │ '0.00000000000741088'  │   'AVAX'    │ '0xf436f9edc3caaab0c8dff5ab618800e3e4c953275b4792885ceef5c4bdc5faad' │
│    1    │    'deposit (Fuji)'    │ '56848' │     '160'     │  '0.00000016'  │     '9095680'      │ '0.00000000000909568'  │   'AVAX'    │ '0x7f1de5165c1c52f0ab26164d17ad8ca7265f721562da0e0bde67f2acb6b9e057' │
│    2    │ 'executeBridge (Amoy)' │ '92737' │ '54170348612' │ '54.170348612' │ '5023595619231044' │ '0.005023595619231044' │    'POL'    │ '0xa24ea41ca4caea87ef64d5a8b43f3265f1d0916fe46c3806c5a11d23106f9b28' │
└─────────┴────────────────────────┴─────────┴───────────────┴────────────────┴────────────────────┴────────────────────────┴─────────────┴──────────────────────────────────────────────────────────────────────┘

💾 [LOGGER] Dados da transação salvos em: logs/testnet_logs.json
